#Date        Time         gpu     fb   bar1   ccpm 
#YYYYMMDD    HH:MM:SS     Idx     MB     MB     MB 
 20250823    23:58:19       0      0      1      0 
 20250823    23:58:19       1      0      1      0 
 20250823    23:58:19       2      0      1      0 
 20250823    23:58:19       3      0      1      0 
 20250823    23:58:24       0      0      1      0 
 20250823    23:58:24       1      0      1      0 
 20250823    23:58:24       2      0      1      0 
 20250823    23:58:24       3      0      1      0 
 20250823    23:58:29       0      0      1      0 
 20250823    23:58:29       1      0      1      0 
 20250823    23:58:29       2      0      1      0 
 20250823    23:58:29       3      0      1      0 
 20250823    23:58:34       0      4      2      0 
 20250823    23:58:34       1      4      2      0 
 20250823    23:58:34       2      4      2      0 
 20250823    23:58:34       3      4      2      0 
 20250823    23:58:39       0      4      2      0 
 20250823    23:58:39       1      4      2      0 
 20250823    23:58:39       2      4      2      0 
 20250823    23:58:39       3      4      2      0 
 20250823    23:58:44       0      4      2      0 
 20250823    23:58:44       1      4      2      0 
 20250823    23:58:44       2      4      2      0 
 20250823    23:58:44       3      4      2      0 
 20250823    23:58:49       0      4      2      0 
 20250823    23:58:49       1    425      4      0 
 20250823    23:58:49       2    425      4      0 
 20250823    23:58:49       3    425      4      0 
 20250823    23:58:54       0      4      2      0 
 20250823    23:58:54       1    425      4      0 
 20250823    23:58:54       2    425      4      0 
 20250823    23:58:54       3    425      4      0 
 20250823    23:59:00       0      4      2      0 
 20250823    23:59:00       1    425      4      0 
 20250823    23:59:00       2    425      4      0 
 20250823    23:59:00       3    425      4      0 
 20250823    23:59:05       0      4      2      0 
 20250823    23:59:05       1    425      4      0 
 20250823    23:59:05       2    425      4      0 
 20250823    23:59:05       3    425      4      0 
 20250823    23:59:10       0      4      2      0 
 20250823    23:59:10       1    425      4      0 
 20250823    23:59:10       2    425      4      0 
 20250823    23:59:10       3    425      4      0 
#Date        Time         gpu     fb   bar1   ccpm 
#YYYYMMDD    HH:MM:SS     Idx     MB     MB     MB 
 20250823    23:59:15       0      4      2      0 
 20250823    23:59:15       1    425      4      0 
 20250823    23:59:15       2    425      4      0 
 20250823    23:59:15       3    425      4      0 
 20250823    23:59:20       0      4      2      0 
 20250823    23:59:20       1    425      4      0 
 20250823    23:59:20       2    425      4      0 
 20250823    23:59:20       3    425      4      0 
 20250823    23:59:25       0      4      2      0 
 20250823    23:59:25       1    425      4      0 
 20250823    23:59:25       2    425      4      0 
 20250823    23:59:25       3    425      4      0 
 20250823    23:59:30       0      4      2      0 
 20250823    23:59:30       1    425      4      0 
 20250823    23:59:30       2    425      4      0 
 20250823    23:59:30       3    425      4      0 
 20250823    23:59:35       0      4      2      0 
 20250823    23:59:35       1    425      4      0 
 20250823    23:59:35       2    425      4      0 
 20250823    23:59:35       3    425      4      0 
 20250823    23:59:40       0      4      2      0 
 20250823    23:59:40       1    425      4      0 
 20250823    23:59:40       2    425      4      0 
 20250823    23:59:40       3    425      4      0 
 20250823    23:59:45       0      4      2      0 
 20250823    23:59:45       1    425      4      0 
 20250823    23:59:45       2    425      4      0 
 20250823    23:59:45       3    425      4      0 
 20250823    23:59:50       0      4      2      0 
 20250823    23:59:50       1    425      4      0 
 20250823    23:59:50       2    425      4      0 
 20250823    23:59:50       3    425      4      0 
 20250823    23:59:55       0      4      2      0 
 20250823    23:59:55       1    425      4      0 
 20250823    23:59:55       2    425      4      0 
 20250823    23:59:55       3    425      4      0 
 20250824    00:00:00       0      4      2      0 
 20250824    00:00:00       1    425      4      0 
 20250824    00:00:00       2    425      4      0 
 20250824    00:00:00       3    425      4      0 
 20250824    00:00:05       0      4      2      0 
 20250824    00:00:05       1    425      4      0 
 20250824    00:00:05       2    425      4      0 
 20250824    00:00:05       3    425      4      0 
#Date        Time         gpu     fb   bar1   ccpm 
#YYYYMMDD    HH:MM:SS     Idx     MB     MB     MB 
 20250824    00:00:10       0      4      2      0 
 20250824    00:00:10       1    425      4      0 
 20250824    00:00:10       2    425      4      0 
 20250824    00:00:10       3    425      4      0 
 20250824    00:00:15       0      4      2      0 
 20250824    00:00:15       1    425      4      0 
 20250824    00:00:15       2    425      4      0 
 20250824    00:00:15       3    425      4      0 
 20250824    00:00:20       0      4      2      0 
 20250824    00:00:20       1    425      4      0 
 20250824    00:00:20       2    425      4      0 
 20250824    00:00:20       3    425      4      0 
 20250824    00:00:25       0      4      2      0 
 20250824    00:00:25       1    425      4      0 
 20250824    00:00:25       2    425      4      0 
 20250824    00:00:25       3    425      4      0 
 20250824    00:00:30       0      4      2      0 
 20250824    00:00:30       1    425      4      0 
 20250824    00:00:30       2    425      4      0 
 20250824    00:00:30       3    425      4      0 
 20250824    00:00:35       0      4      2      0 
 20250824    00:00:35       1    425      4      0 
 20250824    00:00:35       2    425      4      0 
 20250824    00:00:35       3    425      4      0 
 20250824    00:00:40       0      4      2      0 
 20250824    00:00:40       1    425      4      0 
 20250824    00:00:40       2    425      4      0 
 20250824    00:00:40       3    425      4      0 
 20250824    00:00:45       0      4      2      0 
 20250824    00:00:45       1    425      4      0 
 20250824    00:00:45       2    425      4      0 
 20250824    00:00:45       3    425      4      0 
 20250824    00:00:50       0      4      2      0 
 20250824    00:00:50       1    425      4      0 
 20250824    00:00:50       2    425      4      0 
 20250824    00:00:50       3    425      4      0 
 20250824    00:00:55       0      4      2      0 
 20250824    00:00:55       1    425      4      0 
 20250824    00:00:55       2    425      4      0 
 20250824    00:00:55       3    425      4      0 
 20250824    00:01:00       0      4      2      0 
 20250824    00:01:00       1    425      4      0 
 20250824    00:01:00       2    425      4      0 
 20250824    00:01:00       3    425      4      0 
#Date        Time         gpu     fb   bar1   ccpm 
#YYYYMMDD    HH:MM:SS     Idx     MB     MB     MB 
 20250824    00:01:05       0      4      2      0 
 20250824    00:01:05       1    425      4      0 
 20250824    00:01:05       2    425      4      0 
 20250824    00:01:05       3    425      4      0 
 20250824    00:01:10       0      4      2      0 
 20250824    00:01:10       1    425      4      0 
 20250824    00:01:10       2    425      4      0 
 20250824    00:01:10       3    425      4      0 
 20250824    00:01:15       0      4      2      0 
 20250824    00:01:15       1    425      4      0 
 20250824    00:01:15       2    425      4      0 
 20250824    00:01:15       3    425      4      0 
 20250824    00:01:20       0      4      2      0 
 20250824    00:01:20       1    425      4      0 
 20250824    00:01:20       2    425      4      0 
 20250824    00:01:20       3    425      4      0 
 20250824    00:01:25       0      4      2      0 
 20250824    00:01:25       1    425      4      0 
 20250824    00:01:25       2    425      4      0 
 20250824    00:01:25       3    425      4      0 
 20250824    00:01:30       0      4      2      0 
 20250824    00:01:30       1    425      4      0 
 20250824    00:01:30       2    425      4      0 
 20250824    00:01:30       3    425      4      0 
 20250824    00:01:35       0      4      2      0 
 20250824    00:01:35       1    425      4      0 
 20250824    00:01:35       2    425      4      0 
 20250824    00:01:35       3    425      4      0 
 20250824    00:01:40       0      4      2      0 
 20250824    00:01:40       1    425      4      0 
 20250824    00:01:40       2    425      4      0 
 20250824    00:01:40       3    425      4      0 
 20250824    00:01:45       0      4      2      0 
 20250824    00:01:45       1    425      4      0 
 20250824    00:01:45       2    425      4      0 
 20250824    00:01:45       3    425      4      0 
 20250824    00:01:50       0      4      2      0 
 20250824    00:01:50       1    425      4      0 
 20250824    00:01:50       2    425      4      0 
 20250824    00:01:50       3    425      4      0 
 20250824    00:01:55       0      4      2      0 
 20250824    00:01:55       1    425      4      0 
 20250824    00:01:55       2    425      4      0 
 20250824    00:01:55       3    425      4      0 
#Date        Time         gpu     fb   bar1   ccpm 
#YYYYMMDD    HH:MM:SS     Idx     MB     MB     MB 
 20250824    00:02:00       0      4      2      0 
 20250824    00:02:00       1    425      4      0 
 20250824    00:02:00       2    425      4      0 
 20250824    00:02:00       3    425      4      0 
 20250824    00:02:05       0      4      2      0 
 20250824    00:02:05       1    425      4      0 
 20250824    00:02:05       2    425      4      0 
 20250824    00:02:05       3    425      4      0 
 20250824    00:02:10       0      4      2      0 
 20250824    00:02:10       1    425      4      0 
 20250824    00:02:10       2    425      4      0 
 20250824    00:02:10       3    425      4      0 
 20250824    00:02:15       0      4      2      0 
 20250824    00:02:15       1    425      4      0 
 20250824    00:02:15       2    425      4      0 
 20250824    00:02:15       3    425      4      0 
 20250824    00:02:20       0      4      2      0 
 20250824    00:02:20       1    425      4      0 
 20250824    00:02:20       2    425      4      0 
 20250824    00:02:20       3    425      4      0 
 20250824    00:02:25       0      4      2      0 
 20250824    00:02:25       1    425      4      0 
 20250824    00:02:25       2    425      4      0 
 20250824    00:02:25       3    425      4      0 
 20250824    00:02:30       0      4      2      0 
 20250824    00:02:30       1    425      4      0 
 20250824    00:02:30       2    425      4      0 
 20250824    00:02:30       3    425      4      0 
 20250824    00:02:35       0      4      2      0 
 20250824    00:02:35       1    425      4      0 
 20250824    00:02:35       2    425      4      0 
 20250824    00:02:35       3    425      4      0 
 20250824    00:02:40       0      4      2      0 
 20250824    00:02:40       1    425      4      0 
 20250824    00:02:40       2    425      4      0 
 20250824    00:02:40       3    425      4      0 
 20250824    00:02:45       0      4      2      0 
 20250824    00:02:45       1    425      4      0 
 20250824    00:02:45       2    425      4      0 
 20250824    00:02:45       3    425      4      0 
 20250824    00:02:50       0      4      2      0 
 20250824    00:02:50       1    425      4      0 
 20250824    00:02:50       2    425      4      0 
 20250824    00:02:50       3    425      4      0 
#Date        Time         gpu     fb   bar1   ccpm 
#YYYYMMDD    HH:MM:SS     Idx     MB     MB     MB 
 20250824    00:02:55       0      4      2      0 
 20250824    00:02:55       1    425      4      0 
 20250824    00:02:55       2    425      4      0 
 20250824    00:02:55       3    425      4      0 
 20250824    00:03:00       0      4      2      0 
 20250824    00:03:00       1    425      4      0 
 20250824    00:03:00       2    425      4      0 
 20250824    00:03:00       3    425      4      0 
 20250824    00:03:05       0      4      2      0 
 20250824    00:03:05       1    425      4      0 
 20250824    00:03:05       2    425      4      0 
 20250824    00:03:05       3    425      4      0 
 20250824    00:03:10       0      4      2      0 
 20250824    00:03:10       1    425      4      0 
 20250824    00:03:10       2    425      4      0 
 20250824    00:03:10       3    425      4      0 
 20250824    00:03:15       0      4      2      0 
 20250824    00:03:15       1    425      4      0 
 20250824    00:03:15       2    425      4      0 
 20250824    00:03:15       3    425      4      0 
 20250824    00:03:20       0      4      2      0 
 20250824    00:03:20       1    425      4      0 
 20250824    00:03:20       2    425      4      0 
 20250824    00:03:20       3    425      4      0 
 20250824    00:03:25       0      4      2      0 
 20250824    00:03:25       1    425      4      0 
 20250824    00:03:25       2    425      4      0 
 20250824    00:03:25       3    425      4      0 
 20250824    00:03:30       0      4      2      0 
 20250824    00:03:30       1    425      4      0 
 20250824    00:03:30       2    425      4      0 
 20250824    00:03:30       3    425      4      0 
 20250824    00:03:35       0      4      2      0 
 20250824    00:03:35       1    425      4      0 
 20250824    00:03:35       2    425      4      0 
 20250824    00:03:35       3    425      4      0 
 20250824    00:03:40       0      4      2      0 
 20250824    00:03:40       1    425      4      0 
 20250824    00:03:40       2    425      4      0 
 20250824    00:03:40       3    425      4      0 
 20250824    00:03:45       0      4      2      0 
 20250824    00:03:45       1    425      4      0 
 20250824    00:03:45       2    425      4      0 
 20250824    00:03:45       3    425      4      0 
#Date        Time         gpu     fb   bar1   ccpm 
#YYYYMMDD    HH:MM:SS     Idx     MB     MB     MB 
 20250824    00:03:50       0      4      2      0 
 20250824    00:03:50       1    425      4      0 
 20250824    00:03:50       2    425      4      0 
 20250824    00:03:50       3    425      4      0 
 20250824    00:03:55       0      4      2      0 
 20250824    00:03:55       1    425      4      0 
 20250824    00:03:55       2    425      4      0 
 20250824    00:03:55       3    425      4      0 
 20250824    00:04:00       0      4      2      0 
 20250824    00:04:00       1    425      4      0 
 20250824    00:04:00       2    425      4      0 
 20250824    00:04:00       3    425      4      0 
 20250824    00:04:05       0      4      2      0 
 20250824    00:04:05       1    425      4      0 
 20250824    00:04:05       2    425      4      0 
 20250824    00:04:05       3    425      4      0 
 20250824    00:04:10       0      4      2      0 
 20250824    00:04:10       1    425      4      0 
 20250824    00:04:10       2    425      4      0 
 20250824    00:04:10       3    425      4      0 
 20250824    00:04:15       0      4      2      0 
 20250824    00:04:15       1    425      4      0 
 20250824    00:04:15       2    425      4      0 
 20250824    00:04:15       3    425      4      0 
 20250824    00:04:20       0      4      2      0 
 20250824    00:04:20       1    425      4      0 
 20250824    00:04:20       2    425      4      0 
 20250824    00:04:20       3    425      4      0 
 20250824    00:04:25       0      4      2      0 
 20250824    00:04:25       1    425      4      0 
 20250824    00:04:25       2    425      4      0 
 20250824    00:04:25       3    425      4      0 
 20250824    00:04:30       0      4      2      0 
 20250824    00:04:30       1    425      4      0 
 20250824    00:04:30       2    425      4      0 
 20250824    00:04:30       3    425      4      0 
 20250824    00:04:35       0      4      2      0 
 20250824    00:04:35       1    425      4      0 
 20250824    00:04:35       2    425      4      0 
 20250824    00:04:35       3    425      4      0 
 20250824    00:04:40       0      4      2      0 
 20250824    00:04:40       1    425      4      0 
 20250824    00:04:40       2    425      4      0 
 20250824    00:04:40       3    425      4      0 
#Date        Time         gpu     fb   bar1   ccpm 
#YYYYMMDD    HH:MM:SS     Idx     MB     MB     MB 
 20250824    00:04:45       0      4      2      0 
 20250824    00:04:45       1    425      4      0 
 20250824    00:04:45       2    425      4      0 
 20250824    00:04:45       3    425      4      0 
 20250824    00:04:50       0      4      2      0 
 20250824    00:04:50       1    425      4      0 
 20250824    00:04:50       2    425      4      0 
 20250824    00:04:50       3    425      4      0 
 20250824    00:04:55       0      4      2      0 
 20250824    00:04:55       1    425      4      0 
 20250824    00:04:55       2    425      4      0 
 20250824    00:04:55       3    425      4      0 
 20250824    00:05:00       0      4      2      0 
 20250824    00:05:00       1    425      4      0 
 20250824    00:05:00       2    425      4      0 
 20250824    00:05:00       3    425      4      0 
 20250824    00:05:05       0      4      2      0 
 20250824    00:05:05       1    425      4      0 
 20250824    00:05:05       2    425      4      0 
 20250824    00:05:05       3    425      4      0 
 20250824    00:05:10       0      4      2      0 
 20250824    00:05:10       1    425      4      0 
 20250824    00:05:10       2    425      4      0 
 20250824    00:05:10       3    425      4      0 
 20250824    00:05:15       0      4      2      0 
 20250824    00:05:15       1    425      4      0 
 20250824    00:05:15       2    425      4      0 
 20250824    00:05:15       3    425      4      0 
 20250824    00:05:20       0      4      2      0 
 20250824    00:05:20       1    425      4      0 
 20250824    00:05:20       2    425      4      0 
 20250824    00:05:20       3    425      4      0 
 20250824    00:05:25       0      4      2      0 
 20250824    00:05:25       1    425      4      0 
 20250824    00:05:25       2    425      4      0 
 20250824    00:05:25       3    425      4      0 
 20250824    00:05:30       0      4      2      0 
 20250824    00:05:30       1    425      4      0 
 20250824    00:05:30       2    425      4      0 
 20250824    00:05:30       3    425      4      0 
 20250824    00:05:35       0      4      2      0 
 20250824    00:05:35       1    425      4      0 
 20250824    00:05:35       2    425      4      0 
 20250824    00:05:35       3    425      4      0 
#Date        Time         gpu     fb   bar1   ccpm 
#YYYYMMDD    HH:MM:SS     Idx     MB     MB     MB 
 20250824    00:05:40       0      4      2      0 
 20250824    00:05:40       1    425      4      0 
 20250824    00:05:40       2    425      4      0 
 20250824    00:05:40       3    425      4      0 
 20250824    00:05:45       0      4      2      0 
 20250824    00:05:45       1    425      4      0 
 20250824    00:05:45       2    425      4      0 
 20250824    00:05:45       3    425      4      0 
 20250824    00:05:50       0      4      2      0 
 20250824    00:05:50       1    425      4      0 
 20250824    00:05:50       2    425      4      0 
 20250824    00:05:50       3    425      4      0 
 20250824    00:05:55       0      4      2      0 
 20250824    00:05:55       1    425      4      0 
 20250824    00:05:55       2    425      4      0 
 20250824    00:05:55       3    425      4      0 
 20250824    00:06:00       0      4      2      0 
 20250824    00:06:00       1    425      4      0 
 20250824    00:06:00       2    425      4      0 
 20250824    00:06:00       3    425      4      0 
 20250824    00:06:05       0      4      2      0 
 20250824    00:06:05       1    425      4      0 
 20250824    00:06:05       2    425      4      0 
 20250824    00:06:05       3    425      4      0 
 20250824    00:06:10       0    553      4      0 
 20250824    00:06:10       1    425      4      0 
 20250824    00:06:10       2    425      4      0 
 20250824    00:06:10       3    425      4      0 
 20250824    00:06:15       0    553      4      0 
 20250824    00:06:15       1    425      4      0 
 20250824    00:06:15       2    425      4      0 
 20250824    00:06:15       3    425      4      0 
 20250824    00:06:20       0    553      4      0 
 20250824    00:06:20       1    425      4      0 
 20250824    00:06:20       2    425      4      0 
 20250824    00:06:20       3    553      4      0 
 20250824    00:06:25       0    553      4      0 
 20250824    00:06:25       1    425      4      0 
 20250824    00:06:25       2    425      4      0 
 20250824    00:06:25       3    553      4      0 
 20250824    00:06:30       0    553      4      0 
 20250824    00:06:30       1    425      4      0 
 20250824    00:06:30       2    425      4      0 
 20250824    00:06:30       3    553      4      0 
#Date        Time         gpu     fb   bar1   ccpm 
#YYYYMMDD    HH:MM:SS     Idx     MB     MB     MB 
 20250824    00:06:35       0    553      4      0 
 20250824    00:06:35       1    553      4      0 
 20250824    00:06:35       2    425      4      0 
 20250824    00:06:35       3    553      4      0 
 20250824    00:06:40       0   1637      4      0 
 20250824    00:06:40       1   1709      4      0 
 20250824    00:06:40       2   1709      4      0 
 20250824    00:06:40       3   1637      4      0 
 20250824    00:06:45       0   1637      4      0 
 20250824    00:06:45       1   1709      4      0 
 20250824    00:06:45       2   1709      4      0 
 20250824    00:06:45       3   1637      4      0 
 20250824    00:06:50       0   1637      4      0 
 20250824    00:06:50       1   1709      4      0 
 20250824    00:06:50       2   1709      4      0 
 20250824    00:06:50       3   1637      4      0 
 20250824    00:06:55       0   1637      4      0 
 20250824    00:06:55       1   1709      4      0 
 20250824    00:06:55       2   1709      4      0 
 20250824    00:06:55       3   1637      4      0 
 20250824    00:07:00       0   1637      4      0 
 20250824    00:07:00       1   1709      4      0 
 20250824    00:07:00       2   1711      4      0 
 20250824    00:07:00       3   1637      4      0 
 20250824    00:07:05       0   1641      4      0 
 20250824    00:07:05       1  18165      4      0 
 20250824    00:07:05       2   1719      4      0 
 20250824    00:07:05       3   1637      4      0 
 20250824    00:07:10       0   1745      4      0 
 20250824    00:07:10       1  18171      4      0 
 20250824    00:07:10       2  18175      4      0 
 20250824    00:07:10       3  18089      4      0 
 20250824    00:07:15       0  18101      4      0 
 20250824    00:07:15       1  18171      4      0 
 20250824    00:07:15       2  18175      4      0 
 20250824    00:07:15       3  18101      4      0 
 20250824    00:07:20       0  18101      4      0 
 20250824    00:07:20       1  18171      4      0 
 20250824    00:07:20       2  18175      4      0 
 20250824    00:07:20       3  18101      4      0 
 20250824    00:07:25       0  18101      4      0 
 20250824    00:07:25       1  18171      4      0 
 20250824    00:07:25       2  18175      4      0 
 20250824    00:07:25       3  18101      4      0 
#Date        Time         gpu     fb   bar1   ccpm 
#YYYYMMDD    HH:MM:SS     Idx     MB     MB     MB 
 20250824    00:07:30       0  18101      4      0 
 20250824    00:07:30       1  18171      4      0 
 20250824    00:07:30       2  18175      4      0 
 20250824    00:07:30       3  18101      4      0 
 20250824    00:07:35       0  18101      4      0 
 20250824    00:07:35       1  18171      4      0 
 20250824    00:07:35       2  18175      4      0 
 20250824    00:07:35       3  18101      4      0 
 20250824    00:07:40       0  18101      4      0 
 20250824    00:07:40       1  18171      4      0 
 20250824    00:07:40       2  18175      4      0 
 20250824    00:07:40       3  18101      4      0 
 20250824    00:07:45       0  18101      4      0 
 20250824    00:07:45       1  18171      4      0 
 20250824    00:07:45       2  18175      4      0 
 20250824    00:07:45       3  18101      4      0 
 20250824    00:07:50       0  18101      4      0 
 20250824    00:07:50       1  18171      4      0 
 20250824    00:07:50       2  18175      4      0 
 20250824    00:07:50       3  18101      4      0 
 20250824    00:07:55       0  18101      4      0 
 20250824    00:07:55       1  18171      4      0 
 20250824    00:07:55       2  18175      4      0 
 20250824    00:07:55       3  18101      4      0 
 20250824    00:08:00       0  18101      4      0 
 20250824    00:08:00       1  18171      4      0 
 20250824    00:08:00       2  18175      4      0 
 20250824    00:08:00       3  18101      4      0 
 20250824    00:08:05       0  18101      4      0 
 20250824    00:08:05       1  18171      4      0 
 20250824    00:08:05       2  18175      4      0 
 20250824    00:08:05       3  18101      4      0 
 20250824    00:08:10       0  18103      4      0 
 20250824    00:08:10       1  18171      4      0 
 20250824    00:08:10       2  18175      4      0 
 20250824    00:08:10       3  18101      4      0 
 20250824    00:08:15       0  18103      4      0 
 20250824    00:08:15       1  18171      4      0 
 20250824    00:08:15       2  18175      4      0 
 20250824    00:08:15       3  18101      4      0 
 20250824    00:08:20       0  18103      4      0 
 20250824    00:08:20       1  18171      4      0 
 20250824    00:08:20       2  18175      4      0 
 20250824    00:08:20       3  18101      4      0 
#Date        Time         gpu     fb   bar1   ccpm 
#YYYYMMDD    HH:MM:SS     Idx     MB     MB     MB 
 20250824    00:08:25       0  18103      4      0 
 20250824    00:08:25       1  18171      4      0 
 20250824    00:08:25       2  18175      4      0 
 20250824    00:08:25       3  18101      4      0 
 20250824    00:08:30       0  18103      4      0 
 20250824    00:08:30       1  18171      4      0 
 20250824    00:08:30       2  18175      4      0 
 20250824    00:08:30       3  18101      4      0 
 20250824    00:08:35       0  18103      4      0 
 20250824    00:08:35       1  18171      4      0 
 20250824    00:08:35       2  18175      4      0 
 20250824    00:08:35       3  18101      4      0 
 20250824    00:08:40       0  18103      4      0 
 20250824    00:08:40       1  18171      4      0 
 20250824    00:08:40       2  18175      4      0 
 20250824    00:08:40       3  18101      4      0 
 20250824    00:08:45       0  18103      4      0 
 20250824    00:08:45       1  18171      4      0 
 20250824    00:08:45       2  18175      4      0 
 20250824    00:08:45       3  18101      4      0 
 20250824    00:08:50       0  18103      4      0 
 20250824    00:08:50       1  18171      4      0 
 20250824    00:08:50       2  18175      4      0 
 20250824    00:08:50       3  18101      4      0 
 20250824    00:08:55       0  18103      4      0 
 20250824    00:08:55       1  18171      4      0 
 20250824    00:08:55       2  18175      4      0 
 20250824    00:08:55       3  18101      4      0 
 20250824    00:09:00       0  18103      4      0 
 20250824    00:09:00       1  18171      4      0 
 20250824    00:09:00       2  18175      4      0 
 20250824    00:09:00       3  18101      4      0 
 20250824    00:09:05       0  18103      4      0 
 20250824    00:09:05       1  18171      4      0 
 20250824    00:09:05       2  18175      4      0 
 20250824    00:09:05       3  18101      4      0 
 20250824    00:09:10       0  18103      4      0 
 20250824    00:09:10       1  18171      4      0 
 20250824    00:09:10       2  18175      4      0 
 20250824    00:09:10       3  18101      4      0 
 20250824    00:09:15       0  18103      4      0 
 20250824    00:09:15       1  18171      4      0 
 20250824    00:09:15       2  18175      4      0 
 20250824    00:09:15       3  18101      4      0 
#Date        Time         gpu     fb   bar1   ccpm 
#YYYYMMDD    HH:MM:SS     Idx     MB     MB     MB 
 20250824    00:09:20       0  18103      4      0 
 20250824    00:09:20       1  18171      4      0 
 20250824    00:09:20       2  18175      4      0 
 20250824    00:09:20       3  18101      4      0 
 20250824    00:09:25       0  18103      4      0 
 20250824    00:09:25       1  18171      4      0 
 20250824    00:09:25       2  18175      4      0 
 20250824    00:09:25       3  18101      4      0 
 20250824    00:09:30       0  18103      4      0 
 20250824    00:09:30       1  18171      4      0 
 20250824    00:09:30       2  18175      4      0 
 20250824    00:09:30       3  18101      4      0 
 20250824    00:09:35       0  18103      4      0 
 20250824    00:09:35       1  18171      4      0 
 20250824    00:09:35       2  18175      4      0 
 20250824    00:09:35       3  18101      4      0 
 20250824    00:09:40       0  18103      4      0 
 20250824    00:09:40       1  18171      4      0 
 20250824    00:09:40       2  18175      4      0 
 20250824    00:09:40       3  18101      4      0 
 20250824    00:09:45       0  18103      4      0 
 20250824    00:09:45       1  18171      4      0 
 20250824    00:09:45       2  18175      4      0 
 20250824    00:09:45       3  18101      4      0 
 20250824    00:09:50       0  18103      4      0 
 20250824    00:09:50       1  18171      4      0 
 20250824    00:09:50       2  18175      4      0 
 20250824    00:09:50       3  18101      4      0 
 20250824    00:09:55       0  18103      4      0 
 20250824    00:09:55       1  18171      4      0 
 20250824    00:09:55       2  18175      4      0 
 20250824    00:09:55       3  18101      4      0 
 20250824    00:10:00       0  18103      4      0 
 20250824    00:10:00       1  18171      4      0 
 20250824    00:10:00       2  18175      4      0 
 20250824    00:10:00       3  18101      4      0 
 20250824    00:10:05       0  18103      4      0 
 20250824    00:10:05       1  18171      4      0 
 20250824    00:10:05       2  18175      4      0 
 20250824    00:10:05       3  18101      4      0 
 20250824    00:10:10       0  18103      4      0 
 20250824    00:10:10       1  18171      4      0 
 20250824    00:10:10       2  18175      4      0 
 20250824    00:10:10       3  18101      4      0 
#Date        Time         gpu     fb   bar1   ccpm 
#YYYYMMDD    HH:MM:SS     Idx     MB     MB     MB 
 20250824    00:10:15       0  18103      4      0 
 20250824    00:10:15       1  18171      4      0 
 20250824    00:10:15       2  18175      4      0 
 20250824    00:10:15       3  18101      4      0 
 20250824    00:10:20       0  18103      4      0 
 20250824    00:10:20       1  18171      4      0 
 20250824    00:10:20       2  18175      4      0 
 20250824    00:10:20       3  18101      4      0 
 20250824    00:10:25       0  18103      4      0 
 20250824    00:10:25       1  18171      4      0 
 20250824    00:10:25       2  18175      4      0 
 20250824    00:10:25       3  18101      4      0 
 20250824    00:10:30       0  18103      4      0 
 20250824    00:10:30       1  18173      4      0 
 20250824    00:10:30       2  18175      4      0 
 20250824    00:10:30       3  18101      4      0 
 20250824    00:10:35       0  18103      4      0 
 20250824    00:10:35       1  18173      4      0 
 20250824    00:10:35       2  18175      4      0 
 20250824    00:10:35       3  18101      4      0 
 20250824    00:10:40       0  18103      4      0 
 20250824    00:10:40       1  18173      4      0 
 20250824    00:10:40       2  18175      4      0 
 20250824    00:10:40       3  18101      4      0 
 20250824    00:10:45       0  18103      4      0 
 20250824    00:10:45       1  18173      4      0 
 20250824    00:10:45       2  18175      4      0 
 20250824    00:10:45       3  18101      4      0 
 20250824    00:10:50       0  18103      4      0 
 20250824    00:10:50       1  18173      4      0 
 20250824    00:10:50       2  18175      4      0 
 20250824    00:10:50       3  18101      4      0 
 20250824    00:10:55       0  18103      4      0 
 20250824    00:10:55       1  18173      4      0 
 20250824    00:10:55       2  18175      4      0 
 20250824    00:10:55       3  18101      4      0 
 20250824    00:11:00       0  18103      4      0 
 20250824    00:11:00       1  18173      4      0 
 20250824    00:11:00       2  18175      4      0 
 20250824    00:11:00       3  18101      4      0 
 20250824    00:11:05       0  18103      4      0 
 20250824    00:11:05       1  18173      4      0 
 20250824    00:11:05       2  18175      4      0 
 20250824    00:11:05       3  18101      4      0 
#Date        Time         gpu     fb   bar1   ccpm 
#YYYYMMDD    HH:MM:SS     Idx     MB     MB     MB 
 20250824    00:11:10       0  18103      4      0 
 20250824    00:11:10       1  18173      4      0 
 20250824    00:11:10       2  18175      4      0 
 20250824    00:11:10       3  18101      4      0 
 20250824    00:11:15       0  18103      4      0 
 20250824    00:11:15       1  18173      4      0 
 20250824    00:11:15       2  18175      4      0 
 20250824    00:11:15       3  18101      4      0 
 20250824    00:11:20       0  18103      4      0 
 20250824    00:11:20       1  18173      4      0 
 20250824    00:11:20       2  18175      4      0 
 20250824    00:11:20       3  18101      4      0 
 20250824    00:11:25       0  18103      4      0 
 20250824    00:11:25       1  18173      4      0 
 20250824    00:11:25       2  18175      4      0 
 20250824    00:11:25       3  18101      4      0 
 20250824    00:11:30       0  18103      4      0 
 20250824    00:11:30       1  18173      4      0 
 20250824    00:11:30       2  18175      4      0 
 20250824    00:11:30       3  18101      4      0 
 20250824    00:11:35       0  18103      4      0 
 20250824    00:11:35       1  18173      4      0 
 20250824    00:11:35       2  18175      4      0 
 20250824    00:11:35       3  18101      4      0 
 20250824    00:11:40       0  18103      4      0 
 20250824    00:11:40       1  18173      4      0 
 20250824    00:11:40       2  18175      4      0 
 20250824    00:11:40       3  18101      4      0 
 20250824    00:11:45       0  18103      4      0 
 20250824    00:11:45       1  18173      4      0 
 20250824    00:11:45       2  18175      4      0 
 20250824    00:11:45       3  18101      4      0 
 20250824    00:11:50       0  18103      4      0 
 20250824    00:11:50       1  18173      4      0 
 20250824    00:11:50       2  18175      4      0 
 20250824    00:11:50       3  18101      4      0 
 20250824    00:11:55       0  18103      4      0 
 20250824    00:11:55       1  18173      4      0 
 20250824    00:11:55       2  18175      4      0 
 20250824    00:11:55       3  18101      4      0 
 20250824    00:12:00       0  18103      4      0 
 20250824    00:12:00       1  18173      4      0 
 20250824    00:12:00       2  18175      4      0 
 20250824    00:12:00       3  18101      4      0 
#Date        Time         gpu     fb   bar1   ccpm 
#YYYYMMDD    HH:MM:SS     Idx     MB     MB     MB 
 20250824    00:12:05       0  18103      4      0 
 20250824    00:12:05       1  18173      4      0 
 20250824    00:12:05       2  18175      4      0 
 20250824    00:12:05       3  18101      4      0 
 20250824    00:12:10       0  18103      4      0 
 20250824    00:12:10       1  18173      4      0 
 20250824    00:12:10       2  18175      4      0 
 20250824    00:12:10       3  18101      4      0 
 20250824    00:12:15       0  18103      4      0 
 20250824    00:12:15       1  18173      4      0 
 20250824    00:12:15       2  18175      4      0 
 20250824    00:12:15       3  18101      4      0 
 20250824    00:12:20       0  18103      4      0 
 20250824    00:12:20       1  18173      4      0 
 20250824    00:12:20       2  18175      4      0 
 20250824    00:12:20       3  18101      4      0 
 20250824    00:12:25       0  18103      4      0 
 20250824    00:12:25       1  18173      4      0 
 20250824    00:12:25       2  18175      4      0 
 20250824    00:12:25       3  18101      4      0 
 20250824    00:12:30       0  18103      4      0 
 20250824    00:12:30       1  18173      4      0 
 20250824    00:12:30       2  18175      4      0 
 20250824    00:12:30       3  18101      4      0 
 20250824    00:12:35       0  18103      4      0 
 20250824    00:12:35       1  18173      4      0 
 20250824    00:12:35       2  18175      4      0 
 20250824    00:12:35       3  18101      4      0 
 20250824    00:12:40       0  18103      4      0 
 20250824    00:12:40       1  18173      4      0 
 20250824    00:12:40       2  18175      4      0 
 20250824    00:12:40       3  18101      4      0 
 20250824    00:12:45       0  18103      4      0 
 20250824    00:12:45       1  18173      4      0 
 20250824    00:12:45       2  18175      4      0 
 20250824    00:12:45       3  18101      4      0 
 20250824    00:12:50       0  18103      4      0 
 20250824    00:12:50       1  18173      4      0 
 20250824    00:12:50       2  18175      4      0 
 20250824    00:12:50       3  18101      4      0 
 20250824    00:12:55       0  18103      4      0 
 20250824    00:12:55       1  18173      4      0 
 20250824    00:12:55       2  18175      4      0 
 20250824    00:12:55       3  18101      4      0 
#Date        Time         gpu     fb   bar1   ccpm 
#YYYYMMDD    HH:MM:SS     Idx     MB     MB     MB 
 20250824    00:13:00       0  18103      4      0 
 20250824    00:13:00       1  18173      4      0 
 20250824    00:13:00       2  18175      4      0 
 20250824    00:13:00       3  18101      4      0 
 20250824    00:13:05       0  18103      4      0 
 20250824    00:13:05       1  18173      4      0 
 20250824    00:13:05       2  18175      4      0 
 20250824    00:13:05       3  18101      4      0 
 20250824    00:13:10       0  18103      4      0 
 20250824    00:13:10       1  18173      4      0 
 20250824    00:13:10       2  18175      4      0 
 20250824    00:13:10       3  18101      4      0 
 20250824    00:13:15       0  18103      4      0 
 20250824    00:13:15       1  18173      4      0 
 20250824    00:13:15       2  18175      4      0 
 20250824    00:13:15       3  18101      4      0 
 20250824    00:13:20       0  18103      4      0 
 20250824    00:13:20       1  18173      4      0 
 20250824    00:13:20       2  18175      4      0 
 20250824    00:13:20       3  18101      4      0 
 20250824    00:13:26       0  18103      4      0 
 20250824    00:13:26       1  18173      4      0 
 20250824    00:13:26       2  18175      4      0 
 20250824    00:13:26       3  18101      4      0 
 20250824    00:13:31       0  18103      4      0 
 20250824    00:13:31       1  18173      4      0 
 20250824    00:13:31       2  18175      4      0 
 20250824    00:13:31       3  18101      4      0 
 20250824    00:13:36       0  18103      4      0 
 20250824    00:13:36       1  18173      4      0 
 20250824    00:13:36       2  18175      4      0 
 20250824    00:13:36       3  18101      4      0 
 20250824    00:13:41       0  18103      4      0 
 20250824    00:13:41       1  18173      4      0 
 20250824    00:13:41       2  18175      4      0 
 20250824    00:13:41       3  18101      4      0 
 20250824    00:13:46       0  18103      4      0 
 20250824    00:13:46       1  18173      4      0 
 20250824    00:13:46       2  18175      4      0 
 20250824    00:13:46       3  18101      4      0 
 20250824    00:13:51       0  18103      4      0 
 20250824    00:13:51       1  18173      4      0 
 20250824    00:13:51       2  18175      4      0 
 20250824    00:13:51       3  18101      4      0 
#Date        Time         gpu     fb   bar1   ccpm 
#YYYYMMDD    HH:MM:SS     Idx     MB     MB     MB 
 20250824    00:13:56       0  18103      4      0 
 20250824    00:13:56       1  18173      4      0 
 20250824    00:13:56       2  18175      4      0 
 20250824    00:13:56       3  18101      4      0 
 20250824    00:14:01       0  18103      4      0 
 20250824    00:14:01       1  18173      4      0 
 20250824    00:14:01       2  18175      4      0 
 20250824    00:14:01       3  18101      4      0 
 20250824    00:14:06       0  18103      4      0 
 20250824    00:14:06       1  18173      4      0 
 20250824    00:14:06       2  18175      4      0 
 20250824    00:14:06       3  18101      4      0 
 20250824    00:14:11       0  18103      4      0 
 20250824    00:14:11       1  18173      4      0 
 20250824    00:14:11       2  18175      4      0 
 20250824    00:14:11       3  18101      4      0 
 20250824    00:14:16       0  18103      4      0 
 20250824    00:14:16       1  18173      4      0 
 20250824    00:14:16       2  18175      4      0 
 20250824    00:14:16       3  18101      4      0 
 20250824    00:14:21       0  18103      4      0 
 20250824    00:14:21       1  18173      4      0 
 20250824    00:14:21       2  18175      4      0 
 20250824    00:14:21       3  18101      4      0 
 20250824    00:14:26       0  18103      4      0 
 20250824    00:14:26       1  18173      4      0 
 20250824    00:14:26       2  18175      4      0 
 20250824    00:14:26       3  18101      4      0 
 20250824    00:14:31       0  18103      4      0 
 20250824    00:14:31       1  18173      4      0 
 20250824    00:14:31       2  18175      4      0 
 20250824    00:14:31       3  18101      4      0 
 20250824    00:14:36       0  18103      4      0 
 20250824    00:14:36       1  18173      4      0 
 20250824    00:14:36       2  18175      4      0 
 20250824    00:14:36       3  18101      4      0 
 20250824    00:14:41       0  18103      4      0 
 20250824    00:14:41       1  18173      4      0 
 20250824    00:14:41       2  18175      4      0 
 20250824    00:14:41       3  18101      4      0 
 20250824    00:14:46       0  18103      4      0 
 20250824    00:14:46       1  18173      4      0 
 20250824    00:14:46       2  18175      4      0 
 20250824    00:14:46       3  18101      4      0 
#Date        Time         gpu     fb   bar1   ccpm 
#YYYYMMDD    HH:MM:SS     Idx     MB     MB     MB 
 20250824    00:14:51       0  18103      4      0 
 20250824    00:14:51       1  18173      4      0 
 20250824    00:14:51       2  18175      4      0 
 20250824    00:14:51       3  18101      4      0 
 20250824    00:14:56       0  18103      4      0 
 20250824    00:14:56       1  18173      4      0 
 20250824    00:14:56       2  18175      4      0 
 20250824    00:14:56       3  18101      4      0 
 20250824    00:15:01       0  18103      4      0 
 20250824    00:15:01       1  18173      4      0 
 20250824    00:15:01       2  18175      4      0 
 20250824    00:15:01       3  18101      4      0 
 20250824    00:15:06       0  18103      4      0 
 20250824    00:15:06       1  18173      4      0 
 20250824    00:15:06       2  18175      4      0 
 20250824    00:15:06       3  18101      4      0 
 20250824    00:15:11       0  18103      4      0 
 20250824    00:15:11       1  18173      4      0 
 20250824    00:15:11       2  18175      4      0 
 20250824    00:15:11       3  18101      4      0 
 20250824    00:15:16       0  18103      4      0 
 20250824    00:15:16       1  18173      4      0 
 20250824    00:15:16       2  18175      4      0 
 20250824    00:15:16       3  18101      4      0 
 20250824    00:15:21       0  18103      4      0 
 20250824    00:15:21       1  18173      4      0 
 20250824    00:15:21       2  18175      4      0 
 20250824    00:15:21       3  18101      4      0 
 20250824    00:15:26       0  18103      4      0 
 20250824    00:15:26       1  18173      4      0 
 20250824    00:15:26       2  18175      4      0 
 20250824    00:15:26       3  18101      4      0 
 20250824    00:15:31       0  18103      4      0 
 20250824    00:15:31       1  18173      4      0 
 20250824    00:15:31       2  18175      4      0 
 20250824    00:15:31       3  18101      4      0 
 20250824    00:15:36       0  18103      4      0 
 20250824    00:15:36       1  18173      4      0 
 20250824    00:15:36       2  18175      4      0 
 20250824    00:15:36       3  18101      4      0 
 20250824    00:15:41       0  18103      4      0 
 20250824    00:15:41       1  18173      4      0 
 20250824    00:15:41       2  18175      4      0 
 20250824    00:15:41       3  18101      4      0 
#Date        Time         gpu     fb   bar1   ccpm 
#YYYYMMDD    HH:MM:SS     Idx     MB     MB     MB 
 20250824    00:15:46       0  18103      4      0 
 20250824    00:15:46       1  18173      4      0 
 20250824    00:15:46       2  18175      4      0 
 20250824    00:15:46       3  18101      4      0 
 20250824    00:15:51       0  18103      4      0 
 20250824    00:15:51       1  18173      4      0 
 20250824    00:15:51       2  18175      4      0 
 20250824    00:15:51       3  18101      4      0 
 20250824    00:15:56       0  18103      4      0 
 20250824    00:15:56       1  18173      4      0 
 20250824    00:15:56       2  18175      4      0 
 20250824    00:15:56       3  18101      4      0 
 20250824    00:16:01       0  18103      4      0 
 20250824    00:16:01       1  18173      4      0 
 20250824    00:16:01       2  18175      4      0 
 20250824    00:16:01       3  18101      4      0 
 20250824    00:16:06       0  18103      4      0 
 20250824    00:16:06       1  18173      4      0 
 20250824    00:16:06       2  18175      4      0 
 20250824    00:16:06       3  18101      4      0 
 20250824    00:16:11       0  18103      4      0 
 20250824    00:16:11       1  18173      4      0 
 20250824    00:16:11       2  18175      4      0 
 20250824    00:16:11       3  18101      4      0 
 20250824    00:16:16       0  18103      4      0 
 20250824    00:16:16       1  18173      4      0 
 20250824    00:16:16       2  18175      4      0 
 20250824    00:16:16       3  18101      4      0 
 20250824    00:16:21       0  18103      4      0 
 20250824    00:16:21       1  18173      4      0 
 20250824    00:16:21       2  18175      4      0 
 20250824    00:16:21       3  18101      4      0 
 20250824    00:16:26       0  18103      4      0 
 20250824    00:16:26       1  18173      4      0 
 20250824    00:16:26       2  18175      4      0 
 20250824    00:16:26       3  18101      4      0 
 20250824    00:16:31       0  18103      4      0 
 20250824    00:16:31       1  18173      4      0 
 20250824    00:16:31       2  18175      4      0 
 20250824    00:16:31       3  18101      4      0 
 20250824    00:16:36       0  18103      4      0 
 20250824    00:16:36       1  18173      4      0 
 20250824    00:16:36       2  18175      4      0 
 20250824    00:16:36       3  18101      4      0 
#Date        Time         gpu     fb   bar1   ccpm 
#YYYYMMDD    HH:MM:SS     Idx     MB     MB     MB 
 20250824    00:16:41       0  18103      4      0 
 20250824    00:16:41       1  18173      4      0 
 20250824    00:16:41       2  18175      4      0 
 20250824    00:16:41       3  18101      4      0 
 20250824    00:16:46       0  18103      4      0 
 20250824    00:16:46       1  18173      4      0 
 20250824    00:16:46       2  18175      4      0 
 20250824    00:16:46       3  18101      4      0 
 20250824    00:16:51       0  18103      4      0 
 20250824    00:16:51       1  18173      4      0 
 20250824    00:16:51       2  18175      4      0 
 20250824    00:16:51       3  18101      4      0 
 20250824    00:16:56       0  18103      4      0 
 20250824    00:16:56       1  18173      4      0 
 20250824    00:16:56       2  18175      4      0 
 20250824    00:16:56       3  18101      4      0 
 20250824    00:17:01       0  18103      4      0 
 20250824    00:17:01       1  18173      4      0 
 20250824    00:17:01       2  18175      4      0 
 20250824    00:17:01       3  18101      4      0 
 20250824    00:17:06       0  18103      4      0 
 20250824    00:17:06       1  18173      4      0 
 20250824    00:17:06       2  18175      4      0 
 20250824    00:17:06       3  18101      4      0 
 20250824    00:17:11       0  18103      4      0 
 20250824    00:17:11       1  18173      4      0 
 20250824    00:17:11       2  18175      4      0 
 20250824    00:17:11       3  18101      4      0 
 20250824    00:17:16       0  18103      4      0 
 20250824    00:17:16       1  18173      4      0 
 20250824    00:17:16       2  18175      4      0 
 20250824    00:17:16       3  18101      4      0 
 20250824    00:17:21       0  18103      4      0 
 20250824    00:17:21       1  18173      4      0 
 20250824    00:17:21       2  18175      4      0 
 20250824    00:17:21       3  18101      4      0 
 20250824    00:17:26       0  18103      4      0 
 20250824    00:17:26       1  18173      4      0 
 20250824    00:17:26       2  18175      4      0 
 20250824    00:17:26       3  18101      4      0 
 20250824    00:17:31       0  18103      4      0 
 20250824    00:17:31       1  18173      4      0 
 20250824    00:17:31       2  18175      4      0 
 20250824    00:17:31       3  18101      4      0 
#Date        Time         gpu     fb   bar1   ccpm 
#YYYYMMDD    HH:MM:SS     Idx     MB     MB     MB 
 20250824    00:17:36       0  18103      4      0 
 20250824    00:17:36       1  18173      4      0 
 20250824    00:17:36       2  18175      4      0 
 20250824    00:17:36       3  18101      4      0 
 20250824    00:17:41       0  18103      4      0 
 20250824    00:17:41       1  18173      4      0 
 20250824    00:17:41       2  18175      4      0 
 20250824    00:17:41       3  18101      4      0 
 20250824    00:17:46       0  18103      4      0 
 20250824    00:17:46       1  18173      4      0 
 20250824    00:17:46       2  18175      4      0 
 20250824    00:17:46       3  18101      4      0 
 20250824    00:17:51       0  18103      4      0 
 20250824    00:17:51       1  18173      4      0 
 20250824    00:17:51       2  18175      4      0 
 20250824    00:17:51       3  18101      4      0 
 20250824    00:17:56       0  18103      4      0 
 20250824    00:17:56       1  18173      4      0 
 20250824    00:17:56       2  18175      4      0 
 20250824    00:17:56       3  18101      4      0 
 20250824    00:18:01       0  18103      4      0 
 20250824    00:18:01       1  18173      4      0 
 20250824    00:18:01       2  18175      4      0 
 20250824    00:18:01       3  18101      4      0 
 20250824    00:18:06       0  18103      4      0 
 20250824    00:18:06       1  18173      4      0 
 20250824    00:18:06       2  18175      4      0 
 20250824    00:18:06       3  18101      4      0 
 20250824    00:18:11       0  18103      4      0 
 20250824    00:18:11       1  18173      4      0 
 20250824    00:18:11       2  18175      4      0 
 20250824    00:18:11       3  18101      4      0 
 20250824    00:18:16       0  18103      4      0 
 20250824    00:18:16       1  18173      4      0 
 20250824    00:18:16       2  18175      4      0 
 20250824    00:18:16       3  18101      4      0 
 20250824    00:18:21       0  18103      4      0 
 20250824    00:18:21       1  18173      4      0 
 20250824    00:18:21       2  18175      4      0 
 20250824    00:18:21       3  18101      4      0 
 20250824    00:18:26       0  18103      4      0 
 20250824    00:18:26       1  18173      4      0 
 20250824    00:18:26       2  18175      4      0 
 20250824    00:18:26       3  18101      4      0 
#Date        Time         gpu     fb   bar1   ccpm 
#YYYYMMDD    HH:MM:SS     Idx     MB     MB     MB 
 20250824    00:18:31       0  18103      4      0 
 20250824    00:18:31       1  18173      4      0 
 20250824    00:18:31       2  18175      4      0 
 20250824    00:18:31       3  18101      4      0 
 20250824    00:18:36       0  18103      4      0 
 20250824    00:18:36       1  18173      4      0 
 20250824    00:18:36       2  18175      4      0 
 20250824    00:18:36       3  18101      4      0 
 20250824    00:18:41       0  18103      4      0 
 20250824    00:18:41       1  18173      4      0 
 20250824    00:18:41       2  18175      4      0 
 20250824    00:18:41       3  18101      4      0 
 20250824    00:18:46       0  18103      4      0 
 20250824    00:18:46       1  18173      4      0 
 20250824    00:18:46       2  18175      4      0 
 20250824    00:18:46       3  18101      4      0 
 20250824    00:18:51       0  18103      4      0 
 20250824    00:18:51       1  18173      4      0 
 20250824    00:18:51       2  18175      4      0 
 20250824    00:18:51       3  18101      4      0 
 20250824    00:18:56       0  18103      4      0 
 20250824    00:18:56       1  18173      4      0 
 20250824    00:18:56       2  18175      4      0 
 20250824    00:18:56       3  18101      4      0 
 20250824    00:19:01       0  18103      4      0 
 20250824    00:19:01       1  18173      4      0 
 20250824    00:19:01       2  18175      4      0 
 20250824    00:19:01       3  18101      4      0 
 20250824    00:19:06       0  18103      4      0 
 20250824    00:19:06       1  18173      4      0 
 20250824    00:19:06       2  18175      4      0 
 20250824    00:19:06       3  18101      4      0 
 20250824    00:19:11       0  18103      4      0 
 20250824    00:19:11       1  18173      4      0 
 20250824    00:19:11       2  18175      4      0 
 20250824    00:19:11       3  18101      4      0 
 20250824    00:19:16       0  18103      4      0 
 20250824    00:19:16       1  18173      4      0 
 20250824    00:19:16       2  18175      4      0 
 20250824    00:19:16       3  18101      4      0 
 20250824    00:19:21       0  18103      4      0 
 20250824    00:19:21       1  18173      4      0 
 20250824    00:19:21       2  18175      4      0 
 20250824    00:19:21       3  18101      4      0 
#Date        Time         gpu     fb   bar1   ccpm 
#YYYYMMDD    HH:MM:SS     Idx     MB     MB     MB 
 20250824    00:19:26       0  18103      4      0 
 20250824    00:19:26       1  18173      4      0 
 20250824    00:19:26       2  18175      4      0 
 20250824    00:19:26       3  18101      4      0 
 20250824    00:19:31       0  18103      4      0 
 20250824    00:19:31       1  18173      4      0 
 20250824    00:19:31       2  18175      4      0 
 20250824    00:19:31       3  18101      4      0 
 20250824    00:19:36       0  18103      4      0 
 20250824    00:19:36       1  18173      4      0 
 20250824    00:19:36       2  18175      4      0 
 20250824    00:19:36       3  18101      4      0 
 20250824    00:19:41       0  18103      4      0 
 20250824    00:19:41       1  18173      4      0 
 20250824    00:19:41       2  18175      4      0 
 20250824    00:19:41       3  18101      4      0 
 20250824    00:19:46       0  18103      4      0 
 20250824    00:19:46       1  18173      4      0 
 20250824    00:19:46       2  18175      4      0 
 20250824    00:19:46       3  18101      4      0 
 20250824    00:19:51       0  18103      4      0 
 20250824    00:19:51       1  18173      4      0 
 20250824    00:19:51       2  18175      4      0 
 20250824    00:19:51       3  18101      4      0 
 20250824    00:19:56       0  18103      4      0 
 20250824    00:19:56       1  18173      4      0 
 20250824    00:19:56       2  18175      4      0 
 20250824    00:19:56       3  18101      4      0 
 20250824    00:20:01       0  18103      4      0 
 20250824    00:20:01       1  18173      4      0 
 20250824    00:20:01       2  18175      4      0 
 20250824    00:20:01       3  18101      4      0 
 20250824    00:20:06       0  18103      4      0 
 20250824    00:20:06       1  18173      4      0 
 20250824    00:20:06       2  18175      4      0 
 20250824    00:20:06       3  18101      4      0 
 20250824    00:20:11       0  18103      4      0 
 20250824    00:20:11       1  18173      4      0 
 20250824    00:20:11       2  18175      4      0 
 20250824    00:20:11       3  18101      4      0 
 20250824    00:20:16       0  18103      4      0 
 20250824    00:20:16       1  18173      4      0 
 20250824    00:20:16       2  18175      4      0 
 20250824    00:20:16       3  18101      4      0 
#Date        Time         gpu     fb   bar1   ccpm 
#YYYYMMDD    HH:MM:SS     Idx     MB     MB     MB 
 20250824    00:20:21       0  18103      4      0 
 20250824    00:20:21       1  18173      4      0 
 20250824    00:20:21       2  18175      4      0 
 20250824    00:20:21       3  18101      4      0 
 20250824    00:20:26       0  18103      4      0 
 20250824    00:20:26       1  18173      4      0 
 20250824    00:20:26       2  18175      4      0 
 20250824    00:20:26       3  18101      4      0 
 20250824    00:20:31       0  18103      4      0 
 20250824    00:20:31       1  18173      4      0 
 20250824    00:20:31       2  18175      4      0 
 20250824    00:20:31       3  18101      4      0 
 20250824    00:20:36       0  18103      4      0 
 20250824    00:20:36       1  18173      4      0 
 20250824    00:20:36       2  18175      4      0 
 20250824    00:20:36       3  18101      4      0 
 20250824    00:20:41       0  18103      4      0 
 20250824    00:20:41       1  18173      4      0 
 20250824    00:20:41       2  18175      4      0 
 20250824    00:20:41       3  18101      4      0 
 20250824    00:20:46       0  18103      4      0 
 20250824    00:20:46       1  18173      4      0 
 20250824    00:20:46       2  18175      4      0 
 20250824    00:20:46       3  18101      4      0 
 20250824    00:20:51       0  18103      4      0 
 20250824    00:20:51       1  18173      4      0 
 20250824    00:20:51       2  18175      4      0 
 20250824    00:20:51       3  18101      4      0 
 20250824    00:20:56       0  18103      4      0 
 20250824    00:20:56       1  18173      4      0 
 20250824    00:20:56       2  18175      4      0 
 20250824    00:20:56       3  18101      4      0 
 20250824    00:21:01       0  18103      4      0 
 20250824    00:21:01       1  18173      4      0 
 20250824    00:21:01       2  18175      4      0 
 20250824    00:21:01       3  18101      4      0 
 20250824    00:21:06       0  18103      4      0 
 20250824    00:21:06       1  18173      4      0 
 20250824    00:21:06       2  18175      4      0 
 20250824    00:21:06       3  18101      4      0 
 20250824    00:21:11       0  18103      4      0 
 20250824    00:21:11       1  18173      4      0 
 20250824    00:21:11       2  18175      4      0 
 20250824    00:21:11       3  18101      4      0 
#Date        Time         gpu     fb   bar1   ccpm 
#YYYYMMDD    HH:MM:SS     Idx     MB     MB     MB 
 20250824    00:21:16       0  18103      4      0 
 20250824    00:21:16       1  18173      4      0 
 20250824    00:21:16       2  18175      4      0 
 20250824    00:21:16       3  18101      4      0 
 20250824    00:21:21       0  18103      4      0 
 20250824    00:21:21       1  18173      4      0 
 20250824    00:21:21       2  18175      4      0 
 20250824    00:21:21       3  18101      4      0 
 20250824    00:21:26       0  18103      4      0 
 20250824    00:21:26       1  18173      4      0 
 20250824    00:21:26       2  18175      4      0 
 20250824    00:21:26       3  18101      4      0 
 20250824    00:21:31       0  18103      4      0 
 20250824    00:21:31       1  18173      4      0 
 20250824    00:21:31       2  18175      4      0 
 20250824    00:21:31       3  18101      4      0 
 20250824    00:21:36       0  18103      4      0 
 20250824    00:21:36       1  18173      4      0 
 20250824    00:21:36       2  18175      4      0 
 20250824    00:21:36       3  18101      4      0 
 20250824    00:21:41       0  18103      4      0 
 20250824    00:21:41       1  18173      4      0 
 20250824    00:21:41       2  18175      4      0 
 20250824    00:21:41       3  18101      4      0 
 20250824    00:21:46       0  18103      4      0 
 20250824    00:21:46       1  18173      4      0 
 20250824    00:21:46       2  18175      4      0 
 20250824    00:21:46       3  18101      4      0 
 20250824    00:21:51       0  18103      4      0 
 20250824    00:21:51       1  18173      4      0 
 20250824    00:21:51       2  18175      4      0 
 20250824    00:21:51       3  18101      4      0 
 20250824    00:21:56       0  18103      4      0 
 20250824    00:21:56       1  18173      4      0 
 20250824    00:21:56       2  18175      4      0 
 20250824    00:21:56       3  18101      4      0 
 20250824    00:22:01       0  18103      4      0 
 20250824    00:22:01       1  18173      4      0 
 20250824    00:22:01       2  18175      4      0 
 20250824    00:22:01       3  18101      4      0 
 20250824    00:22:06       0  18103      4      0 
 20250824    00:22:06       1  18173      4      0 
 20250824    00:22:06       2  18175      4      0 
 20250824    00:22:06       3  18101      4      0 
#Date        Time         gpu     fb   bar1   ccpm 
#YYYYMMDD    HH:MM:SS     Idx     MB     MB     MB 
 20250824    00:22:11       0  18103      4      0 
 20250824    00:22:11       1  18173      4      0 
 20250824    00:22:11       2  18175      4      0 
 20250824    00:22:11       3  18101      4      0 
 20250824    00:22:16       0  18103      4      0 
 20250824    00:22:16       1  18173      4      0 
 20250824    00:22:16       2  18175      4      0 
 20250824    00:22:16       3  18101      4      0 
 20250824    00:22:21       0  18103      4      0 
 20250824    00:22:21       1  18173      4      0 
 20250824    00:22:21       2  18175      4      0 
 20250824    00:22:21       3  18101      4      0 
 20250824    00:22:26       0  18103      4      0 
 20250824    00:22:26       1  18173      4      0 
 20250824    00:22:26       2  18175      4      0 
 20250824    00:22:26       3  18101      4      0 
 20250824    00:22:31       0  18103      4      0 
 20250824    00:22:31       1  18173      4      0 
 20250824    00:22:31       2  18175      4      0 
 20250824    00:22:31       3  18101      4      0 
 20250824    00:22:36       0  18103      4      0 
 20250824    00:22:36       1  18173      4      0 
 20250824    00:22:36       2  18175      4      0 
 20250824    00:22:36       3  18101      4      0 
 20250824    00:22:41       0  18103      4      0 
 20250824    00:22:41       1  18173      4      0 
 20250824    00:22:41       2  18175      4      0 
 20250824    00:22:41       3  18101      4      0 
 20250824    00:22:46       0  18103      4      0 
 20250824    00:22:46       1  18173      4      0 
 20250824    00:22:46       2  18175      4      0 
 20250824    00:22:46       3  18101      4      0 
 20250824    00:22:51       0  18103      4      0 
 20250824    00:22:51       1  18173      4      0 
 20250824    00:22:51       2  18175      4      0 
 20250824    00:22:51       3  18101      4      0 
 20250824    00:22:56       0  18103      4      0 
 20250824    00:22:56       1  18173      4      0 
 20250824    00:22:56       2  18175      4      0 
 20250824    00:22:56       3  18101      4      0 
 20250824    00:23:01       0  18103      4      0 
 20250824    00:23:01       1  18173      4      0 
 20250824    00:23:01       2  18175      4      0 
 20250824    00:23:01       3  18101      4      0 
#Date        Time         gpu     fb   bar1   ccpm 
#YYYYMMDD    HH:MM:SS     Idx     MB     MB     MB 
 20250824    00:23:06       0  18103      4      0 
 20250824    00:23:06       1  18173      4      0 
 20250824    00:23:06       2  18175      4      0 
 20250824    00:23:06       3  18101      4      0 
 20250824    00:23:11       0  18103      4      0 
 20250824    00:23:11       1  18173      4      0 
 20250824    00:23:11       2  18175      4      0 
 20250824    00:23:11       3  18101      4      0 
 20250824    00:23:16       0  18103      4      0 
 20250824    00:23:16       1  18173      4      0 
 20250824    00:23:16       2  18175      4      0 
 20250824    00:23:16       3  18101      4      0 
 20250824    00:23:21       0  18103      4      0 
 20250824    00:23:21       1  18173      4      0 
 20250824    00:23:21       2  18175      4      0 
 20250824    00:23:21       3  18101      4      0 
 20250824    00:23:26       0  18103      4      0 
 20250824    00:23:26       1  18173      4      0 
 20250824    00:23:26       2  18175      4      0 
 20250824    00:23:26       3  18101      4      0 
 20250824    00:23:31       0  18103      4      0 
 20250824    00:23:31       1  18173      4      0 
 20250824    00:23:31       2  18175      4      0 
 20250824    00:23:31       3  18101      4      0 
 20250824    00:23:36       0  18103      4      0 
 20250824    00:23:36       1  18173      4      0 
 20250824    00:23:36       2  18175      4      0 
 20250824    00:23:36       3  18101      4      0 
 20250824    00:23:41       0  18103      4      0 
 20250824    00:23:41       1  18173      4      0 
 20250824    00:23:41       2  18175      4      0 
 20250824    00:23:41       3  18101      4      0 
 20250824    00:23:46       0  18103      4      0 
 20250824    00:23:46       1  18173      4      0 
 20250824    00:23:46       2  18175      4      0 
 20250824    00:23:46       3  18101      4      0 
 20250824    00:23:51       0  18103      4      0 
 20250824    00:23:51       1  18173      4      0 
 20250824    00:23:51       2  18175      4      0 
 20250824    00:23:51       3  18101      4      0 
 20250824    00:23:56       0  18103      4      0 
 20250824    00:23:56       1  18173      4      0 
 20250824    00:23:56       2  18175      4      0 
 20250824    00:23:56       3  18101      4      0 
#Date        Time         gpu     fb   bar1   ccpm 
#YYYYMMDD    HH:MM:SS     Idx     MB     MB     MB 
 20250824    00:24:01       0  18103      4      0 
 20250824    00:24:01       1  18173      4      0 
 20250824    00:24:01       2  18175      4      0 
 20250824    00:24:01       3  18101      4      0 
 20250824    00:24:06       0  18103      4      0 
 20250824    00:24:06       1  18173      4      0 
 20250824    00:24:06       2  18175      4      0 
 20250824    00:24:06       3  18101      4      0 
 20250824    00:24:11       0  18103      4      0 
 20250824    00:24:11       1  18173      4      0 
 20250824    00:24:11       2  18175      4      0 
 20250824    00:24:11       3  18101      4      0 
 20250824    00:24:16       0  18103      4      0 
 20250824    00:24:16       1  18173      4      0 
 20250824    00:24:16       2  18175      4      0 
 20250824    00:24:16       3  18101      4      0 
 20250824    00:24:21       0  18103      4      0 
 20250824    00:24:21       1  18173      4      0 
 20250824    00:24:21       2  18175      4      0 
 20250824    00:24:21       3  18101      4      0 
 20250824    00:24:26       0  18103      4      0 
 20250824    00:24:26       1  18173      4      0 
 20250824    00:24:26       2  18175      4      0 
 20250824    00:24:26       3  18101      4      0 
 20250824    00:24:31       0  18103      4      0 
 20250824    00:24:31       1  18173      4      0 
 20250824    00:24:31       2  18175      4      0 
 20250824    00:24:31       3  18101      4      0 
 20250824    00:24:36       0  18103      4      0 
 20250824    00:24:36       1  18173      4      0 
 20250824    00:24:36       2  18175      4      0 
 20250824    00:24:36       3  18101      4      0 
 20250824    00:24:41       0  18103      4      0 
 20250824    00:24:41       1  18173      4      0 
 20250824    00:24:41       2  18175      4      0 
 20250824    00:24:41       3  18101      4      0 
 20250824    00:24:46       0  18103      4      0 
 20250824    00:24:46       1  18173      4      0 
 20250824    00:24:46       2  18175      4      0 
 20250824    00:24:46       3  18101      4      0 
 20250824    00:24:51       0  18103      4      0 
 20250824    00:24:51       1  18173      4      0 
 20250824    00:24:51       2  18175      4      0 
 20250824    00:24:51       3  18101      4      0 
#Date        Time         gpu     fb   bar1   ccpm 
#YYYYMMDD    HH:MM:SS     Idx     MB     MB     MB 
 20250824    00:24:56       0  18103      4      0 
 20250824    00:24:56       1  18173      4      0 
 20250824    00:24:56       2  18175      4      0 
 20250824    00:24:56       3  18101      4      0 
 20250824    00:25:01       0  18103      4      0 
 20250824    00:25:01       1  18173      4      0 
 20250824    00:25:01       2  18175      4      0 
 20250824    00:25:01       3  18101      4      0 
 20250824    00:25:06       0  18103      4      0 
 20250824    00:25:06       1  18173      4      0 
 20250824    00:25:06       2  18175      4      0 
 20250824    00:25:06       3  18101      4      0 
 20250824    00:25:11       0  18103      4      0 
 20250824    00:25:11       1  18173      4      0 
 20250824    00:25:11       2  18175      4      0 
 20250824    00:25:11       3  18101      4      0 
 20250824    00:25:16       0  18103      4      0 
 20250824    00:25:16       1  18173      4      0 
 20250824    00:25:16       2  18175      4      0 
 20250824    00:25:16       3  18101      4      0 
 20250824    00:25:21       0  18103      4      0 
 20250824    00:25:21       1  18173      4      0 
 20250824    00:25:21       2  18175      4      0 
 20250824    00:25:21       3  18101      4      0 
 20250824    00:25:26       0  18103      4      0 
 20250824    00:25:26       1  18173      4      0 
 20250824    00:25:26       2  18175      4      0 
 20250824    00:25:26       3  18101      4      0 
 20250824    00:25:31       0  18103      4      0 
 20250824    00:25:31       1  18173      4      0 
 20250824    00:25:31       2  18175      4      0 
 20250824    00:25:31       3  18101      4      0 
 20250824    00:25:36       0  18103      4      0 
 20250824    00:25:36       1  18173      4      0 
 20250824    00:25:36       2  18175      4      0 
 20250824    00:25:36       3  18101      4      0 
 20250824    00:25:41       0  18103      4      0 
 20250824    00:25:41       1  18173      4      0 
 20250824    00:25:41       2  18175      4      0 
 20250824    00:25:41       3  18101      4      0 
 20250824    00:25:46       0  18103      4      0 
 20250824    00:25:46       1  18173      4      0 
 20250824    00:25:46       2  18175      4      0 
 20250824    00:25:46       3  18101      4      0 
#Date        Time         gpu     fb   bar1   ccpm 
#YYYYMMDD    HH:MM:SS     Idx     MB     MB     MB 
 20250824    00:25:51       0  18103      4      0 
 20250824    00:25:51       1  18173      4      0 
 20250824    00:25:51       2  18175      4      0 
 20250824    00:25:51       3  18101      4      0 
 20250824    00:25:56       0  18103      4      0 
 20250824    00:25:56       1  18173      4      0 
 20250824    00:25:56       2  18175      4      0 
 20250824    00:25:56       3  18101      4      0 
 20250824    00:26:01       0  18103      4      0 
 20250824    00:26:01       1  18173      4      0 
 20250824    00:26:01       2  18175      4      0 
 20250824    00:26:01       3  18101      4      0 
 20250824    00:26:06       0  18103      4      0 
 20250824    00:26:06       1  18173      4      0 
 20250824    00:26:06       2  18175      4      0 
 20250824    00:26:06       3  18101      4      0 
 20250824    00:26:11       0  18103      4      0 
 20250824    00:26:11       1  18173      4      0 
 20250824    00:26:11       2  18175      4      0 
 20250824    00:26:11       3  18101      4      0 
 20250824    00:26:16       0  18103      4      0 
 20250824    00:26:16       1  18173      4      0 
 20250824    00:26:16       2  18175      4      0 
 20250824    00:26:16       3  18101      4      0 
 20250824    00:26:21       0  18103      4      0 
 20250824    00:26:21       1  18173      4      0 
 20250824    00:26:21       2  18175      4      0 
 20250824    00:26:21       3  18101      4      0 
 20250824    00:26:26       0  18103      4      0 
 20250824    00:26:26       1  18173      4      0 
 20250824    00:26:26       2  18175      4      0 
 20250824    00:26:26       3  18101      4      0 
 20250824    00:26:31       0  18103      4      0 
 20250824    00:26:31       1  18173      4      0 
 20250824    00:26:31       2  18175      4      0 
 20250824    00:26:31       3  18101      4      0 
 20250824    00:26:36       0  18103      4      0 
 20250824    00:26:36       1  18173      4      0 
 20250824    00:26:36       2  18175      4      0 
 20250824    00:26:36       3  18101      4      0 
 20250824    00:26:41       0  18103      4      0 
 20250824    00:26:41       1  18173      4      0 
 20250824    00:26:41       2  18175      4      0 
 20250824    00:26:41       3  18101      4      0 
#Date        Time         gpu     fb   bar1   ccpm 
#YYYYMMDD    HH:MM:SS     Idx     MB     MB     MB 
 20250824    00:26:46       0  18103      4      0 
 20250824    00:26:46       1  18173      4      0 
 20250824    00:26:46       2  18175      4      0 
 20250824    00:26:46       3  18101      4      0 
 20250824    00:26:51       0  18103      4      0 
 20250824    00:26:51       1  18173      4      0 
 20250824    00:26:51       2  18175      4      0 
 20250824    00:26:51       3  18101      4      0 
 20250824    00:26:56       0  18103      4      0 
 20250824    00:26:56       1  18173      4      0 
 20250824    00:26:56       2  18175      4      0 
 20250824    00:26:56       3  18101      4      0 
 20250824    00:27:01       0  18103      4      0 
 20250824    00:27:01       1  18173      4      0 
 20250824    00:27:01       2  18175      4      0 
 20250824    00:27:01       3  18101      4      0 
 20250824    00:27:06       0  18103      4      0 
 20250824    00:27:06       1  18173      4      0 
 20250824    00:27:06       2  18175      4      0 
 20250824    00:27:06       3  18101      4      0 
 20250824    00:27:11       0  18103      4      0 
 20250824    00:27:11       1  18173      4      0 
 20250824    00:27:11       2  18175      4      0 
 20250824    00:27:11       3  18101      4      0 
 20250824    00:27:16       0  18103      4      0 
 20250824    00:27:16       1  18173      4      0 
 20250824    00:27:16       2  18175      4      0 
 20250824    00:27:16       3  18101      4      0 
 20250824    00:27:21       0  18103      4      0 
 20250824    00:27:21       1  18173      4      0 
 20250824    00:27:21       2  18175      4      0 
 20250824    00:27:21       3  18101      4      0 
 20250824    00:27:26       0  18103      4      0 
 20250824    00:27:26       1  18173      4      0 
 20250824    00:27:26       2  18175      4      0 
 20250824    00:27:26       3  18101      4      0 
 20250824    00:27:31       0  18103      4      0 
 20250824    00:27:31       1  18173      4      0 
 20250824    00:27:31       2  18175      4      0 
 20250824    00:27:31       3  18101      4      0 
 20250824    00:27:36       0  18103      4      0 
 20250824    00:27:36       1  18173      4      0 
 20250824    00:27:36       2  18175      4      0 
 20250824    00:27:36       3  18101      4      0 
#Date        Time         gpu     fb   bar1   ccpm 
#YYYYMMDD    HH:MM:SS     Idx     MB     MB     MB 
 20250824    00:27:41       0  18103      4      0 
 20250824    00:27:41       1  18173      4      0 
 20250824    00:27:41       2  18175      4      0 
 20250824    00:27:41       3  18101      4      0 
 20250824    00:27:46       0  18103      4      0 
 20250824    00:27:46       1  18173      4      0 
 20250824    00:27:46       2  18175      4      0 
 20250824    00:27:46       3  18101      4      0 
 20250824    00:27:51       0  18103      4      0 
 20250824    00:27:51       1  18173      4      0 
 20250824    00:27:51       2  18175      4      0 
 20250824    00:27:51       3  18101      4      0 
 20250824    00:27:56       0  18103      4      0 
 20250824    00:27:56       1  18173      4      0 
 20250824    00:27:56       2  18175      4      0 
 20250824    00:27:56       3  18101      4      0 
 20250824    00:28:01       0  18103      4      0 
 20250824    00:28:01       1  18173      4      0 
 20250824    00:28:01       2  18175      4      0 
 20250824    00:28:01       3  18101      4      0 
 20250824    00:28:06       0  18103      4      0 
 20250824    00:28:06       1  18173      4      0 
 20250824    00:28:06       2  18175      4      0 
 20250824    00:28:06       3  18101      4      0 
 20250824    00:28:11       0  18103      4      0 
 20250824    00:28:11       1  18173      4      0 
 20250824    00:28:11       2  18175      4      0 
 20250824    00:28:11       3  18101      4      0 
 20250824    00:28:16       0  18103      4      0 
 20250824    00:28:16       1  18173      4      0 
 20250824    00:28:16       2  18175      4      0 
 20250824    00:28:16       3  18101      4      0 
 20250824    00:28:21       0  18103      4      0 
 20250824    00:28:21       1  18173      4      0 
 20250824    00:28:21       2  18175      4      0 
 20250824    00:28:21       3  18101      4      0 
 20250824    00:28:26       0  18103      4      0 
 20250824    00:28:26       1  18173      4      0 
 20250824    00:28:26       2  18175      4      0 
 20250824    00:28:26       3  18101      4      0 
 20250824    00:28:31       0  18103      4      0 
 20250824    00:28:31       1  18173      4      0 
 20250824    00:28:31       2  18175      4      0 
 20250824    00:28:31       3  18101      4      0 
#Date        Time         gpu     fb   bar1   ccpm 
#YYYYMMDD    HH:MM:SS     Idx     MB     MB     MB 
 20250824    00:28:36       0  18103      4      0 
 20250824    00:28:36       1  18173      4      0 
 20250824    00:28:36       2  18175      4      0 
 20250824    00:28:36       3  18101      4      0 
 20250824    00:28:41       0  18103      4      0 
 20250824    00:28:41       1  18173      4      0 
 20250824    00:28:41       2  18175      4      0 
 20250824    00:28:41       3  18101      4      0 
 20250824    00:28:46       0  18103      4      0 
 20250824    00:28:46       1  18173      4      0 
 20250824    00:28:46       2  18175      4      0 
 20250824    00:28:46       3  18101      4      0 
 20250824    00:28:51       0  18103      4      0 
 20250824    00:28:51       1  18173      4      0 
 20250824    00:28:51       2  18175      4      0 
 20250824    00:28:51       3  18101      4      0 
 20250824    00:28:56       0  18103      4      0 
 20250824    00:28:56       1  18173      4      0 
 20250824    00:28:56       2  18175      4      0 
 20250824    00:28:56       3  18101      4      0 
 20250824    00:29:01       0  18103      4      0 
 20250824    00:29:01       1  18173      4      0 
 20250824    00:29:01       2  18175      4      0 
 20250824    00:29:01       3  18101      4      0 
 20250824    00:29:06       0  18103      4      0 
 20250824    00:29:06       1  18173      4      0 
 20250824    00:29:06       2  18175      4      0 
 20250824    00:29:06       3  18101      4      0 
 20250824    00:29:11       0  18103      4      0 
 20250824    00:29:11       1  18173      4      0 
 20250824    00:29:11       2  18175      4      0 
 20250824    00:29:11       3  18101      4      0 
 20250824    00:29:16       0  18103      4      0 
 20250824    00:29:16       1  18173      4      0 
 20250824    00:29:16       2  18175      4      0 
 20250824    00:29:16       3  18101      4      0 
 20250824    00:29:21       0  18103      4      0 
 20250824    00:29:21       1  18173      4      0 
 20250824    00:29:21       2  18175      4      0 
 20250824    00:29:21       3  18101      4      0 
 20250824    00:29:26       0  18103      4      0 
 20250824    00:29:26       1  18173      4      0 
 20250824    00:29:26       2  18175      4      0 
 20250824    00:29:26       3  18101      4      0 
#Date        Time         gpu     fb   bar1   ccpm 
#YYYYMMDD    HH:MM:SS     Idx     MB     MB     MB 
 20250824    00:29:32       0  18103      4      0 
 20250824    00:29:32       1  18173      4      0 
 20250824    00:29:32       2  18175      4      0 
 20250824    00:29:32       3  18101      4      0 
 20250824    00:29:37       0  18103      4      0 
 20250824    00:29:37       1  18173      4      0 
 20250824    00:29:37       2  18175      4      0 
 20250824    00:29:37       3  18101      4      0 
 20250824    00:29:42       0  18103      4      0 
 20250824    00:29:42       1  18173      4      0 
 20250824    00:29:42       2  18175      4      0 
 20250824    00:29:42       3  18101      4      0 
 20250824    00:29:47       0  18103      4      0 
 20250824    00:29:47       1  18173      4      0 
 20250824    00:29:47       2  18175      4      0 
 20250824    00:29:47       3  18101      4      0 
 20250824    00:29:52       0  18103      4      0 
 20250824    00:29:52       1  18173      4      0 
 20250824    00:29:52       2  18175      4      0 
 20250824    00:29:52       3  18101      4      0 
 20250824    00:29:57       0  18103      4      0 
 20250824    00:29:57       1  18173      4      0 
 20250824    00:29:57       2  18175      4      0 
 20250824    00:29:57       3  18101      4      0 
 20250824    00:30:02       0  18103      4      0 
 20250824    00:30:02       1  18173      4      0 
 20250824    00:30:02       2  18175      4      0 
 20250824    00:30:02       3  18101      4      0 
 20250824    00:30:07       0  18103      4      0 
 20250824    00:30:07       1  18173      4      0 
 20250824    00:30:07       2  18175      4      0 
 20250824    00:30:07       3  18101      4      0 
 20250824    00:30:12       0  18103      4      0 
 20250824    00:30:12       1  18173      4      0 
 20250824    00:30:12       2  18175      4      0 
 20250824    00:30:12       3  18101      4      0 
 20250824    00:30:17       0  18103      4      0 
 20250824    00:30:17       1  18173      4      0 
 20250824    00:30:17       2  18175      4      0 
 20250824    00:30:17       3  18101      4      0 
 20250824    00:30:22       0  18103      4      0 
 20250824    00:30:22       1  18173      4      0 
 20250824    00:30:22       2  18175      4      0 
 20250824    00:30:22       3  18101      4      0 
#Date        Time         gpu     fb   bar1   ccpm 
#YYYYMMDD    HH:MM:SS     Idx     MB     MB     MB 
 20250824    00:30:27       0  18103      4      0 
 20250824    00:30:27       1  18173      4      0 
 20250824    00:30:27       2  18175      4      0 
 20250824    00:30:27       3  18101      4      0 
 20250824    00:30:32       0  18103      4      0 
 20250824    00:30:32       1  18173      4      0 
 20250824    00:30:32       2  18175      4      0 
 20250824    00:30:32       3  18101      4      0 
 20250824    00:30:37       0  18103      4      0 
 20250824    00:30:37       1  18173      4      0 
 20250824    00:30:37       2  18175      4      0 
 20250824    00:30:37       3  18101      4      0 
 20250824    00:30:42       0  18103      4      0 
 20250824    00:30:42       1  18173      4      0 
 20250824    00:30:42       2  18175      4      0 
 20250824    00:30:42       3  18101      4      0 
 20250824    00:30:47       0  18103      4      0 
 20250824    00:30:47       1  18173      4      0 
 20250824    00:30:47       2  18175      4      0 
 20250824    00:30:47       3  18101      4      0 
 20250824    00:30:52       0  18103      4      0 
 20250824    00:30:52       1  18173      4      0 
 20250824    00:30:52       2  18175      4      0 
 20250824    00:30:52       3  18101      4      0 
 20250824    00:30:57       0  18103      4      0 
 20250824    00:30:57       1  18173      4      0 
 20250824    00:30:57       2  18175      4      0 
 20250824    00:30:57       3  18101      4      0 
 20250824    00:31:02       0  18103      4      0 
 20250824    00:31:02       1  18173      4      0 
 20250824    00:31:02       2  18175      4      0 
 20250824    00:31:02       3  18101      4      0 
 20250824    00:31:07       0  18103      4      0 
 20250824    00:31:07       1  18173      4      0 
 20250824    00:31:07       2  18175      4      0 
 20250824    00:31:07       3  18101      4      0 
 20250824    00:31:12       0  18103      4      0 
 20250824    00:31:12       1  18173      4      0 
 20250824    00:31:12       2  18175      4      0 
 20250824    00:31:12       3  18101      4      0 
 20250824    00:31:17       0  18103      4      0 
 20250824    00:31:17       1  18173      4      0 
 20250824    00:31:17       2  18175      4      0 
 20250824    00:31:17       3  18101      4      0 
#Date        Time         gpu     fb   bar1   ccpm 
#YYYYMMDD    HH:MM:SS     Idx     MB     MB     MB 
 20250824    00:31:22       0  18103      4      0 
 20250824    00:31:22       1  18173      4      0 
 20250824    00:31:22       2  18175      4      0 
 20250824    00:31:22       3  18101      4      0 
 20250824    00:31:27       0  18103      4      0 
 20250824    00:31:27       1  18173      4      0 
 20250824    00:31:27       2  18175      4      0 
 20250824    00:31:27       3  18101      4      0 
 20250824    00:31:32       0  18103      4      0 
 20250824    00:31:32       1  18173      4      0 
 20250824    00:31:32       2  18175      4      0 
 20250824    00:31:32       3  18101      4      0 
 20250824    00:31:37       0  18103      4      0 
 20250824    00:31:37       1  18173      4      0 
 20250824    00:31:37       2  18175      4      0 
 20250824    00:31:37       3  18101      4      0 
 20250824    00:31:42       0  18103      4      0 
 20250824    00:31:42       1  18173      4      0 
 20250824    00:31:42       2  18175      4      0 
 20250824    00:31:42       3  18101      4      0 
 20250824    00:31:47       0  18103      4      0 
 20250824    00:31:47       1  18173      4      0 
 20250824    00:31:47       2  18175      4      0 
 20250824    00:31:47       3  18101      4      0 
 20250824    00:31:52       0  18103      4      0 
 20250824    00:31:52       1  18173      4      0 
 20250824    00:31:52       2  18175      4      0 
 20250824    00:31:52       3  18101      4      0 
 20250824    00:31:57       0  18103      4      0 
 20250824    00:31:57       1  18173      4      0 
 20250824    00:31:57       2  18175      4      0 
 20250824    00:31:57       3  18101      4      0 
 20250824    00:32:02       0  18103      4      0 
 20250824    00:32:02       1  18173      4      0 
 20250824    00:32:02       2  18175      4      0 
 20250824    00:32:02       3  18101      4      0 
 20250824    00:32:07       0  18103      4      0 
 20250824    00:32:07       1  18173      4      0 
 20250824    00:32:07       2  18175      4      0 
 20250824    00:32:07       3  18101      4      0 
 20250824    00:32:12       0  18103      4      0 
 20250824    00:32:12       1  18173      4      0 
 20250824    00:32:12       2  18175      4      0 
 20250824    00:32:12       3  18101      4      0 
#Date        Time         gpu     fb   bar1   ccpm 
#YYYYMMDD    HH:MM:SS     Idx     MB     MB     MB 
 20250824    00:32:17       0  18103      4      0 
 20250824    00:32:17       1  18173      4      0 
 20250824    00:32:17       2  18175      4      0 
 20250824    00:32:17       3  18101      4      0 
 20250824    00:32:22       0  18103      4      0 
 20250824    00:32:22       1  18173      4      0 
 20250824    00:32:22       2  18175      4      0 
 20250824    00:32:22       3  18101      4      0 
 20250824    00:32:27       0  18103      4      0 
 20250824    00:32:27       1  18173      4      0 
 20250824    00:32:27       2  18175      4      0 
 20250824    00:32:27       3  18101      4      0 
 20250824    00:32:32       0  18103      4      0 
 20250824    00:32:32       1  18173      4      0 
 20250824    00:32:32       2  18175      4      0 
 20250824    00:32:32       3  18101      4      0 
 20250824    00:32:37       0  18103      4      0 
 20250824    00:32:37       1  18173      4      0 
 20250824    00:32:37       2  18175      4      0 
 20250824    00:32:37       3  18101      4      0 
 20250824    00:32:42       0  18103      4      0 
 20250824    00:32:42       1  18173      4      0 
 20250824    00:32:42       2  18175      4      0 
 20250824    00:32:42       3  18101      4      0 
 20250824    00:32:47       0  18103      4      0 
 20250824    00:32:47       1  18173      4      0 
 20250824    00:32:47       2  18175      4      0 
 20250824    00:32:47       3  18101      4      0 
 20250824    00:32:52       0  18103      4      0 
 20250824    00:32:52       1  18173      4      0 
 20250824    00:32:52       2  18175      4      0 
 20250824    00:32:52       3  18101      4      0 
 20250824    00:32:57       0  18103      4      0 
 20250824    00:32:57       1  18173      4      0 
 20250824    00:32:57       2  18175      4      0 
 20250824    00:32:57       3  18101      4      0 
 20250824    00:33:02       0  18103      4      0 
 20250824    00:33:02       1  18173      4      0 
 20250824    00:33:02       2  18175      4      0 
 20250824    00:33:02       3  18101      4      0 
 20250824    00:33:07       0  18103      4      0 
 20250824    00:33:07       1  18173      4      0 
 20250824    00:33:07       2  18175      4      0 
 20250824    00:33:07       3  18101      4      0 
#Date        Time         gpu     fb   bar1   ccpm 
#YYYYMMDD    HH:MM:SS     Idx     MB     MB     MB 
 20250824    00:33:12       0  18103      4      0 
 20250824    00:33:12       1  18173      4      0 
 20250824    00:33:12       2  18175      4      0 
 20250824    00:33:12       3  18101      4      0 
 20250824    00:33:17       0  18103      4      0 
 20250824    00:33:17       1  18173      4      0 
 20250824    00:33:17       2  18175      4      0 
 20250824    00:33:17       3  18101      4      0 
 20250824    00:33:22       0  18103      4      0 
 20250824    00:33:22       1  18173      4      0 
 20250824    00:33:22       2  18175      4      0 
 20250824    00:33:22       3  18101      4      0 
 20250824    00:33:27       0  18103      4      0 
 20250824    00:33:27       1  18173      4      0 
 20250824    00:33:27       2  18175      4      0 
 20250824    00:33:27       3  18101      4      0 
 20250824    00:33:32       0  18103      4      0 
 20250824    00:33:32       1  18173      4      0 
 20250824    00:33:32       2  18175      4      0 
 20250824    00:33:32       3  18101      4      0 
 20250824    00:33:37       0  18103      4      0 
 20250824    00:33:37       1  18173      4      0 
 20250824    00:33:37       2  18175      4      0 
 20250824    00:33:37       3  18101      4      0 
 20250824    00:33:42       0  18103      4      0 
 20250824    00:33:42       1  18173      4      0 
 20250824    00:33:42       2  18175      4      0 
 20250824    00:33:42       3  18101      4      0 
 20250824    00:33:47       0  18103      4      0 
 20250824    00:33:47       1  18173      4      0 
 20250824    00:33:47       2  18175      4      0 
 20250824    00:33:47       3  18101      4      0 
 20250824    00:33:52       0  18103      4      0 
 20250824    00:33:52       1  18173      4      0 
 20250824    00:33:52       2  18175      4      0 
 20250824    00:33:52       3  18101      4      0 
 20250824    00:33:57       0  18103      4      0 
 20250824    00:33:57       1  18173      4      0 
 20250824    00:33:57       2  18175      4      0 
 20250824    00:33:57       3  18101      4      0 
 20250824    00:34:02       0  18103      4      0 
 20250824    00:34:02       1  18173      4      0 
 20250824    00:34:02       2  18175      4      0 
 20250824    00:34:02       3  18101      4      0 
#Date        Time         gpu     fb   bar1   ccpm 
#YYYYMMDD    HH:MM:SS     Idx     MB     MB     MB 
 20250824    00:34:07       0  18103      4      0 
 20250824    00:34:07       1  18173      4      0 
 20250824    00:34:07       2  18175      4      0 
 20250824    00:34:07       3  18101      4      0 
 20250824    00:34:12       0  18103      4      0 
 20250824    00:34:12       1  18173      4      0 
 20250824    00:34:12       2  18175      4      0 
 20250824    00:34:12       3  18101      4      0 
 20250824    00:34:17       0  18103      4      0 
 20250824    00:34:17       1  18173      4      0 
 20250824    00:34:17       2  18175      4      0 
 20250824    00:34:17       3  18101      4      0 
 20250824    00:34:22       0  18103      4      0 
 20250824    00:34:22       1  18173      4      0 
 20250824    00:34:22       2  18175      4      0 
 20250824    00:34:22       3  18101      4      0 
 20250824    00:34:27       0  18103      4      0 
 20250824    00:34:27       1  18173      4      0 
 20250824    00:34:27       2  18175      4      0 
 20250824    00:34:27       3  18101      4      0 
 20250824    00:34:32       0  18103      4      0 
 20250824    00:34:32       1  18173      4      0 
 20250824    00:34:32       2  18175      4      0 
 20250824    00:34:32       3  18101      4      0 
 20250824    00:34:37       0  18103      4      0 
 20250824    00:34:37       1  18173      4      0 
 20250824    00:34:37       2  18175      4      0 
 20250824    00:34:37       3  18101      4      0 
 20250824    00:34:42       0  18103      4      0 
 20250824    00:34:42       1  18173      4      0 
 20250824    00:34:42       2  18175      4      0 
 20250824    00:34:42       3  18101      4      0 
 20250824    00:34:47       0  18103      4      0 
 20250824    00:34:47       1  18173      4      0 
 20250824    00:34:47       2  18175      4      0 
 20250824    00:34:47       3  18101      4      0 
 20250824    00:34:52       0  18103      4      0 
 20250824    00:34:52       1  18173      4      0 
 20250824    00:34:52       2  18175      4      0 
 20250824    00:34:52       3  18101      4      0 
 20250824    00:34:57       0  18103      4      0 
 20250824    00:34:57       1  18173      4      0 
 20250824    00:34:57       2  18175      4      0 
 20250824    00:34:57       3  18101      4      0 
#Date        Time         gpu     fb   bar1   ccpm 
#YYYYMMDD    HH:MM:SS     Idx     MB     MB     MB 
 20250824    00:35:02       0  18103      4      0 
 20250824    00:35:02       1  18173      4      0 
 20250824    00:35:02       2  18175      4      0 
 20250824    00:35:02       3  18101      4      0 
 20250824    00:35:07       0  18103      4      0 
 20250824    00:35:07       1  18173      4      0 
 20250824    00:35:07       2  18175      4      0 
 20250824    00:35:07       3  18101      4      0 
 20250824    00:35:12       0  18103      4      0 
 20250824    00:35:12       1  18173      4      0 
 20250824    00:35:12       2  18175      4      0 
 20250824    00:35:12       3  18101      4      0 
 20250824    00:35:17       0  18103      4      0 
 20250824    00:35:17       1  18173      4      0 
 20250824    00:35:17       2  18175      4      0 
 20250824    00:35:17       3  18101      4      0 
 20250824    00:35:22       0  18103      4      0 
 20250824    00:35:22       1  18173      4      0 
 20250824    00:35:22       2  18175      4      0 
 20250824    00:35:22       3  18101      4      0 
 20250824    00:35:27       0  18103      4      0 
 20250824    00:35:27       1  18173      4      0 
 20250824    00:35:27       2  18175      4      0 
 20250824    00:35:27       3  18101      4      0 
 20250824    00:35:32       0  18103      4      0 
 20250824    00:35:32       1  18173      4      0 
 20250824    00:35:32       2  18175      4      0 
 20250824    00:35:32       3  18101      4      0 
 20250824    00:35:37       0  18103      4      0 
 20250824    00:35:37       1  18173      4      0 
 20250824    00:35:37       2  18175      4      0 
 20250824    00:35:37       3  18101      4      0 
 20250824    00:35:42       0  18103      4      0 
 20250824    00:35:42       1  18173      4      0 
 20250824    00:35:42       2  18175      4      0 
 20250824    00:35:42       3  18101      4      0 
 20250824    00:35:47       0  18103      4      0 
 20250824    00:35:47       1  18173      4      0 
 20250824    00:35:47       2  18175      4      0 
 20250824    00:35:47       3  18101      4      0 
 20250824    00:35:52       0  18103      4      0 
 20250824    00:35:52       1  18173      4      0 
 20250824    00:35:52       2  18175      4      0 
 20250824    00:35:52       3  18101      4      0 
#Date        Time         gpu     fb   bar1   ccpm 
#YYYYMMDD    HH:MM:SS     Idx     MB     MB     MB 
 20250824    00:35:57       0  18103      4      0 
 20250824    00:35:57       1  18173      4      0 
 20250824    00:35:57       2  18175      4      0 
 20250824    00:35:57       3  18101      4      0 
 20250824    00:36:02       0  18103      4      0 
 20250824    00:36:02       1  18173      4      0 
 20250824    00:36:02       2  18175      4      0 
 20250824    00:36:02       3  18101      4      0 
 20250824    00:36:07       0  18103      4      0 
 20250824    00:36:07       1  18173      4      0 
 20250824    00:36:07       2  18175      4      0 
 20250824    00:36:07       3  18101      4      0 
 20250824    00:36:12       0  18103      4      0 
 20250824    00:36:12       1  18173      4      0 
 20250824    00:36:12       2  18175      4      0 
 20250824    00:36:12       3  18101      4      0 
 20250824    00:36:17       0  18103      4      0 
 20250824    00:36:17       1  18173      4      0 
 20250824    00:36:17       2  18175      4      0 
 20250824    00:36:17       3  18101      4      0 
 20250824    00:36:22       0  18103      4      0 
 20250824    00:36:22       1  18173      4      0 
 20250824    00:36:22       2  18175      4      0 
 20250824    00:36:22       3  18101      4      0 
 20250824    00:36:27       0  18103      4      0 
 20250824    00:36:27       1  18173      4      0 
 20250824    00:36:27       2  18175      4      0 
 20250824    00:36:27       3  18101      4      0 
 20250824    00:36:32       0  18103      4      0 
 20250824    00:36:32       1  18173      4      0 
 20250824    00:36:32       2  18175      4      0 
 20250824    00:36:32       3  18101      4      0 
 20250824    00:36:37       0  18103      4      0 
 20250824    00:36:37       1  18173      4      0 
 20250824    00:36:37       2  18175      4      0 
 20250824    00:36:37       3  18101      4      0 
 20250824    00:36:42       0  18103      4      0 
 20250824    00:36:42       1  18173      4      0 
 20250824    00:36:42       2  18175      4      0 
 20250824    00:36:42       3  18101      4      0 
 20250824    00:36:47       0  18103      4      0 
 20250824    00:36:47       1  18173      4      0 
 20250824    00:36:47       2  18175      4      0 
 20250824    00:36:47       3  18101      4      0 
#Date        Time         gpu     fb   bar1   ccpm 
#YYYYMMDD    HH:MM:SS     Idx     MB     MB     MB 
 20250824    00:36:52       0  18103      4      0 
 20250824    00:36:52       1  18173      4      0 
 20250824    00:36:52       2  18175      4      0 
 20250824    00:36:52       3  18101      4      0 
 20250824    00:36:57       0  18103      4      0 
 20250824    00:36:57       1  18173      4      0 
 20250824    00:36:57       2  18175      4      0 
 20250824    00:36:57       3  18101      4      0 
 20250824    00:37:02       0  18103      4      0 
 20250824    00:37:02       1  18173      4      0 
 20250824    00:37:02       2  18175      4      0 
 20250824    00:37:02       3  18101      4      0 
 20250824    00:37:07       0  18103      4      0 
 20250824    00:37:07       1  18173      4      0 
 20250824    00:37:07       2  18175      4      0 
 20250824    00:37:07       3  18101      4      0 
 20250824    00:37:12       0  18103      4      0 
 20250824    00:37:12       1  18173      4      0 
 20250824    00:37:12       2  18175      4      0 
 20250824    00:37:12       3  18101      4      0 
 20250824    00:37:17       0  18103      4      0 
 20250824    00:37:17       1  18173      4      0 
 20250824    00:37:17       2  18175      4      0 
 20250824    00:37:17       3  18101      4      0 
 20250824    00:37:22       0  18103      4      0 
 20250824    00:37:22       1  18173      4      0 
 20250824    00:37:22       2  18175      4      0 
 20250824    00:37:22       3  18101      4      0 
 20250824    00:37:27       0  18103      4      0 
 20250824    00:37:27       1  18173      4      0 
 20250824    00:37:27       2  18175      4      0 
 20250824    00:37:27       3  18101      4      0 
 20250824    00:37:32       0  18103      4      0 
 20250824    00:37:32       1  18173      4      0 
 20250824    00:37:32       2  18175      4      0 
 20250824    00:37:32       3  18101      4      0 
 20250824    00:37:37       0  18103      4      0 
 20250824    00:37:37       1  18173      4      0 
 20250824    00:37:37       2  18175      4      0 
 20250824    00:37:37       3  18101      4      0 
 20250824    00:37:42       0  18103      4      0 
 20250824    00:37:42       1  18173      4      0 
 20250824    00:37:42       2  18175      4      0 
 20250824    00:37:42       3  18101      4      0 
#Date        Time         gpu     fb   bar1   ccpm 
#YYYYMMDD    HH:MM:SS     Idx     MB     MB     MB 
 20250824    00:37:47       0  18103      4      0 
 20250824    00:37:47       1  18173      4      0 
 20250824    00:37:47       2  18175      4      0 
 20250824    00:37:47       3  18101      4      0 
 20250824    00:37:52       0  18103      4      0 
 20250824    00:37:52       1  18173      4      0 
 20250824    00:37:52       2  18175      4      0 
 20250824    00:37:52       3  18101      4      0 
 20250824    00:37:57       0  18103      4      0 
 20250824    00:37:57       1  18173      4      0 
 20250824    00:37:57       2  18175      4      0 
 20250824    00:37:57       3  18101      4      0 
 20250824    00:38:02       0  18103      4      0 
 20250824    00:38:02       1  18173      4      0 
 20250824    00:38:02       2  18175      4      0 
 20250824    00:38:02       3  18101      4      0 
 20250824    00:38:07       0  18103      4      0 
 20250824    00:38:07       1  18173      4      0 
 20250824    00:38:07       2  18175      4      0 
 20250824    00:38:07       3  18101      4      0 
 20250824    00:38:12       0  18103      4      0 
 20250824    00:38:12       1  18173      4      0 
 20250824    00:38:12       2  18175      4      0 
 20250824    00:38:12       3  18101      4      0 
 20250824    00:38:17       0  18103      4      0 
 20250824    00:38:17       1  18173      4      0 
 20250824    00:38:17       2  18175      4      0 
 20250824    00:38:17       3  18101      4      0 
 20250824    00:38:22       0  18103      4      0 
 20250824    00:38:22       1  18173      4      0 
 20250824    00:38:22       2  18175      4      0 
 20250824    00:38:22       3  18101      4      0 
 20250824    00:38:27       0  18103      4      0 
 20250824    00:38:27       1  18173      4      0 
 20250824    00:38:27       2  18175      4      0 
 20250824    00:38:27       3  18101      4      0 
 20250824    00:38:32       0  18103      4      0 
 20250824    00:38:32       1  18173      4      0 
 20250824    00:38:32       2  18175      4      0 
 20250824    00:38:32       3  18101      4      0 
 20250824    00:38:37       0  18103      4      0 
 20250824    00:38:37       1  18173      4      0 
 20250824    00:38:37       2  18175      4      0 
 20250824    00:38:37       3  18101      4      0 
#Date        Time         gpu     fb   bar1   ccpm 
#YYYYMMDD    HH:MM:SS     Idx     MB     MB     MB 
 20250824    00:38:42       0  18103      4      0 
 20250824    00:38:42       1  18173      4      0 
 20250824    00:38:42       2  18175      4      0 
 20250824    00:38:42       3  18101      4      0 
 20250824    00:38:47       0  18103      4      0 
 20250824    00:38:47       1  18173      4      0 
 20250824    00:38:47       2  18175      4      0 
 20250824    00:38:47       3  18101      4      0 
 20250824    00:38:52       0  18103      4      0 
 20250824    00:38:52       1  18173      4      0 
 20250824    00:38:52       2  18175      4      0 
 20250824    00:38:52       3  18101      4      0 
 20250824    00:38:57       0  18103      4      0 
 20250824    00:38:57       1  18173      4      0 
 20250824    00:38:57       2  18175      4      0 
 20250824    00:38:57       3  18101      4      0 
 20250824    00:39:02       0  18103      4      0 
 20250824    00:39:02       1  18173      4      0 
 20250824    00:39:02       2  18175      4      0 
 20250824    00:39:02       3  18101      4      0 
 20250824    00:39:07       0  18103      4      0 
 20250824    00:39:07       1  18173      4      0 
 20250824    00:39:07       2  18175      4      0 
 20250824    00:39:07       3  18101      4      0 
 20250824    00:39:12       0  18103      4      0 
 20250824    00:39:12       1  18173      4      0 
 20250824    00:39:12       2  18175      4      0 
 20250824    00:39:12       3  18101      4      0 
 20250824    00:39:17       0  18103      4      0 
 20250824    00:39:17       1  18173      4      0 
 20250824    00:39:17       2  18175      4      0 
 20250824    00:39:17       3  18101      4      0 
 20250824    00:39:22       0  18103      4      0 
 20250824    00:39:22       1  18173      4      0 
 20250824    00:39:22       2  18175      4      0 
 20250824    00:39:22       3  18101      4      0 
 20250824    00:39:27       0  18103      4      0 
 20250824    00:39:27       1  18173      4      0 
 20250824    00:39:27       2  18175      4      0 
 20250824    00:39:27       3  18101      4      0 
 20250824    00:39:32       0  18103      4      0 
 20250824    00:39:32       1  18173      4      0 
 20250824    00:39:32       2  18175      4      0 
 20250824    00:39:32       3  18101      4      0 
#Date        Time         gpu     fb   bar1   ccpm 
#YYYYMMDD    HH:MM:SS     Idx     MB     MB     MB 
 20250824    00:39:37       0  18103      4      0 
 20250824    00:39:37       1  18173      4      0 
 20250824    00:39:37       2  18175      4      0 
 20250824    00:39:37       3  18101      4      0 
 20250824    00:39:42       0  18103      4      0 
 20250824    00:39:42       1  18173      4      0 
 20250824    00:39:42       2  18175      4      0 
 20250824    00:39:42       3  18101      4      0 
 20250824    00:39:47       0  18103      4      0 
 20250824    00:39:47       1  18173      4      0 
 20250824    00:39:47       2  18175      4      0 
 20250824    00:39:47       3  18101      4      0 
 20250824    00:39:52       0  18103      4      0 
 20250824    00:39:52       1  18173      4      0 
 20250824    00:39:52       2  18175      4      0 
 20250824    00:39:52       3  18101      4      0 
 20250824    00:39:57       0  18103      4      0 
 20250824    00:39:57       1  18173      4      0 
 20250824    00:39:57       2  18175      4      0 
 20250824    00:39:57       3  18101      4      0 
 20250824    00:40:02       0  18103      4      0 
 20250824    00:40:02       1  18173      4      0 
 20250824    00:40:02       2  18175      4      0 
 20250824    00:40:02       3  18101      4      0 
 20250824    00:40:07       0  18103      4      0 
 20250824    00:40:07       1  18173      4      0 
 20250824    00:40:07       2  18175      4      0 
 20250824    00:40:07       3  18101      4      0 
 20250824    00:40:12       0  18103      4      0 
 20250824    00:40:12       1  18173      4      0 
 20250824    00:40:12       2  18175      4      0 
 20250824    00:40:12       3  18101      4      0 
 20250824    00:40:17       0  18103      4      0 
 20250824    00:40:17       1  18173      4      0 
 20250824    00:40:17       2  18175      4      0 
 20250824    00:40:17       3  18101      4      0 
 20250824    00:40:22       0  18103      4      0 
 20250824    00:40:22       1  18173      4      0 
 20250824    00:40:22       2  18175      4      0 
 20250824    00:40:22       3  18101      4      0 
 20250824    00:40:27       0  18103      4      0 
 20250824    00:40:27       1  18173      4      0 
 20250824    00:40:27       2  18175      4      0 
 20250824    00:40:27       3  18101      4      0 
#Date        Time         gpu     fb   bar1   ccpm 
#YYYYMMDD    HH:MM:SS     Idx     MB     MB     MB 
 20250824    00:40:32       0  18103      4      0 
 20250824    00:40:32       1  18173      4      0 
 20250824    00:40:32       2  18175      4      0 
 20250824    00:40:32       3  18101      4      0 
 20250824    00:40:37       0  18103      4      0 
 20250824    00:40:37       1  18173      4      0 
 20250824    00:40:37       2  18175      4      0 
 20250824    00:40:37       3  18101      4      0 
 20250824    00:40:42       0  18103      4      0 
 20250824    00:40:42       1  18173      4      0 
 20250824    00:40:42       2  18175      4      0 
 20250824    00:40:42       3  18101      4      0 
 20250824    00:40:47       0  18103      4      0 
 20250824    00:40:47       1  18173      4      0 
 20250824    00:40:47       2  18175      4      0 
 20250824    00:40:47       3  18101      4      0 
 20250824    00:40:52       0  18103      4      0 
 20250824    00:40:52       1  18173      4      0 
 20250824    00:40:52       2  18175      4      0 
 20250824    00:40:52       3  18101      4      0 
 20250824    00:40:57       0  18103      4      0 
 20250824    00:40:57       1  18173      4      0 
 20250824    00:40:57       2  18175      4      0 
 20250824    00:40:57       3  18101      4      0 
 20250824    00:41:02       0  18103      4      0 
 20250824    00:41:02       1  18173      4      0 
 20250824    00:41:02       2  18175      4      0 
 20250824    00:41:02       3  18101      4      0 
 20250824    00:41:07       0  18103      4      0 
 20250824    00:41:07       1  18173      4      0 
 20250824    00:41:07       2  18175      4      0 
 20250824    00:41:07       3  18101      4      0 
 20250824    00:41:12       0  18103      4      0 
 20250824    00:41:12       1  18173      4      0 
 20250824    00:41:12       2  18175      4      0 
 20250824    00:41:12       3  18101      4      0 
 20250824    00:41:17       0  18103      4      0 
 20250824    00:41:17       1  18173      4      0 
 20250824    00:41:17       2  18175      4      0 
 20250824    00:41:17       3  18101      4      0 
 20250824    00:41:22       0  18103      4      0 
 20250824    00:41:22       1  18173      4      0 
 20250824    00:41:22       2  18175      4      0 
 20250824    00:41:22       3  18101      4      0 
#Date        Time         gpu     fb   bar1   ccpm 
#YYYYMMDD    HH:MM:SS     Idx     MB     MB     MB 
 20250824    00:41:27       0  18103      4      0 
 20250824    00:41:27       1  18173      4      0 
 20250824    00:41:27       2  18175      4      0 
 20250824    00:41:27       3  18101      4      0 
 20250824    00:41:32       0  18103      4      0 
 20250824    00:41:32       1  18173      4      0 
 20250824    00:41:32       2  18175      4      0 
 20250824    00:41:32       3  18101      4      0 
 20250824    00:41:37       0  18103      4      0 
 20250824    00:41:37       1  18173      4      0 
 20250824    00:41:37       2  18175      4      0 
 20250824    00:41:37       3  18101      4      0 
 20250824    00:41:42       0  18103      4      0 
 20250824    00:41:42       1  18173      4      0 
 20250824    00:41:42       2  18175      4      0 
 20250824    00:41:42       3  18101      4      0 
 20250824    00:41:47       0  18103      4      0 
 20250824    00:41:47       1  18173      4      0 
 20250824    00:41:47       2  18175      4      0 
 20250824    00:41:47       3  18101      4      0 
 20250824    00:41:52       0  18103      4      0 
 20250824    00:41:52       1  18173      4      0 
 20250824    00:41:52       2  18175      4      0 
 20250824    00:41:52       3  18101      4      0 
 20250824    00:41:57       0  18103      4      0 
 20250824    00:41:57       1  18173      4      0 
 20250824    00:41:57       2  18175      4      0 
 20250824    00:41:57       3  18101      4      0 
 20250824    00:42:02       0  18103      4      0 
 20250824    00:42:02       1  18173      4      0 
 20250824    00:42:02       2  18175      4      0 
 20250824    00:42:02       3  18101      4      0 
 20250824    00:42:07       0  18103      4      0 
 20250824    00:42:07       1  18173      4      0 
 20250824    00:42:07       2  18175      4      0 
 20250824    00:42:07       3  18101      4      0 
 20250824    00:42:12       0  18103      4      0 
 20250824    00:42:12       1  18173      4      0 
 20250824    00:42:12       2  18175      4      0 
 20250824    00:42:12       3  18101      4      0 
 20250824    00:42:17       0  18103      4      0 
 20250824    00:42:17       1  18173      4      0 
 20250824    00:42:17       2  18175      4      0 
 20250824    00:42:17       3  18101      4      0 
#Date        Time         gpu     fb   bar1   ccpm 
#YYYYMMDD    HH:MM:SS     Idx     MB     MB     MB 
 20250824    00:42:22       0  18103      4      0 
 20250824    00:42:22       1  18173      4      0 
 20250824    00:42:22       2  18175      4      0 
 20250824    00:42:22       3  18101      4      0 
 20250824    00:42:27       0  18103      4      0 
 20250824    00:42:27       1  18173      4      0 
 20250824    00:42:27       2  18175      4      0 
 20250824    00:42:27       3  18101      4      0 
 20250824    00:42:32       0  18103      4      0 
 20250824    00:42:32       1  18173      4      0 
 20250824    00:42:32       2  18175      4      0 
 20250824    00:42:32       3  18101      4      0 
 20250824    00:42:37       0  18103      4      0 
 20250824    00:42:37       1  18173      4      0 
 20250824    00:42:37       2  18175      4      0 
 20250824    00:42:37       3  18101      4      0 
 20250824    00:42:42       0  18103      4      0 
 20250824    00:42:42       1  18173      4      0 
 20250824    00:42:42       2  18175      4      0 
 20250824    00:42:42       3  18101      4      0 
 20250824    00:42:47       0  18103      4      0 
 20250824    00:42:47       1  18173      4      0 
 20250824    00:42:47       2  18175      4      0 
 20250824    00:42:47       3  18101      4      0 
 20250824    00:42:52       0  18103      4      0 
 20250824    00:42:52       1  18173      4      0 
 20250824    00:42:52       2  18175      4      0 
 20250824    00:42:52       3  18101      4      0 
 20250824    00:42:57       0  18103      4      0 
 20250824    00:42:57       1  18173      4      0 
 20250824    00:42:57       2  18175      4      0 
 20250824    00:42:57       3  18101      4      0 
 20250824    00:43:02       0  18103      4      0 
 20250824    00:43:02       1  18173      4      0 
 20250824    00:43:02       2  18175      4      0 
 20250824    00:43:02       3  18101      4      0 
 20250824    00:43:07       0  18103      4      0 
 20250824    00:43:07       1  18173      4      0 
 20250824    00:43:07       2  18175      4      0 
 20250824    00:43:07       3  18101      4      0 
 20250824    00:43:12       0  18103      4      0 
 20250824    00:43:12       1  18173      4      0 
 20250824    00:43:12       2  18175      4      0 
 20250824    00:43:12       3  18101      4      0 
#Date        Time         gpu     fb   bar1   ccpm 
#YYYYMMDD    HH:MM:SS     Idx     MB     MB     MB 
 20250824    00:43:17       0  18103      4      0 
 20250824    00:43:17       1  18173      4      0 
 20250824    00:43:17       2  18175      4      0 
 20250824    00:43:17       3  18101      4      0 
 20250824    00:43:22       0  18103      4      0 
 20250824    00:43:22       1  18173      4      0 
 20250824    00:43:22       2  18175      4      0 
 20250824    00:43:22       3  18101      4      0 
 20250824    00:43:27       0  18103      4      0 
 20250824    00:43:27       1  18173      4      0 
 20250824    00:43:27       2  18175      4      0 
 20250824    00:43:27       3  18101      4      0 
 20250824    00:43:32       0  18103      4      0 
 20250824    00:43:32       1  18173      4      0 
 20250824    00:43:32       2  18175      4      0 
 20250824    00:43:32       3  18101      4      0 
 20250824    00:43:37       0  18103      4      0 
 20250824    00:43:37       1  18173      4      0 
 20250824    00:43:37       2  18175      4      0 
 20250824    00:43:37       3  18101      4      0 
 20250824    00:43:42       0  18103      4      0 
 20250824    00:43:42       1  18173      4      0 
 20250824    00:43:42       2  18175      4      0 
 20250824    00:43:42       3  18101      4      0 
 20250824    00:43:47       0  18103      4      0 
 20250824    00:43:47       1  18173      4      0 
 20250824    00:43:47       2  18175      4      0 
 20250824    00:43:47       3  18101      4      0 
 20250824    00:43:52       0  18103      4      0 
 20250824    00:43:52       1  18173      4      0 
 20250824    00:43:52       2  18175      4      0 
 20250824    00:43:52       3  18101      4      0 
 20250824    00:43:57       0  18103      4      0 
 20250824    00:43:57       1  18173      4      0 
 20250824    00:43:57       2  18175      4      0 
 20250824    00:43:57       3  18101      4      0 
 20250824    00:44:02       0  18103      4      0 
 20250824    00:44:02       1  18173      4      0 
 20250824    00:44:02       2  18175      4      0 
 20250824    00:44:02       3  18101      4      0 
 20250824    00:44:07       0  18103      4      0 
 20250824    00:44:07       1  18173      4      0 
 20250824    00:44:07       2  18175      4      0 
 20250824    00:44:07       3  18101      4      0 
#Date        Time         gpu     fb   bar1   ccpm 
#YYYYMMDD    HH:MM:SS     Idx     MB     MB     MB 
 20250824    00:44:12       0  18103      4      0 
 20250824    00:44:12       1  18173      4      0 
 20250824    00:44:12       2  18175      4      0 
 20250824    00:44:12       3  18101      4      0 
 20250824    00:44:17       0  18103      4      0 
 20250824    00:44:17       1  18173      4      0 
 20250824    00:44:17       2  18175      4      0 
 20250824    00:44:17       3  18101      4      0 
 20250824    00:44:22       0  18103      4      0 
 20250824    00:44:22       1  18173      4      0 
 20250824    00:44:22       2  18175      4      0 
 20250824    00:44:22       3  18101      4      0 
 20250824    00:44:27       0  18103      4      0 
 20250824    00:44:27       1  18173      4      0 
 20250824    00:44:27       2  18175      4      0 
 20250824    00:44:27       3  18101      4      0 
 20250824    00:44:32       0  18103      4      0 
 20250824    00:44:32       1  18173      4      0 
 20250824    00:44:32       2  18175      4      0 
 20250824    00:44:32       3  18101      4      0 
 20250824    00:44:37       0  18103      4      0 
 20250824    00:44:37       1  18173      4      0 
 20250824    00:44:37       2  18175      4      0 
 20250824    00:44:37       3  18101      4      0 
 20250824    00:44:42       0  18103      4      0 
 20250824    00:44:42       1  18173      4      0 
 20250824    00:44:42       2  18175      4      0 
 20250824    00:44:42       3  18101      4      0 
 20250824    00:44:47       0  18103      4      0 
 20250824    00:44:47       1  18173      4      0 
 20250824    00:44:47       2  18175      4      0 
 20250824    00:44:47       3  18101      4      0 
 20250824    00:44:52       0  18103      4      0 
 20250824    00:44:52       1  18173      4      0 
 20250824    00:44:52       2  18175      4      0 
 20250824    00:44:52       3  18101      4      0 
 20250824    00:44:57       0  18103      4      0 
 20250824    00:44:57       1  18173      4      0 
 20250824    00:44:57       2  18175      4      0 
 20250824    00:44:57       3  18101      4      0 
 20250824    00:45:02       0  18103      4      0 
 20250824    00:45:02       1  18173      4      0 
 20250824    00:45:02       2  18175      4      0 
 20250824    00:45:02       3  18101      4      0 
#Date        Time         gpu     fb   bar1   ccpm 
#YYYYMMDD    HH:MM:SS     Idx     MB     MB     MB 
 20250824    00:45:07       0  18103      4      0 
 20250824    00:45:07       1  18173      4      0 
 20250824    00:45:07       2  18175      4      0 
 20250824    00:45:07       3  18101      4      0 
 20250824    00:45:12       0  18103      4      0 
 20250824    00:45:12       1  18173      4      0 
 20250824    00:45:12       2  18175      4      0 
 20250824    00:45:12       3  18101      4      0 
 20250824    00:45:17       0  18103      4      0 
 20250824    00:45:17       1  18173      4      0 
 20250824    00:45:17       2  18175      4      0 
 20250824    00:45:17       3  18101      4      0 
 20250824    00:45:22       0  18103      4      0 
 20250824    00:45:22       1  18173      4      0 
 20250824    00:45:22       2  18175      4      0 
 20250824    00:45:22       3  18101      4      0 
 20250824    00:45:27       0  18103      4      0 
 20250824    00:45:27       1  18173      4      0 
 20250824    00:45:27       2  18175      4      0 
 20250824    00:45:27       3  18101      4      0 
 20250824    00:45:32       0  18103      4      0 
 20250824    00:45:32       1  18173      4      0 
 20250824    00:45:32       2  18175      4      0 
 20250824    00:45:32       3  18101      4      0 
 20250824    00:45:37       0  18103      4      0 
 20250824    00:45:37       1  18173      4      0 
 20250824    00:45:37       2  18175      4      0 
 20250824    00:45:37       3  18101      4      0 
 20250824    00:45:42       0  18103      4      0 
 20250824    00:45:42       1  18173      4      0 
 20250824    00:45:42       2  18175      4      0 
 20250824    00:45:42       3  18101      4      0 
 20250824    00:45:47       0  18103      4      0 
 20250824    00:45:47       1  18173      4      0 
 20250824    00:45:47       2  18175      4      0 
 20250824    00:45:47       3  18101      4      0 
 20250824    00:45:52       0  18103      4      0 
 20250824    00:45:52       1  18173      4      0 
 20250824    00:45:52       2  18175      4      0 
 20250824    00:45:52       3  18101      4      0 
 20250824    00:45:57       0  18103      4      0 
 20250824    00:45:57       1  18173      4      0 
 20250824    00:45:57       2  18175      4      0 
 20250824    00:45:57       3  18101      4      0 
#Date        Time         gpu     fb   bar1   ccpm 
#YYYYMMDD    HH:MM:SS     Idx     MB     MB     MB 
 20250824    00:46:02       0  18103      4      0 
 20250824    00:46:02       1  18173      4      0 
 20250824    00:46:02       2  18175      4      0 
 20250824    00:46:02       3  18101      4      0 
 20250824    00:46:07       0  18103      4      0 
 20250824    00:46:07       1  18173      4      0 
 20250824    00:46:07       2  18175      4      0 
 20250824    00:46:07       3  18101      4      0 
 20250824    00:46:13       0  18103      4      0 
 20250824    00:46:13       1  18173      4      0 
 20250824    00:46:13       2  18175      4      0 
 20250824    00:46:13       3  18101      4      0 
 20250824    00:46:18       0  18103      4      0 
 20250824    00:46:18       1  18173      4      0 
 20250824    00:46:18       2  18175      4      0 
 20250824    00:46:18       3  18101      4      0 
 20250824    00:46:23       0  18103      4      0 
 20250824    00:46:23       1  18173      4      0 
 20250824    00:46:23       2  18175      4      0 
 20250824    00:46:23       3  18101      4      0 
 20250824    00:46:28       0  18103      4      0 
 20250824    00:46:28       1  18173      4      0 
 20250824    00:46:28       2  18175      4      0 
 20250824    00:46:28       3  18101      4      0 
 20250824    00:46:33       0  18103      4      0 
 20250824    00:46:33       1  18173      4      0 
 20250824    00:46:33       2  18175      4      0 
 20250824    00:46:33       3  18101      4      0 
 20250824    00:46:38       0  18103      4      0 
 20250824    00:46:38       1  18173      4      0 
 20250824    00:46:38       2  18175      4      0 
 20250824    00:46:38       3  18101      4      0 
 20250824    00:46:43       0  18103      4      0 
 20250824    00:46:43       1  18173      4      0 
 20250824    00:46:43       2  18175      4      0 
 20250824    00:46:43       3  18101      4      0 
 20250824    00:46:48       0  18103      4      0 
 20250824    00:46:48       1  18173      4      0 
 20250824    00:46:48       2  18175      4      0 
 20250824    00:46:48       3  18101      4      0 
 20250824    00:46:53       0  18103      4      0 
 20250824    00:46:53       1  18173      4      0 
 20250824    00:46:53       2  18175      4      0 
 20250824    00:46:53       3  18101      4      0 
#Date        Time         gpu     fb   bar1   ccpm 
#YYYYMMDD    HH:MM:SS     Idx     MB     MB     MB 
 20250824    00:46:58       0  18103      4      0 
 20250824    00:46:58       1  18173      4      0 
 20250824    00:46:58       2  18175      4      0 
 20250824    00:46:58       3  18101      4      0 
 20250824    00:47:03       0  18103      4      0 
 20250824    00:47:03       1  18173      4      0 
 20250824    00:47:03       2  18175      4      0 
 20250824    00:47:03       3  18101      4      0 
 20250824    00:47:08       0  18103      4      0 
 20250824    00:47:08       1  18173      4      0 
 20250824    00:47:08       2  18175      4      0 
 20250824    00:47:08       3  18101      4      0 
 20250824    00:47:13       0  18103      4      0 
 20250824    00:47:13       1  18173      4      0 
 20250824    00:47:13       2  18175      4      0 
 20250824    00:47:13       3  18101      4      0 
 20250824    00:47:18       0  18103      4      0 
 20250824    00:47:18       1  18173      4      0 
 20250824    00:47:18       2  18175      4      0 
 20250824    00:47:18       3  18101      4      0 
 20250824    00:47:23       0  18103      4      0 
 20250824    00:47:23       1  18173      4      0 
 20250824    00:47:23       2  18175      4      0 
 20250824    00:47:23       3  18101      4      0 
 20250824    00:47:28       0  18103      4      0 
 20250824    00:47:28       1  18173      4      0 
 20250824    00:47:28       2  18175      4      0 
 20250824    00:47:28       3  18101      4      0 
 20250824    00:47:33       0  18103      4      0 
 20250824    00:47:33       1  18173      4      0 
 20250824    00:47:33       2  18175      4      0 
 20250824    00:47:33       3  18101      4      0 
 20250824    00:47:38       0  18103      4      0 
 20250824    00:47:38       1  18173      4      0 
 20250824    00:47:38       2  18175      4      0 
 20250824    00:47:38       3  18101      4      0 
 20250824    00:47:43       0  18103      4      0 
 20250824    00:47:43       1  18173      4      0 
 20250824    00:47:43       2  18175      4      0 
 20250824    00:47:43       3  18101      4      0 
 20250824    00:47:48       0  18103      4      0 
 20250824    00:47:48       1  18173      4      0 
 20250824    00:47:48       2  18175      4      0 
 20250824    00:47:48       3  18101      4      0 
#Date        Time         gpu     fb   bar1   ccpm 
#YYYYMMDD    HH:MM:SS     Idx     MB     MB     MB 
 20250824    00:47:53       0  18103      4      0 
 20250824    00:47:53       1  18173      4      0 
 20250824    00:47:53       2  18175      4      0 
 20250824    00:47:53       3  18101      4      0 
 20250824    00:47:58       0  18103      4      0 
 20250824    00:47:58       1  18173      4      0 
 20250824    00:47:58       2  18175      4      0 
 20250824    00:47:58       3  18101      4      0 
 20250824    00:48:03       0  18103      4      0 
 20250824    00:48:03       1  18173      4      0 
 20250824    00:48:03       2  18175      4      0 
 20250824    00:48:03       3  18101      4      0 
 20250824    00:48:08       0  18103      4      0 
 20250824    00:48:08       1  18173      4      0 
 20250824    00:48:08       2  18175      4      0 
 20250824    00:48:08       3  18101      4      0 
 20250824    00:48:13       0  18103      4      0 
 20250824    00:48:13       1  18173      4      0 
 20250824    00:48:13       2  18175      4      0 
 20250824    00:48:13       3  18101      4      0 
 20250824    00:48:18       0  18103      4      0 
 20250824    00:48:18       1  18173      4      0 
 20250824    00:48:18       2  18175      4      0 
 20250824    00:48:18       3  18101      4      0 
 20250824    00:48:23       0  18103      4      0 
 20250824    00:48:23       1  18173      4      0 
 20250824    00:48:23       2  18175      4      0 
 20250824    00:48:23       3  18101      4      0 
 20250824    00:48:28       0  18103      4      0 
 20250824    00:48:28       1  18173      4      0 
 20250824    00:48:28       2  18175      4      0 
 20250824    00:48:28       3  18101      4      0 
 20250824    00:48:33       0  18103      4      0 
 20250824    00:48:33       1  18173      4      0 
 20250824    00:48:33       2  18175      4      0 
 20250824    00:48:33       3  18101      4      0 
 20250824    00:48:38       0  18103      4      0 
 20250824    00:48:38       1  18173      4      0 
 20250824    00:48:38       2  18175      4      0 
 20250824    00:48:38       3  18101      4      0 
 20250824    00:48:43       0  18103      4      0 
 20250824    00:48:43       1  18173      4      0 
 20250824    00:48:43       2  18175      4      0 
 20250824    00:48:43       3  18101      4      0 
#Date        Time         gpu     fb   bar1   ccpm 
#YYYYMMDD    HH:MM:SS     Idx     MB     MB     MB 
 20250824    00:48:48       0  18103      4      0 
 20250824    00:48:48       1  18173      4      0 
 20250824    00:48:48       2  18175      4      0 
 20250824    00:48:48       3  18101      4      0 
 20250824    00:48:53       0  18103      4      0 
 20250824    00:48:53       1  18173      4      0 
 20250824    00:48:53       2  18175      4      0 
 20250824    00:48:53       3  18101      4      0 
 20250824    00:48:58       0  18103      4      0 
 20250824    00:48:58       1  18173      4      0 
 20250824    00:48:58       2  18175      4      0 
 20250824    00:48:58       3  18101      4      0 
 20250824    00:49:03       0  18103      4      0 
 20250824    00:49:03       1  18173      4      0 
 20250824    00:49:03       2  18175      4      0 
 20250824    00:49:03       3  18101      4      0 
 20250824    00:49:08       0  18103      4      0 
 20250824    00:49:08       1  18173      4      0 
 20250824    00:49:08       2  18175      4      0 
 20250824    00:49:08       3  18101      4      0 
 20250824    00:49:13       0  18103      4      0 
 20250824    00:49:13       1  18173      4      0 
 20250824    00:49:13       2  18175      4      0 
 20250824    00:49:13       3  18101      4      0 
 20250824    00:49:18       0  18103      4      0 
 20250824    00:49:18       1  18173      4      0 
 20250824    00:49:18       2  18175      4      0 
 20250824    00:49:18       3  18101      4      0 
 20250824    00:49:23       0  18103      4      0 
 20250824    00:49:23       1  18173      4      0 
 20250824    00:49:23       2  18175      4      0 
 20250824    00:49:23       3  18101      4      0 
 20250824    00:49:28       0  18103      4      0 
 20250824    00:49:28       1  18173      4      0 
 20250824    00:49:28       2  18175      4      0 
 20250824    00:49:28       3  18101      4      0 
 20250824    00:49:33       0  18103      4      0 
 20250824    00:49:33       1  18173      4      0 
 20250824    00:49:33       2  18175      4      0 
 20250824    00:49:33       3  18101      4      0 
 20250824    00:49:38       0  18103      4      0 
 20250824    00:49:38       1  18173      4      0 
 20250824    00:49:38       2  18175      4      0 
 20250824    00:49:38       3  18101      4      0 
#Date        Time         gpu     fb   bar1   ccpm 
#YYYYMMDD    HH:MM:SS     Idx     MB     MB     MB 
 20250824    00:49:43       0  18103      4      0 
 20250824    00:49:43       1  18173      4      0 
 20250824    00:49:43       2  18175      4      0 
 20250824    00:49:43       3  18101      4      0 
 20250824    00:49:48       0  18103      4      0 
 20250824    00:49:48       1  18173      4      0 
 20250824    00:49:48       2  18175      4      0 
 20250824    00:49:48       3  18101      4      0 
 20250824    00:49:53       0  18103      4      0 
 20250824    00:49:53       1  18173      4      0 
 20250824    00:49:53       2  18175      4      0 
 20250824    00:49:53       3  18101      4      0 
 20250824    00:49:58       0  18103      4      0 
 20250824    00:49:58       1  18173      4      0 
 20250824    00:49:58       2  18175      4      0 
 20250824    00:49:58       3  18101      4      0 
 20250824    00:50:03       0  18103      4      0 
 20250824    00:50:03       1  18173      4      0 
 20250824    00:50:03       2  18175      4      0 
 20250824    00:50:03       3  18101      4      0 
 20250824    00:50:08       0  18103      4      0 
 20250824    00:50:08       1  18173      4      0 
 20250824    00:50:08       2  18175      4      0 
 20250824    00:50:08       3  18101      4      0 
 20250824    00:50:13       0  18103      4      0 
 20250824    00:50:13       1  18173      4      0 
 20250824    00:50:13       2  18175      4      0 
 20250824    00:50:13       3  18101      4      0 
 20250824    00:50:18       0  18103      4      0 
 20250824    00:50:18       1  18173      4      0 
 20250824    00:50:18       2  18175      4      0 
 20250824    00:50:18       3  18101      4      0 
 20250824    00:50:23       0  18103      4      0 
 20250824    00:50:23       1  18173      4      0 
 20250824    00:50:23       2  18175      4      0 
 20250824    00:50:23       3  18101      4      0 
 20250824    00:50:28       0  18103      4      0 
 20250824    00:50:28       1  18173      4      0 
 20250824    00:50:28       2  18175      4      0 
 20250824    00:50:28       3  18101      4      0 
 20250824    00:50:33       0  18103      4      0 
 20250824    00:50:33       1  18173      4      0 
 20250824    00:50:33       2  18175      4      0 
 20250824    00:50:33       3  18101      4      0 
#Date        Time         gpu     fb   bar1   ccpm 
#YYYYMMDD    HH:MM:SS     Idx     MB     MB     MB 
 20250824    00:50:38       0  18103      4      0 
 20250824    00:50:38       1  18173      4      0 
 20250824    00:50:38       2  18175      4      0 
 20250824    00:50:38       3  18101      4      0 
 20250824    00:50:43       0  18103      4      0 
 20250824    00:50:43       1  18173      4      0 
 20250824    00:50:43       2  18175      4      0 
 20250824    00:50:43       3  18101      4      0 
 20250824    00:50:48       0  18103      4      0 
 20250824    00:50:48       1  18173      4      0 
 20250824    00:50:48       2  18175      4      0 
 20250824    00:50:48       3  18101      4      0 
 20250824    00:50:53       0  18103      4      0 
 20250824    00:50:53       1  18173      4      0 
 20250824    00:50:53       2  18175      4      0 
 20250824    00:50:53       3  18101      4      0 
 20250824    00:50:58       0  18103      4      0 
 20250824    00:50:58       1  18173      4      0 
 20250824    00:50:58       2  18175      4      0 
 20250824    00:50:58       3  18101      4      0 
 20250824    00:51:03       0  18103      4      0 
 20250824    00:51:03       1  18173      4      0 
 20250824    00:51:03       2  18175      4      0 
 20250824    00:51:03       3  18101      4      0 
 20250824    00:51:08       0  18103      4      0 
 20250824    00:51:08       1  18173      4      0 
 20250824    00:51:08       2  18175      4      0 
 20250824    00:51:08       3  18101      4      0 
 20250824    00:51:13       0  18103      4      0 
 20250824    00:51:13       1  18173      4      0 
 20250824    00:51:13       2  18175      4      0 
 20250824    00:51:13       3  18101      4      0 
 20250824    00:51:18       0  18103      4      0 
 20250824    00:51:18       1  18173      4      0 
 20250824    00:51:18       2  18175      4      0 
 20250824    00:51:18       3  18101      4      0 
 20250824    00:51:23       0  18103      4      0 
 20250824    00:51:23       1  18173      4      0 
 20250824    00:51:23       2  18175      4      0 
 20250824    00:51:23       3  18101      4      0 
 20250824    00:51:28       0  18103      4      0 
 20250824    00:51:28       1  18173      4      0 
 20250824    00:51:28       2  18175      4      0 
 20250824    00:51:28       3  18101      4      0 
#Date        Time         gpu     fb   bar1   ccpm 
#YYYYMMDD    HH:MM:SS     Idx     MB     MB     MB 
 20250824    00:51:33       0  18103      4      0 
 20250824    00:51:33       1  18173      4      0 
 20250824    00:51:33       2  18175      4      0 
 20250824    00:51:33       3  18101      4      0 
 20250824    00:51:38       0  18103      4      0 
 20250824    00:51:38       1  18173      4      0 
 20250824    00:51:38       2  18175      4      0 
 20250824    00:51:38       3  18101      4      0 
 20250824    00:51:43       0  18103      4      0 
 20250824    00:51:43       1  18173      4      0 
 20250824    00:51:43       2  18175      4      0 
 20250824    00:51:43       3  18101      4      0 
 20250824    00:51:48       0  18103      4      0 
 20250824    00:51:48       1  18173      4      0 
 20250824    00:51:48       2  18175      4      0 
 20250824    00:51:48       3  18101      4      0 
 20250824    00:51:53       0  18103      4      0 
 20250824    00:51:53       1  18173      4      0 
 20250824    00:51:53       2  18175      4      0 
 20250824    00:51:53       3  18101      4      0 
 20250824    00:51:58       0  18103      4      0 
 20250824    00:51:58       1  18173      4      0 
 20250824    00:51:58       2  18175      4      0 
 20250824    00:51:58       3  18101      4      0 
 20250824    00:52:03       0  18103      4      0 
 20250824    00:52:03       1  18173      4      0 
 20250824    00:52:03       2  18175      4      0 
 20250824    00:52:03       3  18101      4      0 
 20250824    00:52:08       0  18103      4      0 
 20250824    00:52:08       1  18173      4      0 
 20250824    00:52:08       2  18175      4      0 
 20250824    00:52:08       3  18101      4      0 
 20250824    00:52:13       0  18103      4      0 
 20250824    00:52:13       1  18173      4      0 
 20250824    00:52:13       2  18175      4      0 
 20250824    00:52:13       3  18101      4      0 
 20250824    00:52:18       0  18103      4      0 
 20250824    00:52:18       1  18173      4      0 
 20250824    00:52:18       2  18175      4      0 
 20250824    00:52:18       3  18101      4      0 
 20250824    00:52:23       0  18103      4      0 
 20250824    00:52:23       1  18173      4      0 
 20250824    00:52:23       2  18175      4      0 
 20250824    00:52:23       3  18101      4      0 
#Date        Time         gpu     fb   bar1   ccpm 
#YYYYMMDD    HH:MM:SS     Idx     MB     MB     MB 
 20250824    00:52:28       0  18103      4      0 
 20250824    00:52:28       1  18173      4      0 
 20250824    00:52:28       2  18175      4      0 
 20250824    00:52:28       3  18101      4      0 
 20250824    00:52:33       0  18103      4      0 
 20250824    00:52:33       1  18173      4      0 
 20250824    00:52:33       2  18175      4      0 
 20250824    00:52:33       3  18101      4      0 
 20250824    00:52:38       0  18103      4      0 
 20250824    00:52:38       1  18173      4      0 
 20250824    00:52:38       2  18175      4      0 
 20250824    00:52:38       3  18101      4      0 
 20250824    00:52:43       0  18103      4      0 
 20250824    00:52:43       1  18173      4      0 
 20250824    00:52:43       2  18175      4      0 
 20250824    00:52:43       3  18101      4      0 
 20250824    00:52:48       0  18103      4      0 
 20250824    00:52:48       1  18173      4      0 
 20250824    00:52:48       2  18175      4      0 
 20250824    00:52:48       3  18101      4      0 
 20250824    00:52:53       0  18103      4      0 
 20250824    00:52:53       1  18173      4      0 
 20250824    00:52:53       2  18175      4      0 
 20250824    00:52:53       3  18101      4      0 
 20250824    00:52:58       0  18103      4      0 
 20250824    00:52:58       1  18173      4      0 
 20250824    00:52:58       2  18175      4      0 
 20250824    00:52:58       3  18101      4      0 
 20250824    00:53:03       0  18103      4      0 
 20250824    00:53:03       1  18173      4      0 
 20250824    00:53:03       2  18175      4      0 
 20250824    00:53:03       3  18101      4      0 
 20250824    00:53:08       0  18103      4      0 
 20250824    00:53:08       1  18173      4      0 
 20250824    00:53:08       2  18175      4      0 
 20250824    00:53:08       3  18101      4      0 
 20250824    00:53:13       0  18103      4      0 
 20250824    00:53:13       1  18173      4      0 
 20250824    00:53:13       2  18175      4      0 
 20250824    00:53:13       3  18101      4      0 
 20250824    00:53:18       0  18103      4      0 
 20250824    00:53:18       1  18173      4      0 
 20250824    00:53:18       2  18175      4      0 
 20250824    00:53:18       3  18101      4      0 
#Date        Time         gpu     fb   bar1   ccpm 
#YYYYMMDD    HH:MM:SS     Idx     MB     MB     MB 
 20250824    00:53:23       0  18103      4      0 
 20250824    00:53:23       1  18173      4      0 
 20250824    00:53:23       2  18175      4      0 
 20250824    00:53:23       3  18101      4      0 
 20250824    00:53:28       0  18103      4      0 
 20250824    00:53:28       1  18173      4      0 
 20250824    00:53:28       2  18175      4      0 
 20250824    00:53:28       3  18101      4      0 
 20250824    00:53:33       0  18103      4      0 
 20250824    00:53:33       1  18173      4      0 
 20250824    00:53:33       2  18175      4      0 
 20250824    00:53:33       3  18101      4      0 
 20250824    00:53:38       0  18103      4      0 
 20250824    00:53:38       1  18173      4      0 
 20250824    00:53:38       2  18175      4      0 
 20250824    00:53:38       3  18101      4      0 
 20250824    00:53:43       0  18103      4      0 
 20250824    00:53:43       1  18173      4      0 
 20250824    00:53:43       2  18175      4      0 
 20250824    00:53:43       3  18101      4      0 
 20250824    00:53:48       0  18103      4      0 
 20250824    00:53:48       1  18173      4      0 
 20250824    00:53:48       2  18175      4      0 
 20250824    00:53:48       3  18101      4      0 
 20250824    00:53:53       0  18103      4      0 
 20250824    00:53:53       1  18173      4      0 
 20250824    00:53:53       2  18175      4      0 
 20250824    00:53:53       3  18101      4      0 
 20250824    00:53:58       0  18103      4      0 
 20250824    00:53:58       1  18173      4      0 
 20250824    00:53:58       2  18175      4      0 
 20250824    00:53:58       3  18101      4      0 
 20250824    00:54:03       0  18103      4      0 
 20250824    00:54:03       1  18173      4      0 
 20250824    00:54:03       2  18175      4      0 
 20250824    00:54:03       3  18101      4      0 
 20250824    00:54:08       0  18103      4      0 
 20250824    00:54:08       1  18173      4      0 
 20250824    00:54:08       2  18175      4      0 
 20250824    00:54:08       3  18101      4      0 
 20250824    00:54:13       0  18103      4      0 
 20250824    00:54:13       1  18173      4      0 
 20250824    00:54:13       2  18175      4      0 
 20250824    00:54:13       3  18101      4      0 
#Date        Time         gpu     fb   bar1   ccpm 
#YYYYMMDD    HH:MM:SS     Idx     MB     MB     MB 
 20250824    00:54:18       0  18103      4      0 
 20250824    00:54:18       1  18173      4      0 
 20250824    00:54:18       2  18175      4      0 
 20250824    00:54:18       3  18101      4      0 
 20250824    00:54:23       0  18103      4      0 
 20250824    00:54:23       1  18173      4      0 
 20250824    00:54:23       2  18175      4      0 
 20250824    00:54:23       3  18101      4      0 
 20250824    00:54:28       0  18103      4      0 
 20250824    00:54:28       1  18173      4      0 
 20250824    00:54:28       2  18175      4      0 
 20250824    00:54:28       3  18101      4      0 
 20250824    00:54:33       0  18103      4      0 
 20250824    00:54:33       1  18173      4      0 
 20250824    00:54:33       2  18175      4      0 
 20250824    00:54:33       3  18101      4      0 
 20250824    00:54:38       0  18103      4      0 
 20250824    00:54:38       1  18173      4      0 
 20250824    00:54:38       2  18175      4      0 
 20250824    00:54:38       3  18101      4      0 
 20250824    00:54:43       0  18103      4      0 
 20250824    00:54:43       1  18173      4      0 
 20250824    00:54:43       2  18175      4      0 
 20250824    00:54:43       3  18101      4      0 
 20250824    00:54:48       0  18103      4      0 
 20250824    00:54:48       1  18173      4      0 
 20250824    00:54:48       2  18175      4      0 
 20250824    00:54:48       3  18101      4      0 
 20250824    00:54:53       0  18103      4      0 
 20250824    00:54:53       1  18173      4      0 
 20250824    00:54:53       2  18175      4      0 
 20250824    00:54:53       3  18101      4      0 
 20250824    00:54:58       0  18103      4      0 
 20250824    00:54:58       1  18173      4      0 
 20250824    00:54:58       2  18175      4      0 
 20250824    00:54:58       3  18101      4      0 
 20250824    00:55:03       0  18103      4      0 
 20250824    00:55:03       1  18173      4      0 
 20250824    00:55:03       2  18175      4      0 
 20250824    00:55:03       3  18101      4      0 
 20250824    00:55:08       0  18103      4      0 
 20250824    00:55:08       1  18173      4      0 
 20250824    00:55:08       2  18175      4      0 
 20250824    00:55:08       3  18101      4      0 
#Date        Time         gpu     fb   bar1   ccpm 
#YYYYMMDD    HH:MM:SS     Idx     MB     MB     MB 
 20250824    00:55:13       0  18103      4      0 
 20250824    00:55:13       1  18173      4      0 
 20250824    00:55:13       2  18175      4      0 
 20250824    00:55:13       3  18101      4      0 
 20250824    00:55:18       0  18103      4      0 
 20250824    00:55:18       1  18173      4      0 
 20250824    00:55:18       2  18175      4      0 
 20250824    00:55:18       3  18101      4      0 
 20250824    00:55:23       0  18103      4      0 
 20250824    00:55:23       1  18173      4      0 
 20250824    00:55:23       2  18175      4      0 
 20250824    00:55:23       3  18101      4      0 
 20250824    00:55:28       0  18103      4      0 
 20250824    00:55:28       1  18173      4      0 
 20250824    00:55:28       2  18175      4      0 
 20250824    00:55:28       3  18101      4      0 
 20250824    00:55:33       0  18103      4      0 
 20250824    00:55:33       1  18173      4      0 
 20250824    00:55:33       2  18175      4      0 
 20250824    00:55:33       3  18101      4      0 
 20250824    00:55:38       0  18103      4      0 
 20250824    00:55:38       1  18173      4      0 
 20250824    00:55:38       2  18175      4      0 
 20250824    00:55:38       3  18101      4      0 
 20250824    00:55:43       0  18103      4      0 
 20250824    00:55:43       1  18173      4      0 
 20250824    00:55:43       2  18175      4      0 
 20250824    00:55:43       3  18101      4      0 
 20250824    00:55:48       0  18103      4      0 
 20250824    00:55:48       1  18173      4      0 
 20250824    00:55:48       2  18175      4      0 
 20250824    00:55:48       3  18101      4      0 
 20250824    00:55:53       0  18103      4      0 
 20250824    00:55:53       1  18173      4      0 
 20250824    00:55:53       2  18175      4      0 
 20250824    00:55:53       3  18101      4      0 
 20250824    00:55:58       0  18103      4      0 
 20250824    00:55:58       1  18173      4      0 
 20250824    00:55:58       2  18175      4      0 
 20250824    00:55:58       3  18101      4      0 
 20250824    00:56:03       0  18103      4      0 
 20250824    00:56:03       1  18173      4      0 
 20250824    00:56:03       2  18175      4      0 
 20250824    00:56:03       3  18101      4      0 
#Date        Time         gpu     fb   bar1   ccpm 
#YYYYMMDD    HH:MM:SS     Idx     MB     MB     MB 
 20250824    00:56:08       0  18103      4      0 
 20250824    00:56:08       1  18173      4      0 
 20250824    00:56:08       2  18175      4      0 
 20250824    00:56:08       3  18101      4      0 
 20250824    00:56:13       0  18103      4      0 
 20250824    00:56:13       1  18173      4      0 
 20250824    00:56:13       2  18175      4      0 
 20250824    00:56:13       3  18101      4      0 
 20250824    00:56:18       0  18103      4      0 
 20250824    00:56:18       1  18173      4      0 
 20250824    00:56:18       2  18175      4      0 
 20250824    00:56:18       3  18101      4      0 
 20250824    00:56:23       0  18103      4      0 
 20250824    00:56:23       1  18173      4      0 
 20250824    00:56:23       2  18175      4      0 
 20250824    00:56:23       3  18101      4      0 
 20250824    00:56:28       0  18103      4      0 
 20250824    00:56:28       1  18173      4      0 
 20250824    00:56:28       2  18175      4      0 
 20250824    00:56:28       3  18101      4      0 
 20250824    00:56:33       0  18103      4      0 
 20250824    00:56:33       1  18173      4      0 
 20250824    00:56:33       2  18175      4      0 
 20250824    00:56:33       3  18101      4      0 
 20250824    00:56:38       0  18103      4      0 
 20250824    00:56:38       1  18173      4      0 
 20250824    00:56:38       2  18175      4      0 
 20250824    00:56:38       3  18101      4      0 
 20250824    00:56:43       0  18103      4      0 
 20250824    00:56:43       1  18173      4      0 
 20250824    00:56:43       2  18175      4      0 
 20250824    00:56:43       3  18101      4      0 
 20250824    00:56:48       0  18103      4      0 
 20250824    00:56:48       1  18173      4      0 
 20250824    00:56:48       2  18175      4      0 
 20250824    00:56:48       3  18101      4      0 
 20250824    00:56:53       0  18103      4      0 
 20250824    00:56:53       1  18173      4      0 
 20250824    00:56:53       2  18175      4      0 
 20250824    00:56:53       3  18101      4      0 
 20250824    00:56:58       0  18103      4      0 
 20250824    00:56:58       1  18173      4      0 
 20250824    00:56:58       2  18175      4      0 
 20250824    00:56:58       3  18101      4      0 
#Date        Time         gpu     fb   bar1   ccpm 
#YYYYMMDD    HH:MM:SS     Idx     MB     MB     MB 
 20250824    00:57:03       0  18103      4      0 
 20250824    00:57:03       1  18173      4      0 
 20250824    00:57:03       2  18175      4      0 
 20250824    00:57:03       3  18101      4      0 
 20250824    00:57:08       0  18103      4      0 
 20250824    00:57:08       1  18173      4      0 
 20250824    00:57:08       2  18175      4      0 
 20250824    00:57:08       3  18101      4      0 
 20250824    00:57:13       0  18103      4      0 
 20250824    00:57:13       1  18173      4      0 
 20250824    00:57:13       2  18175      4      0 
 20250824    00:57:13       3  18101      4      0 
 20250824    00:57:18       0  18103      4      0 
 20250824    00:57:18       1  18173      4      0 
 20250824    00:57:18       2  18175      4      0 
 20250824    00:57:18       3  18101      4      0 
 20250824    00:57:23       0  18103      4      0 
 20250824    00:57:23       1  18173      4      0 
 20250824    00:57:23       2  18175      4      0 
 20250824    00:57:23       3  18101      4      0 
 20250824    00:57:28       0  18103      4      0 
 20250824    00:57:28       1  18173      4      0 
 20250824    00:57:28       2  18175      4      0 
 20250824    00:57:28       3  18101      4      0 
 20250824    00:57:33       0  18103      4      0 
 20250824    00:57:33       1  18173      4      0 
 20250824    00:57:33       2  18175      4      0 
 20250824    00:57:33       3  18101      4      0 
 20250824    00:57:38       0  18103      4      0 
 20250824    00:57:38       1  18173      4      0 
 20250824    00:57:38       2  18175      4      0 
 20250824    00:57:38       3  18101      4      0 
 20250824    00:57:43       0  18103      4      0 
 20250824    00:57:43       1  18173      4      0 
 20250824    00:57:43       2  18175      4      0 
 20250824    00:57:43       3  18101      4      0 
 20250824    00:57:48       0  18103      4      0 
 20250824    00:57:48       1  18173      4      0 
 20250824    00:57:48       2  18175      4      0 
 20250824    00:57:48       3  18101      4      0 
 20250824    00:57:53       0  18103      4      0 
 20250824    00:57:53       1  18173      4      0 
 20250824    00:57:53       2  18175      4      0 
 20250824    00:57:53       3  18101      4      0 
#Date        Time         gpu     fb   bar1   ccpm 
#YYYYMMDD    HH:MM:SS     Idx     MB     MB     MB 
 20250824    00:57:58       0  18103      4      0 
 20250824    00:57:58       1  18173      4      0 
 20250824    00:57:58       2  18175      4      0 
 20250824    00:57:58       3  18101      4      0 
 20250824    00:58:03       0  18103      4      0 
 20250824    00:58:03       1  18173      4      0 
 20250824    00:58:03       2  18175      4      0 
 20250824    00:58:03       3  18101      4      0 
 20250824    00:58:08       0  18103      4      0 
 20250824    00:58:08       1  18173      4      0 
 20250824    00:58:08       2  18175      4      0 
 20250824    00:58:08       3  18101      4      0 
 20250824    00:58:13       0  18103      4      0 
 20250824    00:58:13       1  18173      4      0 
 20250824    00:58:13       2  18175      4      0 
 20250824    00:58:13       3  18101      4      0 
 20250824    00:58:18       0  18103      4      0 
 20250824    00:58:18       1  18173      4      0 
 20250824    00:58:18       2  18175      4      0 
 20250824    00:58:18       3  18101      4      0 
 20250824    00:58:23       0  18103      4      0 
 20250824    00:58:23       1  18173      4      0 
 20250824    00:58:23       2  18175      4      0 
 20250824    00:58:23       3  18101      4      0 
 20250824    00:58:28       0  18103      4      0 
 20250824    00:58:28       1  18173      4      0 
 20250824    00:58:28       2  18175      4      0 
 20250824    00:58:28       3  18101      4      0 
 20250824    00:58:33       0  18103      4      0 
 20250824    00:58:33       1  18173      4      0 
 20250824    00:58:33       2  18175      4      0 
 20250824    00:58:33       3  18101      4      0 
 20250824    00:58:38       0  18103      4      0 
 20250824    00:58:38       1  18173      4      0 
 20250824    00:58:38       2  18175      4      0 
 20250824    00:58:38       3  18101      4      0 
 20250824    00:58:43       0  18103      4      0 
 20250824    00:58:43       1  18173      4      0 
 20250824    00:58:43       2  18175      4      0 
 20250824    00:58:43       3  18101      4      0 
 20250824    00:58:48       0  18103      4      0 
 20250824    00:58:48       1  18173      4      0 
 20250824    00:58:48       2  18175      4      0 
 20250824    00:58:48       3  18101      4      0 
#Date        Time         gpu     fb   bar1   ccpm 
#YYYYMMDD    HH:MM:SS     Idx     MB     MB     MB 
 20250824    00:58:53       0  18103      4      0 
 20250824    00:58:53       1  18173      4      0 
 20250824    00:58:53       2  18175      4      0 
 20250824    00:58:53       3  18101      4      0 
 20250824    00:58:58       0  18103      4      0 
 20250824    00:58:58       1  18173      4      0 
 20250824    00:58:58       2  18175      4      0 
 20250824    00:58:58       3  18101      4      0 
 20250824    00:59:03       0  18103      4      0 
 20250824    00:59:03       1  18173      4      0 
 20250824    00:59:03       2  18175      4      0 
 20250824    00:59:03       3  18101      4      0 
 20250824    00:59:08       0  18103      4      0 
 20250824    00:59:08       1  18173      4      0 
 20250824    00:59:08       2  18175      4      0 
 20250824    00:59:08       3  18101      4      0 
 20250824    00:59:13       0  18103      4      0 
 20250824    00:59:13       1  18173      4      0 
 20250824    00:59:13       2  18175      4      0 
 20250824    00:59:13       3  18101      4      0 
 20250824    00:59:18       0  18103      4      0 
 20250824    00:59:18       1  18173      4      0 
 20250824    00:59:18       2  18175      4      0 
 20250824    00:59:18       3  18101      4      0 
 20250824    00:59:23       0  18103      4      0 
 20250824    00:59:23       1  18173      4      0 
 20250824    00:59:23       2  18175      4      0 
 20250824    00:59:23       3  18101      4      0 
 20250824    00:59:28       0  18103      4      0 
 20250824    00:59:28       1  18173      4      0 
 20250824    00:59:28       2  18175      4      0 
 20250824    00:59:28       3  18101      4      0 
 20250824    00:59:33       0  18103      4      0 
 20250824    00:59:33       1  18173      4      0 
 20250824    00:59:33       2  18175      4      0 
 20250824    00:59:33       3  18101      4      0 
 20250824    00:59:38       0  18103      4      0 
 20250824    00:59:38       1  18173      4      0 
 20250824    00:59:38       2  18175      4      0 
 20250824    00:59:38       3  18101      4      0 
 20250824    00:59:43       0  18103      4      0 
 20250824    00:59:43       1  18173      4      0 
 20250824    00:59:43       2  18175      4      0 
 20250824    00:59:43       3  18101      4      0 
#Date        Time         gpu     fb   bar1   ccpm 
#YYYYMMDD    HH:MM:SS     Idx     MB     MB     MB 
 20250824    00:59:48       0  18103      4      0 
 20250824    00:59:48       1  18173      4      0 
 20250824    00:59:48       2  18175      4      0 
 20250824    00:59:48       3  18101      4      0 
 20250824    00:59:53       0  18103      4      0 
 20250824    00:59:53       1  18173      4      0 
 20250824    00:59:53       2  18175      4      0 
 20250824    00:59:53       3  18101      4      0 
 20250824    00:59:58       0  18103      4      0 
 20250824    00:59:58       1  18173      4      0 
 20250824    00:59:58       2  18175      4      0 
 20250824    00:59:58       3  18101      4      0 
 20250824    01:00:03       0  18103      4      0 
 20250824    01:00:03       1  18173      4      0 
 20250824    01:00:03       2  18175      4      0 
 20250824    01:00:03       3  18101      4      0 
 20250824    01:00:08       0  18103      4      0 
 20250824    01:00:08       1  18173      4      0 
 20250824    01:00:08       2  18175      4      0 
 20250824    01:00:08       3  18101      4      0 
 20250824    01:00:13       0  18103      4      0 
 20250824    01:00:13       1  18173      4      0 
 20250824    01:00:13       2  18175      4      0 
 20250824    01:00:13       3  18101      4      0 
 20250824    01:00:18       0  18103      4      0 
 20250824    01:00:18       1  18173      4      0 
 20250824    01:00:18       2  18175      4      0 
 20250824    01:00:18       3  18101      4      0 
 20250824    01:00:23       0  18103      4      0 
 20250824    01:00:23       1  18173      4      0 
 20250824    01:00:23       2  18175      4      0 
 20250824    01:00:23       3  18101      4      0 
 20250824    01:00:28       0  18103      4      0 
 20250824    01:00:28       1  18173      4      0 
 20250824    01:00:28       2  18175      4      0 
 20250824    01:00:28       3  18101      4      0 
 20250824    01:00:33       0  18103      4      0 
 20250824    01:00:33       1  18173      4      0 
 20250824    01:00:33       2  18175      4      0 
 20250824    01:00:33       3  18101      4      0 
 20250824    01:00:38       0  18103      4      0 
 20250824    01:00:38       1  18173      4      0 
 20250824    01:00:38       2  18175      4      0 
 20250824    01:00:38       3  18101      4      0 
#Date        Time         gpu     fb   bar1   ccpm 
#YYYYMMDD    HH:MM:SS     Idx     MB     MB     MB 
 20250824    01:00:43       0  18103      4      0 
 20250824    01:00:43       1  18173      4      0 
 20250824    01:00:43       2  18175      4      0 
 20250824    01:00:43       3  18101      4      0 
 20250824    01:00:48       0  18103      4      0 
 20250824    01:00:48       1  18173      4      0 
 20250824    01:00:48       2  18175      4      0 
 20250824    01:00:48       3  18101      4      0 
 20250824    01:00:53       0  18103      4      0 
 20250824    01:00:53       1  18173      4      0 
 20250824    01:00:53       2  18175      4      0 
 20250824    01:00:53       3  18101      4      0 
 20250824    01:00:58       0  18103      4      0 
 20250824    01:00:58       1  18173      4      0 
 20250824    01:00:58       2  18175      4      0 
 20250824    01:00:58       3  18101      4      0 
 20250824    01:01:03       0  18103      4      0 
 20250824    01:01:03       1  18173      4      0 
 20250824    01:01:03       2  18175      4      0 
 20250824    01:01:03       3  18101      4      0 
 20250824    01:01:08       0  18103      4      0 
 20250824    01:01:08       1  18173      4      0 
 20250824    01:01:08       2  18175      4      0 
 20250824    01:01:08       3  18101      4      0 
 20250824    01:01:13       0  18103      4      0 
 20250824    01:01:13       1  18173      4      0 
 20250824    01:01:13       2  18175      4      0 
 20250824    01:01:13       3  18101      4      0 
 20250824    01:01:18       0  18103      4      0 
 20250824    01:01:18       1  18173      4      0 
 20250824    01:01:18       2  18175      4      0 
 20250824    01:01:18       3  18101      4      0 
 20250824    01:01:23       0  18103      4      0 
 20250824    01:01:23       1  18173      4      0 
 20250824    01:01:23       2  18175      4      0 
 20250824    01:01:23       3  18101      4      0 
 20250824    01:01:28       0  18103      4      0 
 20250824    01:01:28       1  18173      4      0 
 20250824    01:01:28       2  18175      4      0 
 20250824    01:01:28       3  18101      4      0 
 20250824    01:01:33       0  18103      4      0 
 20250824    01:01:33       1  18173      4      0 
 20250824    01:01:33       2  18175      4      0 
 20250824    01:01:33       3  18101      4      0 
#Date        Time         gpu     fb   bar1   ccpm 
#YYYYMMDD    HH:MM:SS     Idx     MB     MB     MB 
 20250824    01:01:38       0  18103      4      0 
 20250824    01:01:38       1  18173      4      0 
 20250824    01:01:38       2  18175      4      0 
 20250824    01:01:38       3  18101      4      0 
 20250824    01:01:43       0  18103      4      0 
 20250824    01:01:43       1  18173      4      0 
 20250824    01:01:43       2  18175      4      0 
 20250824    01:01:43       3  18101      4      0 
 20250824    01:01:48       0  18103      4      0 
 20250824    01:01:48       1  18173      4      0 
 20250824    01:01:48       2  18175      4      0 
 20250824    01:01:48       3  18101      4      0 
 20250824    01:01:53       0  18103      4      0 
 20250824    01:01:53       1  18173      4      0 
 20250824    01:01:53       2  18175      4      0 
 20250824    01:01:53       3  18101      4      0 
 20250824    01:01:58       0  18103      4      0 
 20250824    01:01:58       1  18173      4      0 
 20250824    01:01:58       2  18175      4      0 
 20250824    01:01:58       3  18101      4      0 
 20250824    01:02:03       0  18103      4      0 
 20250824    01:02:03       1  18173      4      0 
 20250824    01:02:03       2  18175      4      0 
 20250824    01:02:03       3  18101      4      0 
 20250824    01:02:08       0  18103      4      0 
 20250824    01:02:08       1  18173      4      0 
 20250824    01:02:08       2  18175      4      0 
 20250824    01:02:08       3  18101      4      0 
 20250824    01:02:14       0  18103      4      0 
 20250824    01:02:14       1  18173      4      0 
 20250824    01:02:14       2  18175      4      0 
 20250824    01:02:14       3  18101      4      0 
 20250824    01:02:19       0  18103      4      0 
 20250824    01:02:19       1  18173      4      0 
 20250824    01:02:19       2  18175      4      0 
 20250824    01:02:19       3  18101      4      0 
 20250824    01:02:24       0  18103      4      0 
 20250824    01:02:24       1  18173      4      0 
 20250824    01:02:24       2  18175      4      0 
 20250824    01:02:24       3  18101      4      0 
 20250824    01:02:29       0  18103      4      0 
 20250824    01:02:29       1  18173      4      0 
 20250824    01:02:29       2  18175      4      0 
 20250824    01:02:29       3  18101      4      0 
#Date        Time         gpu     fb   bar1   ccpm 
#YYYYMMDD    HH:MM:SS     Idx     MB     MB     MB 
 20250824    01:02:34       0  18103      4      0 
 20250824    01:02:34       1  18173      4      0 
 20250824    01:02:34       2  18175      4      0 
 20250824    01:02:34       3  18101      4      0 
 20250824    01:02:39       0  18103      4      0 
 20250824    01:02:39       1  18173      4      0 
 20250824    01:02:39       2  18175      4      0 
 20250824    01:02:39       3  18101      4      0 
 20250824    01:02:44       0  18103      4      0 
 20250824    01:02:44       1  18173      4      0 
 20250824    01:02:44       2  18175      4      0 
 20250824    01:02:44       3  18101      4      0 
 20250824    01:02:49       0  18103      4      0 
 20250824    01:02:49       1  18173      4      0 
 20250824    01:02:49       2  18175      4      0 
 20250824    01:02:49       3  18101      4      0 
 20250824    01:02:54       0  18103      4      0 
 20250824    01:02:54       1  18173      4      0 
 20250824    01:02:54       2  18175      4      0 
 20250824    01:02:54       3  18101      4      0 
 20250824    01:02:59       0  18103      4      0 
 20250824    01:02:59       1  18173      4      0 
 20250824    01:02:59       2  18175      4      0 
 20250824    01:02:59       3  18101      4      0 
 20250824    01:03:04       0  18103      4      0 
 20250824    01:03:04       1  18173      4      0 
 20250824    01:03:04       2  18175      4      0 
 20250824    01:03:04       3  18101      4      0 
 20250824    01:03:09       0  18103      4      0 
 20250824    01:03:09       1  18173      4      0 
 20250824    01:03:09       2  18175      4      0 
 20250824    01:03:09       3  18101      4      0 
 20250824    01:03:14       0  18103      4      0 
 20250824    01:03:14       1  18173      4      0 
 20250824    01:03:14       2  18175      4      0 
 20250824    01:03:14       3  18101      4      0 
 20250824    01:03:19       0  18103      4      0 
 20250824    01:03:19       1  18173      4      0 
 20250824    01:03:19       2  18175      4      0 
 20250824    01:03:19       3  18101      4      0 
 20250824    01:03:24       0  18103      4      0 
 20250824    01:03:24       1  18173      4      0 
 20250824    01:03:24       2  18175      4      0 
 20250824    01:03:24       3  18101      4      0 
#Date        Time         gpu     fb   bar1   ccpm 
#YYYYMMDD    HH:MM:SS     Idx     MB     MB     MB 
 20250824    01:03:29       0  18103      4      0 
 20250824    01:03:29       1  18173      4      0 
 20250824    01:03:29       2  18175      4      0 
 20250824    01:03:29       3  18101      4      0 
 20250824    01:03:34       0  18103      4      0 
 20250824    01:03:34       1  18173      4      0 
 20250824    01:03:34       2  18175      4      0 
 20250824    01:03:34       3  18101      4      0 
 20250824    01:03:39       0  18103      4      0 
 20250824    01:03:39       1  18173      4      0 
 20250824    01:03:39       2  18175      4      0 
 20250824    01:03:39       3  18101      4      0 
 20250824    01:03:44       0  18103      4      0 
 20250824    01:03:44       1  18173      4      0 
 20250824    01:03:44       2  18175      4      0 
 20250824    01:03:44       3  18101      4      0 
 20250824    01:03:49       0  18103      4      0 
 20250824    01:03:49       1  18173      4      0 
 20250824    01:03:49       2  18175      4      0 
 20250824    01:03:49       3  18101      4      0 
 20250824    01:03:54       0  18103      4      0 
 20250824    01:03:54       1  18173      4      0 
 20250824    01:03:54       2  18175      4      0 
 20250824    01:03:54       3  18101      4      0 
 20250824    01:03:59       0  18103      4      0 
 20250824    01:03:59       1  18173      4      0 
 20250824    01:03:59       2  18175      4      0 
 20250824    01:03:59       3  18101      4      0 
 20250824    01:04:04       0  18103      4      0 
 20250824    01:04:04       1  18173      4      0 
 20250824    01:04:04       2  18175      4      0 
 20250824    01:04:04       3  18101      4      0 
 20250824    01:04:09       0  18103      4      0 
 20250824    01:04:09       1  18173      4      0 
 20250824    01:04:09       2  18175      4      0 
 20250824    01:04:09       3  18101      4      0 
 20250824    01:04:14       0  18103      4      0 
 20250824    01:04:14       1  18173      4      0 
 20250824    01:04:14       2  18175      4      0 
 20250824    01:04:14       3  18101      4      0 
 20250824    01:04:19       0  18103      4      0 
 20250824    01:04:19       1  18173      4      0 
 20250824    01:04:19       2  18175      4      0 
 20250824    01:04:19       3  18101      4      0 
#Date        Time         gpu     fb   bar1   ccpm 
#YYYYMMDD    HH:MM:SS     Idx     MB     MB     MB 
 20250824    01:04:24       0  18103      4      0 
 20250824    01:04:24       1  18173      4      0 
 20250824    01:04:24       2  18175      4      0 
 20250824    01:04:24       3  18101      4      0 
 20250824    01:04:29       0  18103      4      0 
 20250824    01:04:29       1  18173      4      0 
 20250824    01:04:29       2  18175      4      0 
 20250824    01:04:29       3  18101      4      0 
 20250824    01:04:34       0  18103      4      0 
 20250824    01:04:34       1  18173      4      0 
 20250824    01:04:34       2  18175      4      0 
 20250824    01:04:34       3  18101      4      0 
 20250824    01:04:39       0  18103      4      0 
 20250824    01:04:39       1  18173      4      0 
 20250824    01:04:39       2  18175      4      0 
 20250824    01:04:39       3  18101      4      0 
 20250824    01:04:44       0  18103      4      0 
 20250824    01:04:44       1  18173      4      0 
 20250824    01:04:44       2  18175      4      0 
 20250824    01:04:44       3  18101      4      0 
 20250824    01:04:49       0  18103      4      0 
 20250824    01:04:49       1  18173      4      0 
 20250824    01:04:49       2  18175      4      0 
 20250824    01:04:49       3  18101      4      0 
 20250824    01:04:54       0  18103      4      0 
 20250824    01:04:54       1  18173      4      0 
 20250824    01:04:54       2  18175      4      0 
 20250824    01:04:54       3  18101      4      0 
 20250824    01:04:59       0  18103      4      0 
 20250824    01:04:59       1  18173      4      0 
 20250824    01:04:59       2  18175      4      0 
 20250824    01:04:59       3  18101      4      0 
 20250824    01:05:04       0  18103      4      0 
 20250824    01:05:04       1  18173      4      0 
 20250824    01:05:04       2  18175      4      0 
 20250824    01:05:04       3  18101      4      0 
 20250824    01:05:09       0  18103      4      0 
 20250824    01:05:09       1  18173      4      0 
 20250824    01:05:09       2  18175      4      0 
 20250824    01:05:09       3  18101      4      0 
 20250824    01:05:14       0  18103      4      0 
 20250824    01:05:14       1  18173      4      0 
 20250824    01:05:14       2  18175      4      0 
 20250824    01:05:14       3  18101      4      0 
#Date        Time         gpu     fb   bar1   ccpm 
#YYYYMMDD    HH:MM:SS     Idx     MB     MB     MB 
 20250824    01:05:19       0  18103      4      0 
 20250824    01:05:19       1  18173      4      0 
 20250824    01:05:19       2  18175      4      0 
 20250824    01:05:19       3  18101      4      0 
 20250824    01:05:24       0  18103      4      0 
 20250824    01:05:24       1  18173      4      0 
 20250824    01:05:24       2  18175      4      0 
 20250824    01:05:24       3  18101      4      0 
 20250824    01:05:29       0  18103      4      0 
 20250824    01:05:29       1  18173      4      0 
 20250824    01:05:29       2  18175      4      0 
 20250824    01:05:29       3  18101      4      0 
 20250824    01:05:34       0  18103      4      0 
 20250824    01:05:34       1  18173      4      0 
 20250824    01:05:34       2  18175      4      0 
 20250824    01:05:34       3  18101      4      0 
 20250824    01:05:39       0  18103      4      0 
 20250824    01:05:39       1  18173      4      0 
 20250824    01:05:39       2  18175      4      0 
 20250824    01:05:39       3  18101      4      0 
 20250824    01:05:44       0  18103      4      0 
 20250824    01:05:44       1  18173      4      0 
 20250824    01:05:44       2  18175      4      0 
 20250824    01:05:44       3  18101      4      0 
 20250824    01:05:49       0  18103      4      0 
 20250824    01:05:49       1  18173      4      0 
 20250824    01:05:49       2  18175      4      0 
 20250824    01:05:49       3  18101      4      0 
 20250824    01:05:54       0  18103      4      0 
 20250824    01:05:54       1  18173      4      0 
 20250824    01:05:54       2  18175      4      0 
 20250824    01:05:54       3  18101      4      0 
 20250824    01:05:59       0  18103      4      0 
 20250824    01:05:59       1  18173      4      0 
 20250824    01:05:59       2  18175      4      0 
 20250824    01:05:59       3  18101      4      0 
 20250824    01:06:04       0  18103      4      0 
 20250824    01:06:04       1  18173      4      0 
 20250824    01:06:04       2  18175      4      0 
 20250824    01:06:04       3  18101      4      0 
 20250824    01:06:09       0  18103      4      0 
 20250824    01:06:09       1  18173      4      0 
 20250824    01:06:09       2  18175      4      0 
 20250824    01:06:09       3  18101      4      0 
#Date        Time         gpu     fb   bar1   ccpm 
#YYYYMMDD    HH:MM:SS     Idx     MB     MB     MB 
 20250824    01:06:14       0  18103      4      0 
 20250824    01:06:14       1  18173      4      0 
 20250824    01:06:14       2  18175      4      0 
 20250824    01:06:14       3  18101      4      0 
 20250824    01:06:19       0  18103      4      0 
 20250824    01:06:19       1  18173      4      0 
 20250824    01:06:19       2  18175      4      0 
 20250824    01:06:19       3  18101      4      0 
 20250824    01:06:24       0  18103      4      0 
 20250824    01:06:24       1  18173      4      0 
 20250824    01:06:24       2  18175      4      0 
 20250824    01:06:24       3  18101      4      0 
 20250824    01:06:29       0  18103      4      0 
 20250824    01:06:29       1  18173      4      0 
 20250824    01:06:29       2  18175      4      0 
 20250824    01:06:29       3  18101      4      0 
 20250824    01:06:34       0  18103      4      0 
 20250824    01:06:34       1  18173      4      0 
 20250824    01:06:34       2  18175      4      0 
 20250824    01:06:34       3  18101      4      0 
 20250824    01:06:39       0  18103      4      0 
 20250824    01:06:39       1  18173      4      0 
 20250824    01:06:39       2  18175      4      0 
 20250824    01:06:39       3  18101      4      0 
 20250824    01:06:44       0  18103      4      0 
 20250824    01:06:44       1  18173      4      0 
 20250824    01:06:44       2  18175      4      0 
 20250824    01:06:44       3  18101      4      0 
 20250824    01:06:49       0  18103      4      0 
 20250824    01:06:49       1  18173      4      0 
 20250824    01:06:49       2  18175      4      0 
 20250824    01:06:49       3  18101      4      0 
 20250824    01:06:54       0  18103      4      0 
 20250824    01:06:54       1  18173      4      0 
 20250824    01:06:54       2  18175      4      0 
 20250824    01:06:54       3  18101      4      0 
 20250824    01:06:59       0  18103      4      0 
 20250824    01:06:59       1  18173      4      0 
 20250824    01:06:59       2  18175      4      0 
 20250824    01:06:59       3  18101      4      0 
 20250824    01:07:04       0  18103      4      0 
 20250824    01:07:04       1  18173      4      0 
 20250824    01:07:04       2  18175      4      0 
 20250824    01:07:04       3  18101      4      0 
#Date        Time         gpu     fb   bar1   ccpm 
#YYYYMMDD    HH:MM:SS     Idx     MB     MB     MB 
 20250824    01:07:09       0  18103      4      0 
 20250824    01:07:09       1  18173      4      0 
 20250824    01:07:09       2  18175      4      0 
 20250824    01:07:09       3  18101      4      0 
 20250824    01:07:14       0  18103      4      0 
 20250824    01:07:14       1  18173      4      0 
 20250824    01:07:14       2  18175      4      0 
 20250824    01:07:14       3  18101      4      0 
 20250824    01:07:19       0  18103      4      0 
 20250824    01:07:19       1  18173      4      0 
 20250824    01:07:19       2  18175      4      0 
 20250824    01:07:19       3  18101      4      0 
 20250824    01:07:24       0  18103      4      0 
 20250824    01:07:24       1  18173      4      0 
 20250824    01:07:24       2  18175      4      0 
 20250824    01:07:24       3  18101      4      0 
 20250824    01:07:29       0  18103      4      0 
 20250824    01:07:29       1  18173      4      0 
 20250824    01:07:29       2  18175      4      0 
 20250824    01:07:29       3  18101      4      0 
 20250824    01:07:34       0  18103      4      0 
 20250824    01:07:34       1  18173      4      0 
 20250824    01:07:34       2  18175      4      0 
 20250824    01:07:34       3  18101      4      0 
 20250824    01:07:39       0  18103      4      0 
 20250824    01:07:39       1  18173      4      0 
 20250824    01:07:39       2  18175      4      0 
 20250824    01:07:39       3  18101      4      0 
 20250824    01:07:44       0  18103      4      0 
 20250824    01:07:44       1  18173      4      0 
 20250824    01:07:44       2  18175      4      0 
 20250824    01:07:44       3  18101      4      0 
 20250824    01:07:49       0  18103      4      0 
 20250824    01:07:49       1  18173      4      0 
 20250824    01:07:49       2  18175      4      0 
 20250824    01:07:49       3  18101      4      0 
 20250824    01:07:54       0  18103      4      0 
 20250824    01:07:54       1  18173      4      0 
 20250824    01:07:54       2  18175      4      0 
 20250824    01:07:54       3  18101      4      0 
 20250824    01:07:59       0  18103      4      0 
 20250824    01:07:59       1  18173      4      0 
 20250824    01:07:59       2  18175      4      0 
 20250824    01:07:59       3  18101      4      0 
#Date        Time         gpu     fb   bar1   ccpm 
#YYYYMMDD    HH:MM:SS     Idx     MB     MB     MB 
 20250824    01:08:04       0  18103      4      0 
 20250824    01:08:04       1  18173      4      0 
 20250824    01:08:04       2  18175      4      0 
 20250824    01:08:04       3  18101      4      0 
 20250824    01:08:09       0  18103      4      0 
 20250824    01:08:09       1  18173      4      0 
 20250824    01:08:09       2  18175      4      0 
 20250824    01:08:09       3  18101      4      0 
 20250824    01:08:14       0  18103      4      0 
 20250824    01:08:14       1  18173      4      0 
 20250824    01:08:14       2  18175      4      0 
 20250824    01:08:14       3  18101      4      0 
 20250824    01:08:19       0  18103      4      0 
 20250824    01:08:19       1  18173      4      0 
 20250824    01:08:19       2  18175      4      0 
 20250824    01:08:19       3  18101      4      0 
 20250824    01:08:24       0  18103      4      0 
 20250824    01:08:24       1  18173      4      0 
 20250824    01:08:24       2  18175      4      0 
 20250824    01:08:24       3  18101      4      0 
 20250824    01:08:29       0  18103      4      0 
 20250824    01:08:29       1  18173      4      0 
 20250824    01:08:29       2  18175      4      0 
 20250824    01:08:29       3  18101      4      0 
 20250824    01:08:34       0  18103      4      0 
 20250824    01:08:34       1  18173      4      0 
 20250824    01:08:34       2  18175      4      0 
 20250824    01:08:34       3  18101      4      0 
 20250824    01:08:39       0  18103      4      0 
 20250824    01:08:39       1  18173      4      0 
 20250824    01:08:39       2  18175      4      0 
 20250824    01:08:39       3  18101      4      0 
 20250824    01:08:44       0  18103      4      0 
 20250824    01:08:44       1  18173      4      0 
 20250824    01:08:44       2  18175      4      0 
 20250824    01:08:44       3  18101      4      0 
 20250824    01:08:49       0  18103      4      0 
 20250824    01:08:49       1  18173      4      0 
 20250824    01:08:49       2  18175      4      0 
 20250824    01:08:49       3  18101      4      0 
 20250824    01:08:54       0  18103      4      0 
 20250824    01:08:54       1  18173      4      0 
 20250824    01:08:54       2  18175      4      0 
 20250824    01:08:54       3  18101      4      0 
#Date        Time         gpu     fb   bar1   ccpm 
#YYYYMMDD    HH:MM:SS     Idx     MB     MB     MB 
 20250824    01:08:59       0  18103      4      0 
 20250824    01:08:59       1  18173      4      0 
 20250824    01:08:59       2  18175      4      0 
 20250824    01:08:59       3  18101      4      0 
 20250824    01:09:04       0  18103      4      0 
 20250824    01:09:04       1  18173      4      0 
 20250824    01:09:04       2  18175      4      0 
 20250824    01:09:04       3  18101      4      0 
 20250824    01:09:09       0  18103      4      0 
 20250824    01:09:09       1  18173      4      0 
 20250824    01:09:09       2  18175      4      0 
 20250824    01:09:09       3  18101      4      0 
 20250824    01:09:14       0  18103      4      0 
 20250824    01:09:14       1  18173      4      0 
 20250824    01:09:14       2  18175      4      0 
 20250824    01:09:14       3  18101      4      0 
 20250824    01:09:19       0  18103      4      0 
 20250824    01:09:19       1  18173      4      0 
 20250824    01:09:19       2  18175      4      0 
 20250824    01:09:19       3  18101      4      0 
 20250824    01:09:24       0  18103      4      0 
 20250824    01:09:24       1  18173      4      0 
 20250824    01:09:24       2  18175      4      0 
 20250824    01:09:24       3  18101      4      0 
 20250824    01:09:29       0  18103      4      0 
 20250824    01:09:29       1  18173      4      0 
 20250824    01:09:29       2  18175      4      0 
 20250824    01:09:29       3  18101      4      0 
 20250824    01:09:34       0  18103      4      0 
 20250824    01:09:34       1  18173      4      0 
 20250824    01:09:34       2  18175      4      0 
 20250824    01:09:34       3  18101      4      0 
 20250824    01:09:39       0  18103      4      0 
 20250824    01:09:39       1  18173      4      0 
 20250824    01:09:39       2  18175      4      0 
 20250824    01:09:39       3  18101      4      0 
 20250824    01:09:44       0  18103      4      0 
 20250824    01:09:44       1  18173      4      0 
 20250824    01:09:44       2  18175      4      0 
 20250824    01:09:44       3  18101      4      0 
 20250824    01:09:49       0  18103      4      0 
 20250824    01:09:49       1  18173      4      0 
 20250824    01:09:49       2  18175      4      0 
 20250824    01:09:49       3  18101      4      0 
#Date        Time         gpu     fb   bar1   ccpm 
#YYYYMMDD    HH:MM:SS     Idx     MB     MB     MB 
 20250824    01:09:54       0  18103      4      0 
 20250824    01:09:54       1  18173      4      0 
 20250824    01:09:54       2  18175      4      0 
 20250824    01:09:54       3  18101      4      0 
 20250824    01:09:59       0  18103      4      0 
 20250824    01:09:59       1  18173      4      0 
 20250824    01:09:59       2  18175      4      0 
 20250824    01:09:59       3  18101      4      0 
 20250824    01:10:04       0  18103      4      0 
 20250824    01:10:04       1  18173      4      0 
 20250824    01:10:04       2  18175      4      0 
 20250824    01:10:04       3  18101      4      0 
 20250824    01:10:09       0  18103      4      0 
 20250824    01:10:09       1  18173      4      0 
 20250824    01:10:09       2  18175      4      0 
 20250824    01:10:09       3  18101      4      0 
 20250824    01:10:14       0  18103      4      0 
 20250824    01:10:14       1  18173      4      0 
 20250824    01:10:14       2  18175      4      0 
 20250824    01:10:14       3  18101      4      0 
 20250824    01:10:19       0  18103      4      0 
 20250824    01:10:19       1  18173      4      0 
 20250824    01:10:19       2  18175      4      0 
 20250824    01:10:19       3  18101      4      0 
 20250824    01:10:24       0  18103      4      0 
 20250824    01:10:24       1  18173      4      0 
 20250824    01:10:24       2  18175      4      0 
 20250824    01:10:24       3  18101      4      0 
 20250824    01:10:29       0  18103      4      0 
 20250824    01:10:29       1  18173      4      0 
 20250824    01:10:29       2  18175      4      0 
 20250824    01:10:29       3  18101      4      0 
 20250824    01:10:34       0  18103      4      0 
 20250824    01:10:34       1  18173      4      0 
 20250824    01:10:34       2  18175      4      0 
 20250824    01:10:34       3  18101      4      0 
 20250824    01:10:39       0  18103      4      0 
 20250824    01:10:39       1  18173      4      0 
 20250824    01:10:39       2  18175      4      0 
 20250824    01:10:39       3  18101      4      0 
 20250824    01:10:44       0  18103      4      0 
 20250824    01:10:44       1  18173      4      0 
 20250824    01:10:44       2  18175      4      0 
 20250824    01:10:44       3  18101      4      0 
#Date        Time         gpu     fb   bar1   ccpm 
#YYYYMMDD    HH:MM:SS     Idx     MB     MB     MB 
 20250824    01:10:49       0  18103      4      0 
 20250824    01:10:49       1  18173      4      0 
 20250824    01:10:49       2  18175      4      0 
 20250824    01:10:49       3  18101      4      0 
 20250824    01:10:54       0  18103      4      0 
 20250824    01:10:54       1  18173      4      0 
 20250824    01:10:54       2  18175      4      0 
 20250824    01:10:54       3  18101      4      0 
 20250824    01:10:59       0  18103      4      0 
 20250824    01:10:59       1  18173      4      0 
 20250824    01:10:59       2  18175      4      0 
 20250824    01:10:59       3  18101      4      0 
 20250824    01:11:04       0  18103      4      0 
 20250824    01:11:04       1  18173      4      0 
 20250824    01:11:04       2  18175      4      0 
 20250824    01:11:04       3  18101      4      0 
 20250824    01:11:09       0  18103      4      0 
 20250824    01:11:09       1  18173      4      0 
 20250824    01:11:09       2  18175      4      0 
 20250824    01:11:09       3  18101      4      0 
 20250824    01:11:14       0  18103      4      0 
 20250824    01:11:14       1  18173      4      0 
 20250824    01:11:14       2  18175      4      0 
 20250824    01:11:14       3  18101      4      0 
 20250824    01:11:19       0  18103      4      0 
 20250824    01:11:19       1  18173      4      0 
 20250824    01:11:19       2  18175      4      0 
 20250824    01:11:19       3  18101      4      0 
 20250824    01:11:24       0  18103      4      0 
 20250824    01:11:24       1  18173      4      0 
 20250824    01:11:24       2  18175      4      0 
 20250824    01:11:24       3  18101      4      0 
 20250824    01:11:29       0  18103      4      0 
 20250824    01:11:29       1  18173      4      0 
 20250824    01:11:29       2  18175      4      0 
 20250824    01:11:29       3  18101      4      0 
 20250824    01:11:34       0  18103      4      0 
 20250824    01:11:34       1  18173      4      0 
 20250824    01:11:34       2  18175      4      0 
 20250824    01:11:34       3  18101      4      0 
 20250824    01:11:39       0  18103      4      0 
 20250824    01:11:39       1  18173      4      0 
 20250824    01:11:39       2  18175      4      0 
 20250824    01:11:39       3  18101      4      0 
#Date        Time         gpu     fb   bar1   ccpm 
#YYYYMMDD    HH:MM:SS     Idx     MB     MB     MB 
 20250824    01:11:44       0  18103      4      0 
 20250824    01:11:44       1  18173      4      0 
 20250824    01:11:44       2  18175      4      0 
 20250824    01:11:44       3  18101      4      0 
 20250824    01:11:49       0  18103      4      0 
 20250824    01:11:49       1  18173      4      0 
 20250824    01:11:49       2  18175      4      0 
 20250824    01:11:49       3  18101      4      0 
 20250824    01:11:54       0  18103      4      0 
 20250824    01:11:54       1  18173      4      0 
 20250824    01:11:54       2  18175      4      0 
 20250824    01:11:54       3  18101      4      0 
 20250824    01:11:59       0  18103      4      0 
 20250824    01:11:59       1  18173      4      0 
 20250824    01:11:59       2  18175      4      0 
 20250824    01:11:59       3  18101      4      0 
 20250824    01:12:04       0  18103      4      0 
 20250824    01:12:04       1  18173      4      0 
 20250824    01:12:04       2  18175      4      0 
 20250824    01:12:04       3  18101      4      0 
 20250824    01:12:09       0  18103      4      0 
 20250824    01:12:09       1  18173      4      0 
 20250824    01:12:09       2  18175      4      0 
 20250824    01:12:09       3  18101      4      0 
 20250824    01:12:14       0  18103      4      0 
 20250824    01:12:14       1  18173      4      0 
 20250824    01:12:14       2  18175      4      0 
 20250824    01:12:14       3  18101      4      0 
 20250824    01:12:19       0  18103      4      0 
 20250824    01:12:19       1  18173      4      0 
 20250824    01:12:19       2  18175      4      0 
 20250824    01:12:19       3  18101      4      0 
 20250824    01:12:24       0  18103      4      0 
 20250824    01:12:24       1  18173      4      0 
 20250824    01:12:24       2  18175      4      0 
 20250824    01:12:24       3  18101      4      0 
 20250824    01:12:29       0  18103      4      0 
 20250824    01:12:29       1  18173      4      0 
 20250824    01:12:29       2  18175      4      0 
 20250824    01:12:29       3  18101      4      0 
 20250824    01:12:34       0  18103      4      0 
 20250824    01:12:34       1  18173      4      0 
 20250824    01:12:34       2  18175      4      0 
 20250824    01:12:34       3  18101      4      0 
#Date        Time         gpu     fb   bar1   ccpm 
#YYYYMMDD    HH:MM:SS     Idx     MB     MB     MB 
 20250824    01:12:39       0  18103      4      0 
 20250824    01:12:39       1  18173      4      0 
 20250824    01:12:39       2  18175      4      0 
 20250824    01:12:39       3  18101      4      0 
 20250824    01:12:44       0  18103      4      0 
 20250824    01:12:44       1  18173      4      0 
 20250824    01:12:44       2  18175      4      0 
 20250824    01:12:44       3  18101      4      0 
 20250824    01:12:49       0  18103      4      0 
 20250824    01:12:49       1  18173      4      0 
 20250824    01:12:49       2  18175      4      0 
 20250824    01:12:49       3  18101      4      0 
 20250824    01:12:54       0  18103      4      0 
 20250824    01:12:54       1  18173      4      0 
 20250824    01:12:54       2  18175      4      0 
 20250824    01:12:54       3  18101      4      0 
 20250824    01:12:59       0  18103      4      0 
 20250824    01:12:59       1  18173      4      0 
 20250824    01:12:59       2  18175      4      0 
 20250824    01:12:59       3  18101      4      0 
 20250824    01:13:04       0  18103      4      0 
 20250824    01:13:04       1  18173      4      0 
 20250824    01:13:04       2  18175      4      0 
 20250824    01:13:04       3  18101      4      0 
 20250824    01:13:09       0  18103      4      0 
 20250824    01:13:09       1  18173      4      0 
 20250824    01:13:09       2  18175      4      0 
 20250824    01:13:09       3  18101      4      0 
 20250824    01:13:14       0  18103      4      0 
 20250824    01:13:14       1  18173      4      0 
 20250824    01:13:14       2  18175      4      0 
 20250824    01:13:14       3  18101      4      0 
 20250824    01:13:19       0  18103      4      0 
 20250824    01:13:19       1  18173      4      0 
 20250824    01:13:19       2  18175      4      0 
 20250824    01:13:19       3  18101      4      0 
 20250824    01:13:24       0  18103      4      0 
 20250824    01:13:24       1  18173      4      0 
 20250824    01:13:24       2  18175      4      0 
 20250824    01:13:24       3  18101      4      0 
 20250824    01:13:29       0  18103      4      0 
 20250824    01:13:29       1  18173      4      0 
 20250824    01:13:29       2  18175      4      0 
 20250824    01:13:29       3  18101      4      0 
#Date        Time         gpu     fb   bar1   ccpm 
#YYYYMMDD    HH:MM:SS     Idx     MB     MB     MB 
 20250824    01:13:34       0  18103      4      0 
 20250824    01:13:34       1  18173      4      0 
 20250824    01:13:34       2  18175      4      0 
 20250824    01:13:34       3  18101      4      0 
 20250824    01:13:39       0  18103      4      0 
 20250824    01:13:39       1  18173      4      0 
 20250824    01:13:39       2  18175      4      0 
 20250824    01:13:39       3  18101      4      0 
 20250824    01:13:44       0  18103      4      0 
 20250824    01:13:44       1  18173      4      0 
 20250824    01:13:44       2  18175      4      0 
 20250824    01:13:44       3  18101      4      0 
 20250824    01:13:49       0  18103      4      0 
 20250824    01:13:49       1  18173      4      0 
 20250824    01:13:49       2  18175      4      0 
 20250824    01:13:49       3  18101      4      0 
 20250824    01:13:54       0  18103      4      0 
 20250824    01:13:54       1  18173      4      0 
 20250824    01:13:54       2  18175      4      0 
 20250824    01:13:54       3  18101      4      0 
 20250824    01:13:59       0  18103      4      0 
 20250824    01:13:59       1  18173      4      0 
 20250824    01:13:59       2  18175      4      0 
 20250824    01:13:59       3  18101      4      0 
 20250824    01:14:04       0  18103      4      0 
 20250824    01:14:04       1  18173      4      0 
 20250824    01:14:04       2  18175      4      0 
 20250824    01:14:04       3  18101      4      0 
 20250824    01:14:09       0  18103      4      0 
 20250824    01:14:09       1  18173      4      0 
 20250824    01:14:09       2  18175      4      0 
 20250824    01:14:09       3  18101      4      0 
 20250824    01:14:14       0  18103      4      0 
 20250824    01:14:14       1  18173      4      0 
 20250824    01:14:14       2  18175      4      0 
 20250824    01:14:14       3  18101      4      0 
 20250824    01:14:19       0  18103      4      0 
 20250824    01:14:19       1  18173      4      0 
 20250824    01:14:19       2  18175      4      0 
 20250824    01:14:19       3  18101      4      0 
 20250824    01:14:24       0  18103      4      0 
 20250824    01:14:24       1  18173      4      0 
 20250824    01:14:24       2  18175      4      0 
 20250824    01:14:24       3  18101      4      0 
#Date        Time         gpu     fb   bar1   ccpm 
#YYYYMMDD    HH:MM:SS     Idx     MB     MB     MB 
 20250824    01:14:29       0  18103      4      0 
 20250824    01:14:29       1  18173      4      0 
 20250824    01:14:29       2  18175      4      0 
 20250824    01:14:29       3  18101      4      0 
 20250824    01:14:34       0  18103      4      0 
 20250824    01:14:34       1  18173      4      0 
 20250824    01:14:34       2  18175      4      0 
 20250824    01:14:34       3  18101      4      0 
 20250824    01:14:39       0  18103      4      0 
 20250824    01:14:39       1  18173      4      0 
 20250824    01:14:39       2  18175      4      0 
 20250824    01:14:39       3  18101      4      0 
 20250824    01:14:44       0  18103      4      0 
 20250824    01:14:44       1  18173      4      0 
 20250824    01:14:44       2  18175      4      0 
 20250824    01:14:44       3  18101      4      0 
 20250824    01:14:49       0  18103      4      0 
 20250824    01:14:49       1  18173      4      0 
 20250824    01:14:49       2  18175      4      0 
 20250824    01:14:49       3  18101      4      0 
 20250824    01:14:54       0  18103      4      0 
 20250824    01:14:54       1  18173      4      0 
 20250824    01:14:54       2  18175      4      0 
 20250824    01:14:54       3  18101      4      0 
 20250824    01:14:59       0  18103      4      0 
 20250824    01:14:59       1  18173      4      0 
 20250824    01:14:59       2  18175      4      0 
 20250824    01:14:59       3  18101      4      0 
 20250824    01:15:04       0  18103      4      0 
 20250824    01:15:04       1  18173      4      0 
 20250824    01:15:04       2  18175      4      0 
 20250824    01:15:04       3  18101      4      0 
 20250824    01:15:09       0  18103      4      0 
 20250824    01:15:09       1  18173      4      0 
 20250824    01:15:09       2  18175      4      0 
 20250824    01:15:09       3  18101      4      0 
 20250824    01:15:14       0  18103      4      0 
 20250824    01:15:14       1  18173      4      0 
 20250824    01:15:14       2  18175      4      0 
 20250824    01:15:14       3  18101      4      0 
 20250824    01:15:19       0  18103      4      0 
 20250824    01:15:19       1  18173      4      0 
 20250824    01:15:19       2  18175      4      0 
 20250824    01:15:19       3  18101      4      0 
#Date        Time         gpu     fb   bar1   ccpm 
#YYYYMMDD    HH:MM:SS     Idx     MB     MB     MB 
 20250824    01:15:24       0  18103      4      0 
 20250824    01:15:24       1  18173      4      0 
 20250824    01:15:24       2  18175      4      0 
 20250824    01:15:24       3  18101      4      0 
 20250824    01:15:29       0  18103      4      0 
 20250824    01:15:29       1  18173      4      0 
 20250824    01:15:29       2  18175      4      0 
 20250824    01:15:29       3  18101      4      0 
 20250824    01:15:34       0  18103      4      0 
 20250824    01:15:34       1  18173      4      0 
 20250824    01:15:34       2  18175      4      0 
 20250824    01:15:34       3  18101      4      0 
 20250824    01:15:39       0  18103      4      0 
 20250824    01:15:39       1  18173      4      0 
 20250824    01:15:39       2  18175      4      0 
 20250824    01:15:39       3  18101      4      0 
 20250824    01:15:44       0  18103      4      0 
 20250824    01:15:44       1  18173      4      0 
 20250824    01:15:44       2  18175      4      0 
 20250824    01:15:44       3  18101      4      0 
 20250824    01:15:49       0  18103      4      0 
 20250824    01:15:49       1  18173      4      0 
 20250824    01:15:49       2  18175      4      0 
 20250824    01:15:49       3  18101      4      0 
 20250824    01:15:54       0  18103      4      0 
 20250824    01:15:54       1  18173      4      0 
 20250824    01:15:54       2  18175      4      0 
 20250824    01:15:54       3  18101      4      0 
 20250824    01:15:59       0  18103      4      0 
 20250824    01:15:59       1  18173      4      0 
 20250824    01:15:59       2  18175      4      0 
 20250824    01:15:59       3  18101      4      0 
 20250824    01:16:04       0  18103      4      0 
 20250824    01:16:04       1  18173      4      0 
 20250824    01:16:04       2  18175      4      0 
 20250824    01:16:04       3  18101      4      0 
 20250824    01:16:09       0  18103      4      0 
 20250824    01:16:09       1  18173      4      0 
 20250824    01:16:09       2  18175      4      0 
 20250824    01:16:09       3  18101      4      0 
 20250824    01:16:14       0  18103      4      0 
 20250824    01:16:14       1  18173      4      0 
 20250824    01:16:14       2  18175      4      0 
 20250824    01:16:14       3  18101      4      0 
#Date        Time         gpu     fb   bar1   ccpm 
#YYYYMMDD    HH:MM:SS     Idx     MB     MB     MB 
 20250824    01:16:19       0  18103      4      0 
 20250824    01:16:19       1  18173      4      0 
 20250824    01:16:19       2  18175      4      0 
 20250824    01:16:19       3  18101      4      0 
 20250824    01:16:24       0  18103      4      0 
 20250824    01:16:24       1  18173      4      0 
 20250824    01:16:24       2  18175      4      0 
 20250824    01:16:24       3  18101      4      0 
 20250824    01:16:29       0  18103      4      0 
 20250824    01:16:29       1  18173      4      0 
 20250824    01:16:29       2  18175      4      0 
 20250824    01:16:29       3  18101      4      0 
 20250824    01:16:34       0  18103      4      0 
 20250824    01:16:34       1  18173      4      0 
 20250824    01:16:34       2  18175      4      0 
 20250824    01:16:34       3  18101      4      0 
 20250824    01:16:39       0  18103      4      0 
 20250824    01:16:39       1  18173      4      0 
 20250824    01:16:39       2  18175      4      0 
 20250824    01:16:39       3  18101      4      0 
 20250824    01:16:44       0  18103      4      0 
 20250824    01:16:44       1  18173      4      0 
 20250824    01:16:44       2  18175      4      0 
 20250824    01:16:44       3  18101      4      0 
 20250824    01:16:49       0  18103      4      0 
 20250824    01:16:49       1  18173      4      0 
 20250824    01:16:49       2  18175      4      0 
 20250824    01:16:49       3  18101      4      0 
 20250824    01:16:54       0  18103      4      0 
 20250824    01:16:54       1  18173      4      0 
 20250824    01:16:54       2  18175      4      0 
 20250824    01:16:54       3  18101      4      0 
 20250824    01:16:59       0  18103      4      0 
 20250824    01:16:59       1  18173      4      0 
 20250824    01:16:59       2  18175      4      0 
 20250824    01:16:59       3  18101      4      0 
 20250824    01:17:04       0  18103      4      0 
 20250824    01:17:04       1  18173      4      0 
 20250824    01:17:04       2  18175      4      0 
 20250824    01:17:04       3  18101      4      0 
 20250824    01:17:09       0  18103      4      0 
 20250824    01:17:09       1  18173      4      0 
 20250824    01:17:09       2  18175      4      0 
 20250824    01:17:09       3  18101      4      0 
#Date        Time         gpu     fb   bar1   ccpm 
#YYYYMMDD    HH:MM:SS     Idx     MB     MB     MB 
 20250824    01:17:14       0  18103      4      0 
 20250824    01:17:14       1  18173      4      0 
 20250824    01:17:14       2  18175      4      0 
 20250824    01:17:14       3  18101      4      0 
 20250824    01:17:19       0  18103      4      0 
 20250824    01:17:19       1  18173      4      0 
 20250824    01:17:19       2  18175      4      0 
 20250824    01:17:19       3  18101      4      0 
 20250824    01:17:24       0  18103      4      0 
 20250824    01:17:24       1  18173      4      0 
 20250824    01:17:24       2  18175      4      0 
 20250824    01:17:24       3  18101      4      0 
 20250824    01:17:29       0  18103      4      0 
 20250824    01:17:29       1  18173      4      0 
 20250824    01:17:29       2  18175      4      0 
 20250824    01:17:29       3  18101      4      0 
 20250824    01:17:34       0  18103      4      0 
 20250824    01:17:34       1  18173      4      0 
 20250824    01:17:34       2  18175      4      0 
 20250824    01:17:34       3  18101      4      0 
 20250824    01:17:39       0  18103      4      0 
 20250824    01:17:39       1  18173      4      0 
 20250824    01:17:39       2  18175      4      0 
 20250824    01:17:39       3  18101      4      0 
 20250824    01:17:44       0  18103      4      0 
 20250824    01:17:44       1  18173      4      0 
 20250824    01:17:44       2  18175      4      0 
 20250824    01:17:44       3  18101      4      0 
 20250824    01:17:49       0  18103      4      0 
 20250824    01:17:49       1  18173      4      0 
 20250824    01:17:49       2  18175      4      0 
 20250824    01:17:49       3  18101      4      0 
 20250824    01:17:54       0  18103      4      0 
 20250824    01:17:54       1  18173      4      0 
 20250824    01:17:54       2  18175      4      0 
 20250824    01:17:54       3  18101      4      0 
 20250824    01:17:59       0  18103      4      0 
 20250824    01:17:59       1  18173      4      0 
 20250824    01:17:59       2  18175      4      0 
 20250824    01:17:59       3  18101      4      0 
 20250824    01:18:04       0  18103      4      0 
 20250824    01:18:04       1  18173      4      0 
 20250824    01:18:04       2  18175      4      0 
 20250824    01:18:04       3  18101      4      0 
#Date        Time         gpu     fb   bar1   ccpm 
#YYYYMMDD    HH:MM:SS     Idx     MB     MB     MB 
 20250824    01:18:09       0  18103      4      0 
 20250824    01:18:09       1  18173      4      0 
 20250824    01:18:09       2  18175      4      0 
 20250824    01:18:09       3  18101      4      0 
 20250824    01:18:14       0  18103      4      0 
 20250824    01:18:14       1  18173      4      0 
 20250824    01:18:14       2  18175      4      0 
 20250824    01:18:14       3  18101      4      0 
 20250824    01:18:19       0  18103      4      0 
 20250824    01:18:19       1  18173      4      0 
 20250824    01:18:19       2  18175      4      0 
 20250824    01:18:19       3  18101      4      0 
 20250824    01:18:24       0  18103      4      0 
 20250824    01:18:24       1  18173      4      0 
 20250824    01:18:24       2  18175      4      0 
 20250824    01:18:24       3  18101      4      0 
 20250824    01:18:29       0  18103      4      0 
 20250824    01:18:29       1  18173      4      0 
 20250824    01:18:29       2  18175      4      0 
 20250824    01:18:29       3  18101      4      0 
 20250824    01:18:34       0  18103      4      0 
 20250824    01:18:34       1  18173      4      0 
 20250824    01:18:34       2  18175      4      0 
 20250824    01:18:34       3  18101      4      0 
 20250824    01:18:39       0  18103      4      0 
 20250824    01:18:39       1  18173      4      0 
 20250824    01:18:39       2  18175      4      0 
 20250824    01:18:39       3  18101      4      0 
 20250824    01:18:44       0  18103      4      0 
 20250824    01:18:44       1  18173      4      0 
 20250824    01:18:44       2  18175      4      0 
 20250824    01:18:44       3  18101      4      0 
 20250824    01:18:49       0  18103      4      0 
 20250824    01:18:49       1  18173      4      0 
 20250824    01:18:49       2  18175      4      0 
 20250824    01:18:49       3  18101      4      0 
 20250824    01:18:54       0  18103      4      0 
 20250824    01:18:54       1  18173      4      0 
 20250824    01:18:54       2  18175      4      0 
 20250824    01:18:54       3  18101      4      0 
 20250824    01:18:59       0  18103      4      0 
 20250824    01:18:59       1  18173      4      0 
 20250824    01:18:59       2  18175      4      0 
 20250824    01:18:59       3  18101      4      0 
#Date        Time         gpu     fb   bar1   ccpm 
#YYYYMMDD    HH:MM:SS     Idx     MB     MB     MB 
 20250824    01:19:04       0  18103      4      0 
 20250824    01:19:04       1  18173      4      0 
 20250824    01:19:04       2  18175      4      0 
 20250824    01:19:04       3  18101      4      0 
 20250824    01:19:09       0  18103      4      0 
 20250824    01:19:09       1  18173      4      0 
 20250824    01:19:09       2  18175      4      0 
 20250824    01:19:09       3  18101      4      0 
 20250824    01:19:14       0  18103      4      0 
 20250824    01:19:14       1  18173      4      0 
 20250824    01:19:14       2  18175      4      0 
 20250824    01:19:14       3  18101      4      0 
 20250824    01:19:19       0  18103      4      0 
 20250824    01:19:19       1  18173      4      0 
 20250824    01:19:19       2  18175      4      0 
 20250824    01:19:19       3  18101      4      0 
 20250824    01:19:24       0  18103      4      0 
 20250824    01:19:24       1  18173      4      0 
 20250824    01:19:24       2  18175      4      0 
 20250824    01:19:24       3  18101      4      0 
 20250824    01:19:29       0  18103      4      0 
 20250824    01:19:29       1  18173      4      0 
 20250824    01:19:29       2  18175      4      0 
 20250824    01:19:29       3  18101      4      0 
 20250824    01:19:34       0  18103      4      0 
 20250824    01:19:34       1  18173      4      0 
 20250824    01:19:34       2  18175      4      0 
 20250824    01:19:34       3  18101      4      0 
 20250824    01:19:39       0  18103      4      0 
 20250824    01:19:39       1  18173      4      0 
 20250824    01:19:39       2  18175      4      0 
 20250824    01:19:39       3  18101      4      0 
 20250824    01:19:44       0  18103      4      0 
 20250824    01:19:44       1  18173      4      0 
 20250824    01:19:44       2  18175      4      0 
 20250824    01:19:44       3  18101      4      0 
 20250824    01:19:49       0  18103      4      0 
 20250824    01:19:49       1  18173      4      0 
 20250824    01:19:49       2  18175      4      0 
 20250824    01:19:49       3  18101      4      0 
 20250824    01:19:54       0  18103      4      0 
 20250824    01:19:54       1  18173      4      0 
 20250824    01:19:54       2  18175      4      0 
 20250824    01:19:54       3  18101      4      0 
#Date        Time         gpu     fb   bar1   ccpm 
#YYYYMMDD    HH:MM:SS     Idx     MB     MB     MB 
 20250824    01:19:59       0  18103      4      0 
 20250824    01:19:59       1  18173      4      0 
 20250824    01:19:59       2  18175      4      0 
 20250824    01:19:59       3  18101      4      0 
 20250824    01:20:04       0  18103      4      0 
 20250824    01:20:04       1  18173      4      0 
 20250824    01:20:04       2  18175      4      0 
 20250824    01:20:04       3  18101      4      0 
 20250824    01:20:09       0  18103      4      0 
 20250824    01:20:09       1  18173      4      0 
 20250824    01:20:09       2  18175      4      0 
 20250824    01:20:09       3  18101      4      0 
 20250824    01:20:14       0  18103      4      0 
 20250824    01:20:14       1  18173      4      0 
 20250824    01:20:14       2  18175      4      0 
 20250824    01:20:14       3  18101      4      0 
 20250824    01:20:19       0  18103      4      0 
 20250824    01:20:19       1  18173      4      0 
 20250824    01:20:19       2  18175      4      0 
 20250824    01:20:19       3  18101      4      0 
 20250824    01:20:24       0  18103      4      0 
 20250824    01:20:24       1  18173      4      0 
 20250824    01:20:24       2  18175      4      0 
 20250824    01:20:24       3  18101      4      0 
 20250824    01:20:29       0  18103      4      0 
 20250824    01:20:29       1  18173      4      0 
 20250824    01:20:29       2  18175      4      0 
 20250824    01:20:29       3  18101      4      0 
 20250824    01:20:34       0  18103      4      0 
 20250824    01:20:34       1  18173      4      0 
 20250824    01:20:34       2  18175      4      0 
 20250824    01:20:34       3  18101      4      0 
 20250824    01:20:39       0  18103      4      0 
 20250824    01:20:39       1  18173      4      0 
 20250824    01:20:39       2  18175      4      0 
 20250824    01:20:39       3  18101      4      0 
 20250824    01:20:44       0  18103      4      0 
 20250824    01:20:44       1  18173      4      0 
 20250824    01:20:44       2  18175      4      0 
 20250824    01:20:44       3  18101      4      0 
 20250824    01:20:49       0  18103      4      0 
 20250824    01:20:49       1  18173      4      0 
 20250824    01:20:49       2  18175      4      0 
 20250824    01:20:49       3  18101      4      0 
#Date        Time         gpu     fb   bar1   ccpm 
#YYYYMMDD    HH:MM:SS     Idx     MB     MB     MB 
 20250824    01:20:54       0  18103      4      0 
 20250824    01:20:54       1  18173      4      0 
 20250824    01:20:54       2  18175      4      0 
 20250824    01:20:54       3  18101      4      0 
 20250824    01:20:59       0  18103      4      0 
 20250824    01:20:59       1  18173      4      0 
 20250824    01:20:59       2  18175      4      0 
 20250824    01:20:59       3  18101      4      0 
 20250824    01:21:04       0  18103      4      0 
 20250824    01:21:04       1  18173      4      0 
 20250824    01:21:04       2  18175      4      0 
 20250824    01:21:04       3  18101      4      0 
 20250824    01:21:10       0  18103      4      0 
 20250824    01:21:10       1  18173      4      0 
 20250824    01:21:10       2  18175      4      0 
 20250824    01:21:10       3  18101      4      0 
 20250824    01:21:15       0  18103      4      0 
 20250824    01:21:15       1  18173      4      0 
 20250824    01:21:15       2  18175      4      0 
 20250824    01:21:15       3  18101      4      0 
 20250824    01:21:20       0  18103      4      0 
 20250824    01:21:20       1  18173      4      0 
 20250824    01:21:20       2  18175      4      0 
 20250824    01:21:20       3  18101      4      0 
 20250824    01:21:25       0  18103      4      0 
 20250824    01:21:25       1  18173      4      0 
 20250824    01:21:25       2  18175      4      0 
 20250824    01:21:25       3  18101      4      0 
 20250824    01:21:30       0  18103      4      0 
 20250824    01:21:30       1  18173      4      0 
 20250824    01:21:30       2  18175      4      0 
 20250824    01:21:30       3  18101      4      0 
 20250824    01:21:35       0  18103      4      0 
 20250824    01:21:35       1  18173      4      0 
 20250824    01:21:35       2  18175      4      0 
 20250824    01:21:35       3  18101      4      0 
 20250824    01:21:40       0  18103      4      0 
 20250824    01:21:40       1  18173      4      0 
 20250824    01:21:40       2  18175      4      0 
 20250824    01:21:40       3  18101      4      0 
 20250824    01:21:45       0  18103      4      0 
 20250824    01:21:45       1  18173      4      0 
 20250824    01:21:45       2  18175      4      0 
 20250824    01:21:45       3  18101      4      0 
#Date        Time         gpu     fb   bar1   ccpm 
#YYYYMMDD    HH:MM:SS     Idx     MB     MB     MB 
 20250824    01:21:50       0  18103      4      0 
 20250824    01:21:50       1  18173      4      0 
 20250824    01:21:50       2  18175      4      0 
 20250824    01:21:50       3  18101      4      0 
 20250824    01:21:55       0  18103      4      0 
 20250824    01:21:55       1  18173      4      0 
 20250824    01:21:55       2  18175      4      0 
 20250824    01:21:55       3  18101      4      0 
 20250824    01:22:00       0  18103      4      0 
 20250824    01:22:00       1  18173      4      0 
 20250824    01:22:00       2  18175      4      0 
 20250824    01:22:00       3  18101      4      0 
 20250824    01:22:05       0  18103      4      0 
 20250824    01:22:05       1  18173      4      0 
 20250824    01:22:05       2  18175      4      0 
 20250824    01:22:05       3  18101      4      0 
 20250824    01:22:10       0  18103      4      0 
 20250824    01:22:10       1  18173      4      0 
 20250824    01:22:10       2  18175      4      0 
 20250824    01:22:10       3  18101      4      0 
 20250824    01:22:15       0  18103      4      0 
 20250824    01:22:15       1  18173      4      0 
 20250824    01:22:15       2  18175      4      0 
 20250824    01:22:15       3  18101      4      0 
 20250824    01:22:20       0  18103      4      0 
 20250824    01:22:20       1  18173      4      0 
 20250824    01:22:20       2  18175      4      0 
 20250824    01:22:20       3  18101      4      0 
 20250824    01:22:25       0  18103      4      0 
 20250824    01:22:25       1  18173      4      0 
 20250824    01:22:25       2  18175      4      0 
 20250824    01:22:25       3  18101      4      0 
 20250824    01:22:30       0  18103      4      0 
 20250824    01:22:30       1  18173      4      0 
 20250824    01:22:30       2  18175      4      0 
 20250824    01:22:30       3  18101      4      0 
 20250824    01:22:35       0  18103      4      0 
 20250824    01:22:35       1  18173      4      0 
 20250824    01:22:35       2  18175      4      0 
 20250824    01:22:35       3  18101      4      0 
 20250824    01:22:40       0  18103      4      0 
 20250824    01:22:40       1  18173      4      0 
 20250824    01:22:40       2  18175      4      0 
 20250824    01:22:40       3  18101      4      0 
#Date        Time         gpu     fb   bar1   ccpm 
#YYYYMMDD    HH:MM:SS     Idx     MB     MB     MB 
 20250824    01:22:45       0  18103      4      0 
 20250824    01:22:45       1  18173      4      0 
 20250824    01:22:45       2  18175      4      0 
 20250824    01:22:45       3  18101      4      0 
 20250824    01:22:50       0  18103      4      0 
 20250824    01:22:50       1  18173      4      0 
 20250824    01:22:50       2  18175      4      0 
 20250824    01:22:50       3  18101      4      0 
 20250824    01:22:55       0  18103      4      0 
 20250824    01:22:55       1  18173      4      0 
 20250824    01:22:55       2  18175      4      0 
 20250824    01:22:55       3  18101      4      0 
 20250824    01:23:00       0  18103      4      0 
 20250824    01:23:00       1  18173      4      0 
 20250824    01:23:00       2  18175      4      0 
 20250824    01:23:00       3  18101      4      0 
 20250824    01:23:05       0  18103      4      0 
 20250824    01:23:05       1  18173      4      0 
 20250824    01:23:05       2  18175      4      0 
 20250824    01:23:05       3  18101      4      0 
 20250824    01:23:10       0  18103      4      0 
 20250824    01:23:10       1  18173      4      0 
 20250824    01:23:10       2  18175      4      0 
 20250824    01:23:10       3  18101      4      0 
 20250824    01:23:15       0  18103      4      0 
 20250824    01:23:15       1  18173      4      0 
 20250824    01:23:15       2  18175      4      0 
 20250824    01:23:15       3  18101      4      0 
 20250824    01:23:20       0  18103      4      0 
 20250824    01:23:20       1  18173      4      0 
 20250824    01:23:20       2  18175      4      0 
 20250824    01:23:20       3  18101      4      0 
 20250824    01:23:25       0  18103      4      0 
 20250824    01:23:25       1  18173      4      0 
 20250824    01:23:25       2  18175      4      0 
 20250824    01:23:25       3  18101      4      0 
 20250824    01:23:30       0  18103      4      0 
 20250824    01:23:30       1  18173      4      0 
 20250824    01:23:30       2  18175      4      0 
 20250824    01:23:30       3  18101      4      0 
 20250824    01:23:35       0  18103      4      0 
 20250824    01:23:35       1  18173      4      0 
 20250824    01:23:35       2  18175      4      0 
 20250824    01:23:35       3  18101      4      0 
#Date        Time         gpu     fb   bar1   ccpm 
#YYYYMMDD    HH:MM:SS     Idx     MB     MB     MB 
 20250824    01:23:40       0  18103      4      0 
 20250824    01:23:40       1  18173      4      0 
 20250824    01:23:40       2  18175      4      0 
 20250824    01:23:40       3  18101      4      0 
 20250824    01:23:45       0  18103      4      0 
 20250824    01:23:45       1  18173      4      0 
 20250824    01:23:45       2  18175      4      0 
 20250824    01:23:45       3  18101      4      0 
 20250824    01:23:50       0  18103      4      0 
 20250824    01:23:50       1  18173      4      0 
 20250824    01:23:50       2  18175      4      0 
 20250824    01:23:50       3  18101      4      0 
 20250824    01:23:55       0  18103      4      0 
 20250824    01:23:55       1  18173      4      0 
 20250824    01:23:55       2  18175      4      0 
 20250824    01:23:55       3  18101      4      0 
 20250824    01:24:00       0  18103      4      0 
 20250824    01:24:00       1  18173      4      0 
 20250824    01:24:00       2  18175      4      0 
 20250824    01:24:00       3  18101      4      0 
 20250824    01:24:05       0  18103      4      0 
 20250824    01:24:05       1  18173      4      0 
 20250824    01:24:05       2  18175      4      0 
 20250824    01:24:05       3  18101      4      0 
 20250824    01:24:10       0  18103      4      0 
 20250824    01:24:10       1  18173      4      0 
 20250824    01:24:10       2  18175      4      0 
 20250824    01:24:10       3  18101      4      0 
 20250824    01:24:15       0  18103      4      0 
 20250824    01:24:15       1  18173      4      0 
 20250824    01:24:15       2  18175      4      0 
 20250824    01:24:15       3  18101      4      0 
 20250824    01:24:20       0  18103      4      0 
 20250824    01:24:20       1  18173      4      0 
 20250824    01:24:20       2  18175      4      0 
 20250824    01:24:20       3  18101      4      0 
 20250824    01:24:25       0  18103      4      0 
 20250824    01:24:25       1  18173      4      0 
 20250824    01:24:25       2  18175      4      0 
 20250824    01:24:25       3  18101      4      0 
 20250824    01:24:30       0  18103      4      0 
 20250824    01:24:30       1  18173      4      0 
 20250824    01:24:30       2  18175      4      0 
 20250824    01:24:30       3  18101      4      0 
#Date        Time         gpu     fb   bar1   ccpm 
#YYYYMMDD    HH:MM:SS     Idx     MB     MB     MB 
 20250824    01:24:35       0  18103      4      0 
 20250824    01:24:35       1  18173      4      0 
 20250824    01:24:35       2  18175      4      0 
 20250824    01:24:35       3  18101      4      0 
 20250824    01:24:40       0  18103      4      0 
 20250824    01:24:40       1  18173      4      0 
 20250824    01:24:40       2  18175      4      0 
 20250824    01:24:40       3  18101      4      0 
 20250824    01:24:45       0  18103      4      0 
 20250824    01:24:45       1  18173      4      0 
 20250824    01:24:45       2  18175      4      0 
 20250824    01:24:45       3  18101      4      0 
 20250824    01:24:50       0  18103      4      0 
 20250824    01:24:50       1  18173      4      0 
 20250824    01:24:50       2  18175      4      0 
 20250824    01:24:50       3  18101      4      0 
 20250824    01:24:55       0  18103      4      0 
 20250824    01:24:55       1  18173      4      0 
 20250824    01:24:55       2  18175      4      0 
 20250824    01:24:55       3  18101      4      0 
 20250824    01:25:00       0  18103      4      0 
 20250824    01:25:00       1  18173      4      0 
 20250824    01:25:00       2  18175      4      0 
 20250824    01:25:00       3  18101      4      0 
 20250824    01:25:05       0  18103      4      0 
 20250824    01:25:05       1  18173      4      0 
 20250824    01:25:05       2  18175      4      0 
 20250824    01:25:05       3  18101      4      0 
 20250824    01:25:10       0  18103      4      0 
 20250824    01:25:10       1  18173      4      0 
 20250824    01:25:10       2  18175      4      0 
 20250824    01:25:10       3  18101      4      0 
 20250824    01:25:15       0  18103      4      0 
 20250824    01:25:15       1  18173      4      0 
 20250824    01:25:15       2  18175      4      0 
 20250824    01:25:15       3  18101      4      0 
 20250824    01:25:20       0  18103      4      0 
 20250824    01:25:20       1  18173      4      0 
 20250824    01:25:20       2  18175      4      0 
 20250824    01:25:20       3  18101      4      0 
 20250824    01:25:25       0  18103      4      0 
 20250824    01:25:25       1  18173      4      0 
 20250824    01:25:25       2  18175      4      0 
 20250824    01:25:25       3  18101      4      0 
#Date        Time         gpu     fb   bar1   ccpm 
#YYYYMMDD    HH:MM:SS     Idx     MB     MB     MB 
 20250824    01:25:30       0  18103      4      0 
 20250824    01:25:30       1  18173      4      0 
 20250824    01:25:30       2  18175      4      0 
 20250824    01:25:30       3  18101      4      0 
 20250824    01:25:35       0  18103      4      0 
 20250824    01:25:35       1  18173      4      0 
 20250824    01:25:35       2  18175      4      0 
 20250824    01:25:35       3  18101      4      0 
 20250824    01:25:40       0  18103      4      0 
 20250824    01:25:40       1  18173      4      0 
 20250824    01:25:40       2  18175      4      0 
 20250824    01:25:40       3  18101      4      0 
 20250824    01:25:45       0  18103      4      0 
 20250824    01:25:45       1  18173      4      0 
 20250824    01:25:45       2  18175      4      0 
 20250824    01:25:45       3  18101      4      0 
 20250824    01:25:50       0  18103      4      0 
 20250824    01:25:50       1  18173      4      0 
 20250824    01:25:50       2  18175      4      0 
 20250824    01:25:50       3  18101      4      0 
 20250824    01:25:55       0  18103      4      0 
 20250824    01:25:55       1  18173      4      0 
 20250824    01:25:55       2  18175      4      0 
 20250824    01:25:55       3  18101      4      0 
 20250824    01:26:00       0  18103      4      0 
 20250824    01:26:00       1  18173      4      0 
 20250824    01:26:00       2  18175      4      0 
 20250824    01:26:00       3  18101      4      0 
 20250824    01:26:05       0  18103      4      0 
 20250824    01:26:05       1  18173      4      0 
 20250824    01:26:05       2  18175      4      0 
 20250824    01:26:05       3  18101      4      0 
 20250824    01:26:10       0  18103      4      0 
 20250824    01:26:10       1  18173      4      0 
 20250824    01:26:10       2  18175      4      0 
 20250824    01:26:10       3  18101      4      0 
 20250824    01:26:15       0  18103      4      0 
 20250824    01:26:15       1  18173      4      0 
 20250824    01:26:15       2  18175      4      0 
 20250824    01:26:15       3  18101      4      0 
 20250824    01:26:20       0  18103      4      0 
 20250824    01:26:20       1  18173      4      0 
 20250824    01:26:20       2  18175      4      0 
 20250824    01:26:20       3  18101      4      0 
#Date        Time         gpu     fb   bar1   ccpm 
#YYYYMMDD    HH:MM:SS     Idx     MB     MB     MB 
 20250824    01:26:25       0  18103      4      0 
 20250824    01:26:25       1  18173      4      0 
 20250824    01:26:25       2  18175      4      0 
 20250824    01:26:25       3  18101      4      0 
 20250824    01:26:30       0  18103      4      0 
 20250824    01:26:30       1  18173      4      0 
 20250824    01:26:30       2  18175      4      0 
 20250824    01:26:30       3  18101      4      0 
 20250824    01:26:35       0  18103      4      0 
 20250824    01:26:35       1  18173      4      0 
 20250824    01:26:35       2  18175      4      0 
 20250824    01:26:35       3  18101      4      0 
 20250824    01:26:40       0  18103      4      0 
 20250824    01:26:40       1  18173      4      0 
 20250824    01:26:40       2  18175      4      0 
 20250824    01:26:40       3  18101      4      0 
 20250824    01:26:45       0  18103      4      0 
 20250824    01:26:45       1  18173      4      0 
 20250824    01:26:45       2  18175      4      0 
 20250824    01:26:45       3  18101      4      0 
 20250824    01:26:50       0  18103      4      0 
 20250824    01:26:50       1  18173      4      0 
 20250824    01:26:50       2  18175      4      0 
 20250824    01:26:50       3  18101      4      0 
 20250824    01:26:55       0  18103      4      0 
 20250824    01:26:55       1  18173      4      0 
 20250824    01:26:55       2  18175      4      0 
 20250824    01:26:55       3  18101      4      0 
 20250824    01:27:00       0  18103      4      0 
 20250824    01:27:00       1  18173      4      0 
 20250824    01:27:00       2  18175      4      0 
 20250824    01:27:00       3  18101      4      0 
 20250824    01:27:05       0  18103      4      0 
 20250824    01:27:05       1  18173      4      0 
 20250824    01:27:05       2  18175      4      0 
 20250824    01:27:05       3  18101      4      0 
 20250824    01:27:10       0  18103      4      0 
 20250824    01:27:10       1  18173      4      0 
 20250824    01:27:10       2  18175      4      0 
 20250824    01:27:10       3  18101      4      0 
 20250824    01:27:15       0  18103      4      0 
 20250824    01:27:15       1  18173      4      0 
 20250824    01:27:15       2  18175      4      0 
 20250824    01:27:15       3  18101      4      0 
#Date        Time         gpu     fb   bar1   ccpm 
#YYYYMMDD    HH:MM:SS     Idx     MB     MB     MB 
 20250824    01:27:20       0  18103      4      0 
 20250824    01:27:20       1  18173      4      0 
 20250824    01:27:20       2  18175      4      0 
 20250824    01:27:20       3  18101      4      0 
 20250824    01:27:25       0  18103      4      0 
 20250824    01:27:25       1  18173      4      0 
 20250824    01:27:25       2  18175      4      0 
 20250824    01:27:25       3  18101      4      0 
 20250824    01:27:30       0  18103      4      0 
 20250824    01:27:30       1  18173      4      0 
 20250824    01:27:30       2  18175      4      0 
 20250824    01:27:30       3  18101      4      0 
 20250824    01:27:35       0  18103      4      0 
 20250824    01:27:35       1  18173      4      0 
 20250824    01:27:35       2  18175      4      0 
 20250824    01:27:35       3  18101      4      0 
 20250824    01:27:40       0  18103      4      0 
 20250824    01:27:40       1  18173      4      0 
 20250824    01:27:40       2  18175      4      0 
 20250824    01:27:40       3  18101      4      0 
 20250824    01:27:45       0  18103      4      0 
 20250824    01:27:45       1  18173      4      0 
 20250824    01:27:45       2  18175      4      0 
 20250824    01:27:45       3  18101      4      0 
 20250824    01:27:50       0  18103      4      0 
 20250824    01:27:50       1  18173      4      0 
 20250824    01:27:50       2  18175      4      0 
 20250824    01:27:50       3  18101      4      0 
 20250824    01:27:55       0  18103      4      0 
 20250824    01:27:55       1  18173      4      0 
 20250824    01:27:55       2  18175      4      0 
 20250824    01:27:55       3  18101      4      0 
 20250824    01:28:00       0  18103      4      0 
 20250824    01:28:00       1  18173      4      0 
 20250824    01:28:00       2  18175      4      0 
 20250824    01:28:00       3  18101      4      0 
 20250824    01:28:05       0  18103      4      0 
 20250824    01:28:05       1  18173      4      0 
 20250824    01:28:05       2  18175      4      0 
 20250824    01:28:05       3  18101      4      0 
 20250824    01:28:10       0  18103      4      0 
 20250824    01:28:10       1  18173      4      0 
 20250824    01:28:10       2  18175      4      0 
 20250824    01:28:10       3  18101      4      0 
#Date        Time         gpu     fb   bar1   ccpm 
#YYYYMMDD    HH:MM:SS     Idx     MB     MB     MB 
 20250824    01:28:15       0  18103      4      0 
 20250824    01:28:15       1  18173      4      0 
 20250824    01:28:15       2  18175      4      0 
 20250824    01:28:15       3  18101      4      0 
 20250824    01:28:20       0  18103      4      0 
 20250824    01:28:20       1  18173      4      0 
 20250824    01:28:20       2  18175      4      0 
 20250824    01:28:20       3  18101      4      0 
 20250824    01:28:25       0  18103      4      0 
 20250824    01:28:25       1  18173      4      0 
 20250824    01:28:25       2  18175      4      0 
 20250824    01:28:25       3  18101      4      0 
 20250824    01:28:30       0  18103      4      0 
 20250824    01:28:30       1  18173      4      0 
 20250824    01:28:30       2  18175      4      0 
 20250824    01:28:30       3  18101      4      0 
 20250824    01:28:35       0  18103      4      0 
 20250824    01:28:35       1  18173      4      0 
 20250824    01:28:35       2  18175      4      0 
 20250824    01:28:35       3  18101      4      0 
 20250824    01:28:40       0  18103      4      0 
 20250824    01:28:40       1  18173      4      0 
 20250824    01:28:40       2  18175      4      0 
 20250824    01:28:40       3  18101      4      0 
 20250824    01:28:45       0  18103      4      0 
 20250824    01:28:45       1  18173      4      0 
 20250824    01:28:45       2  18175      4      0 
 20250824    01:28:45       3  18101      4      0 
 20250824    01:28:50       0  18103      4      0 
 20250824    01:28:50       1  18173      4      0 
 20250824    01:28:50       2  18175      4      0 
 20250824    01:28:50       3  18101      4      0 
 20250824    01:28:55       0  18103      4      0 
 20250824    01:28:55       1  18173      4      0 
 20250824    01:28:55       2  18175      4      0 
 20250824    01:28:55       3  18101      4      0 
 20250824    01:29:00       0  18103      4      0 
 20250824    01:29:00       1  18173      4      0 
 20250824    01:29:00       2  18175      4      0 
 20250824    01:29:00       3  18101      4      0 
 20250824    01:29:05       0  18103      4      0 
 20250824    01:29:05       1  18173      4      0 
 20250824    01:29:05       2  18175      4      0 
 20250824    01:29:05       3  18101      4      0 
#Date        Time         gpu     fb   bar1   ccpm 
#YYYYMMDD    HH:MM:SS     Idx     MB     MB     MB 
 20250824    01:29:10       0  18103      4      0 
 20250824    01:29:10       1  18173      4      0 
 20250824    01:29:10       2  18175      4      0 
 20250824    01:29:10       3  18101      4      0 
 20250824    01:29:15       0  18103      4      0 
 20250824    01:29:15       1  18173      4      0 
 20250824    01:29:15       2  18175      4      0 
 20250824    01:29:15       3  18101      4      0 
 20250824    01:29:20       0  18103      4      0 
 20250824    01:29:20       1  18173      4      0 
 20250824    01:29:20       2  18175      4      0 
 20250824    01:29:20       3  18101      4      0 
 20250824    01:29:25       0  18103      4      0 
 20250824    01:29:25       1  18173      4      0 
 20250824    01:29:25       2  18175      4      0 
 20250824    01:29:25       3  18101      4      0 
 20250824    01:29:30       0  18103      4      0 
 20250824    01:29:30       1  18173      4      0 
 20250824    01:29:30       2  18175      4      0 
 20250824    01:29:30       3  18101      4      0 
 20250824    01:29:35       0  18103      4      0 
 20250824    01:29:35       1  18173      4      0 
 20250824    01:29:35       2  18175      4      0 
 20250824    01:29:35       3  18101      4      0 
 20250824    01:29:40       0  18103      4      0 
 20250824    01:29:40       1  18173      4      0 
 20250824    01:29:40       2  18175      4      0 
 20250824    01:29:40       3  18101      4      0 
 20250824    01:29:45       0  18103      4      0 
 20250824    01:29:45       1  18173      4      0 
 20250824    01:29:45       2  18175      4      0 
 20250824    01:29:45       3  18101      4      0 
 20250824    01:29:50       0  18103      4      0 
 20250824    01:29:50       1  18173      4      0 
 20250824    01:29:50       2  18175      4      0 
 20250824    01:29:50       3  18101      4      0 
 20250824    01:29:55       0  18103      4      0 
 20250824    01:29:55       1  18173      4      0 
 20250824    01:29:55       2  18175      4      0 
 20250824    01:29:55       3  18101      4      0 
 20250824    01:30:00       0  18103      4      0 
 20250824    01:30:00       1  18173      4      0 
 20250824    01:30:00       2  18175      4      0 
 20250824    01:30:00       3  18101      4      0 
#Date        Time         gpu     fb   bar1   ccpm 
#YYYYMMDD    HH:MM:SS     Idx     MB     MB     MB 
 20250824    01:30:05       0  18103      4      0 
 20250824    01:30:05       1  18173      4      0 
 20250824    01:30:05       2  18175      4      0 
 20250824    01:30:05       3  18101      4      0 
 20250824    01:30:10       0  18103      4      0 
 20250824    01:30:10       1  18173      4      0 
 20250824    01:30:10       2  18175      4      0 
 20250824    01:30:10       3  18101      4      0 
 20250824    01:30:15       0  18103      4      0 
 20250824    01:30:15       1  18173      4      0 
 20250824    01:30:15       2  18175      4      0 
 20250824    01:30:15       3  18101      4      0 
 20250824    01:30:20       0  18103      4      0 
 20250824    01:30:20       1  18173      4      0 
 20250824    01:30:20       2  18175      4      0 
 20250824    01:30:20       3  18101      4      0 
 20250824    01:30:25       0  18103      4      0 
 20250824    01:30:25       1  18173      4      0 
 20250824    01:30:25       2  18175      4      0 
 20250824    01:30:25       3  18101      4      0 
 20250824    01:30:30       0  18103      4      0 
 20250824    01:30:30       1  18173      4      0 
 20250824    01:30:30       2  18175      4      0 
 20250824    01:30:30       3  18101      4      0 
 20250824    01:30:35       0  18103      4      0 
 20250824    01:30:35       1  18173      4      0 
 20250824    01:30:35       2  18175      4      0 
 20250824    01:30:35       3  18101      4      0 
 20250824    01:30:40       0  18103      4      0 
 20250824    01:30:40       1  18173      4      0 
 20250824    01:30:40       2  18175      4      0 
 20250824    01:30:40       3  18101      4      0 
 20250824    01:30:45       0  18103      4      0 
 20250824    01:30:45       1  18173      4      0 
 20250824    01:30:45       2  18175      4      0 
 20250824    01:30:45       3  18101      4      0 
 20250824    01:30:50       0  18103      4      0 
 20250824    01:30:50       1  18173      4      0 
 20250824    01:30:50       2  18175      4      0 
 20250824    01:30:50       3  18101      4      0 
 20250824    01:30:55       0  18103      4      0 
 20250824    01:30:55       1  18173      4      0 
 20250824    01:30:55       2  18175      4      0 
 20250824    01:30:55       3  18101      4      0 
#Date        Time         gpu     fb   bar1   ccpm 
#YYYYMMDD    HH:MM:SS     Idx     MB     MB     MB 
 20250824    01:31:00       0  18103      4      0 
 20250824    01:31:00       1  18173      4      0 
 20250824    01:31:00       2  18175      4      0 
 20250824    01:31:00       3  18101      4      0 
 20250824    01:31:05       0  18103      4      0 
 20250824    01:31:05       1  18173      4      0 
 20250824    01:31:05       2  18175      4      0 
 20250824    01:31:05       3  18101      4      0 
 20250824    01:31:10       0  18103      4      0 
 20250824    01:31:10       1  18173      4      0 
 20250824    01:31:10       2  18175      4      0 
 20250824    01:31:10       3  18101      4      0 
 20250824    01:31:15       0  18103      4      0 
 20250824    01:31:15       1  18173      4      0 
 20250824    01:31:15       2  18175      4      0 
 20250824    01:31:15       3  18101      4      0 
 20250824    01:31:20       0  18103      4      0 
 20250824    01:31:20       1  18173      4      0 
 20250824    01:31:20       2  18175      4      0 
 20250824    01:31:20       3  18101      4      0 
 20250824    01:31:25       0  18103      4      0 
 20250824    01:31:25       1  18173      4      0 
 20250824    01:31:25       2  18175      4      0 
 20250824    01:31:25       3  18101      4      0 
 20250824    01:31:30       0  18103      4      0 
 20250824    01:31:30       1  18173      4      0 
 20250824    01:31:30       2  18175      4      0 
 20250824    01:31:30       3  18101      4      0 
 20250824    01:31:35       0  18103      4      0 
 20250824    01:31:35       1  18173      4      0 
 20250824    01:31:35       2  18175      4      0 
 20250824    01:31:35       3  18101      4      0 
 20250824    01:31:40       0  18103      4      0 
 20250824    01:31:40       1  18173      4      0 
 20250824    01:31:40       2  18175      4      0 
 20250824    01:31:40       3  18101      4      0 
 20250824    01:31:45       0  18103      4      0 
 20250824    01:31:45       1  18173      4      0 
 20250824    01:31:45       2  18175      4      0 
 20250824    01:31:45       3  18101      4      0 
 20250824    01:31:50       0  18103      4      0 
 20250824    01:31:50       1  18173      4      0 
 20250824    01:31:50       2  18175      4      0 
 20250824    01:31:50       3  18101      4      0 
#Date        Time         gpu     fb   bar1   ccpm 
#YYYYMMDD    HH:MM:SS     Idx     MB     MB     MB 
 20250824    01:31:55       0  18103      4      0 
 20250824    01:31:55       1  18173      4      0 
 20250824    01:31:55       2  18175      4      0 
 20250824    01:31:55       3  18101      4      0 
 20250824    01:32:00       0  18103      4      0 
 20250824    01:32:00       1  18173      4      0 
 20250824    01:32:00       2  18175      4      0 
 20250824    01:32:00       3  18101      4      0 
 20250824    01:32:05       0  18103      4      0 
 20250824    01:32:05       1  18173      4      0 
 20250824    01:32:05       2  18175      4      0 
 20250824    01:32:05       3  18101      4      0 
 20250824    01:32:10       0  18103      4      0 
 20250824    01:32:10       1  18173      4      0 
 20250824    01:32:10       2  18175      4      0 
 20250824    01:32:10       3  18101      4      0 
 20250824    01:32:15       0  18103      4      0 
 20250824    01:32:15       1  18173      4      0 
 20250824    01:32:15       2  18175      4      0 
 20250824    01:32:15       3  18101      4      0 
 20250824    01:32:20       0  18103      4      0 
 20250824    01:32:20       1  18173      4      0 
 20250824    01:32:20       2  18175      4      0 
 20250824    01:32:20       3  18101      4      0 
 20250824    01:32:25       0  18103      4      0 
 20250824    01:32:25       1  18173      4      0 
 20250824    01:32:25       2  18175      4      0 
 20250824    01:32:25       3  18101      4      0 
 20250824    01:32:30       0  18103      4      0 
 20250824    01:32:30       1  18173      4      0 
 20250824    01:32:30       2  18175      4      0 
 20250824    01:32:30       3  18101      4      0 
 20250824    01:32:35       0  18103      4      0 
 20250824    01:32:35       1  18173      4      0 
 20250824    01:32:35       2  18175      4      0 
 20250824    01:32:35       3  18101      4      0 
 20250824    01:32:40       0  18103      4      0 
 20250824    01:32:40       1  18173      4      0 
 20250824    01:32:40       2  18175      4      0 
 20250824    01:32:40       3  18101      4      0 
 20250824    01:32:45       0  18103      4      0 
 20250824    01:32:45       1  18173      4      0 
 20250824    01:32:45       2  18175      4      0 
 20250824    01:32:45       3  18101      4      0 
#Date        Time         gpu     fb   bar1   ccpm 
#YYYYMMDD    HH:MM:SS     Idx     MB     MB     MB 
 20250824    01:32:50       0  18103      4      0 
 20250824    01:32:50       1  18173      4      0 
 20250824    01:32:50       2  18175      4      0 
 20250824    01:32:50       3  18101      4      0 
 20250824    01:32:55       0  18103      4      0 
 20250824    01:32:55       1  18173      4      0 
 20250824    01:32:55       2  18175      4      0 
 20250824    01:32:55       3  18101      4      0 
 20250824    01:33:00       0  18103      4      0 
 20250824    01:33:00       1  18173      4      0 
 20250824    01:33:00       2  18175      4      0 
 20250824    01:33:00       3  18101      4      0 
 20250824    01:33:05       0  17101      4      0 
 20250824    01:33:05       1  17099      4      0 
 20250824    01:33:05       2  17101      4      0 
 20250824    01:33:05       3  17099      4      0 
 20250824    01:33:10       0  17085      4      0 
 20250824    01:33:10       1  17083      4      0 
 20250824    01:33:10       2  17083      4      0 
 20250824    01:33:10       3  17083      4      0 
 20250824    01:33:15       0      4      2      0 
 20250824    01:33:15       1      4      2      0 
 20250824    01:33:15       2      4      2      0 
 20250824    01:33:15       3      4      2      0 
