#Date        Time         gpu     fb   bar1   ccpm 
#YYYYMMDD    HH:MM:SS     Idx     MB     MB     MB 
 20250823    16:21:08       0      0      1      0 
 20250823    16:21:08       1      0      1      0 
 20250823    16:21:08       2      0      1      0 
 20250823    16:21:08       3      0      1      0 
 20250823    16:21:13       0      4      2      0 
 20250823    16:21:13       1      4      2      0 
 20250823    16:21:13       2      4      2      0 
 20250823    16:21:13       3      1      1      0 
 20250823    16:21:18       0      4      2      0 
 20250823    16:21:18       1      4      2      0 
 20250823    16:21:18       2      4      2      0 
 20250823    16:21:18       3      4      2      0 
 20250823    16:21:23       0      4      2      0 
 20250823    16:21:23       1    425      4      0 
 20250823    16:21:23       2    425      4      0 
 20250823    16:21:23       3    425      4      0 
 20250823    16:21:28       0      4      2      0 
 20250823    16:21:28       1    425      4      0 
 20250823    16:21:28       2    425      4      0 
 20250823    16:21:28       3    425      4      0 
 20250823    16:21:33       0      4      2      0 
 20250823    16:21:33       1    425      4      0 
 20250823    16:21:33       2    425      4      0 
 20250823    16:21:33       3    425      4      0 
 20250823    16:21:38       0      4      2      0 
 20250823    16:21:38       1    425      4      0 
 20250823    16:21:38       2    425      4      0 
 20250823    16:21:38       3    425      4      0 
 20250823    16:21:43       0      4      2      0 
 20250823    16:21:43       1    425      4      0 
 20250823    16:21:43       2    425      4      0 
 20250823    16:21:43       3    425      4      0 
 20250823    16:21:48       0      4      2      0 
 20250823    16:21:48       1    425      4      0 
 20250823    16:21:48       2    425      4      0 
 20250823    16:21:48       3    425      4      0 
 20250823    16:21:53       0      4      2      0 
 20250823    16:21:53       1    425      4      0 
 20250823    16:21:53       2    425      4      0 
 20250823    16:21:53       3    425      4      0 
 20250823    16:21:58       0      4      2      0 
 20250823    16:21:58       1    425      4      0 
 20250823    16:21:58       2    425      4      0 
 20250823    16:21:58       3    425      4      0 
#Date        Time         gpu     fb   bar1   ccpm 
#YYYYMMDD    HH:MM:SS     Idx     MB     MB     MB 
 20250823    16:22:03       0      4      2      0 
 20250823    16:22:03       1    425      4      0 
 20250823    16:22:03       2    425      4      0 
 20250823    16:22:03       3    425      4      0 
 20250823    16:22:08       0      4      2      0 
 20250823    16:22:08       1    425      4      0 
 20250823    16:22:08       2    425      4      0 
 20250823    16:22:08       3    425      4      0 
 20250823    16:22:13       0      4      2      0 
 20250823    16:22:13       1    425      4      0 
 20250823    16:22:13       2    425      4      0 
 20250823    16:22:13       3    425      4      0 
 20250823    16:22:18       0      4      2      0 
 20250823    16:22:18       1    425      4      0 
 20250823    16:22:18       2    425      4      0 
 20250823    16:22:18       3    425      4      0 
 20250823    16:22:23       0      4      2      0 
 20250823    16:22:23       1    425      4      0 
 20250823    16:22:23       2    425      4      0 
 20250823    16:22:23       3    425      4      0 
 20250823    16:22:28       0      4      2      0 
 20250823    16:22:28       1    425      4      0 
 20250823    16:22:28       2    425      4      0 
 20250823    16:22:28       3    425      4      0 
 20250823    16:22:33       0      4      2      0 
 20250823    16:22:33       1    425      4      0 
 20250823    16:22:33       2    425      4      0 
 20250823    16:22:33       3    425      4      0 
 20250823    16:22:38       0      4      2      0 
 20250823    16:22:38       1    425      4      0 
 20250823    16:22:38       2    425      4      0 
 20250823    16:22:38       3    425      4      0 
 20250823    16:22:43       0      4      2      0 
 20250823    16:22:43       1    425      4      0 
 20250823    16:22:43       2    425      4      0 
 20250823    16:22:43       3    425      4      0 
 20250823    16:22:48       0      4      2      0 
 20250823    16:22:48       1    425      4      0 
 20250823    16:22:48       2    425      4      0 
 20250823    16:22:48       3    425      4      0 
 20250823    16:22:53       0      4      2      0 
 20250823    16:22:53       1    425      4      0 
 20250823    16:22:53       2    425      4      0 
 20250823    16:22:53       3    425      4      0 
#Date        Time         gpu     fb   bar1   ccpm 
#YYYYMMDD    HH:MM:SS     Idx     MB     MB     MB 
 20250823    16:22:58       0      4      2      0 
 20250823    16:22:58       1    425      4      0 
 20250823    16:22:58       2    425      4      0 
 20250823    16:22:58       3    425      4      0 
 20250823    16:23:03       0      4      2      0 
 20250823    16:23:03       1    425      4      0 
 20250823    16:23:03       2    425      4      0 
 20250823    16:23:03       3    425      4      0 
 20250823    16:23:08       0      4      2      0 
 20250823    16:23:08       1    425      4      0 
 20250823    16:23:08       2    425      4      0 
 20250823    16:23:08       3    425      4      0 
 20250823    16:23:13       0      4      2      0 
 20250823    16:23:13       1    425      4      0 
 20250823    16:23:13       2    425      4      0 
 20250823    16:23:13       3    425      4      0 
 20250823    16:23:18       0      4      2      0 
 20250823    16:23:18       1    425      4      0 
 20250823    16:23:18       2    425      4      0 
 20250823    16:23:18       3    425      4      0 
 20250823    16:23:23       0      4      2      0 
 20250823    16:23:23       1    425      4      0 
 20250823    16:23:23       2    425      4      0 
 20250823    16:23:23       3    425      4      0 
 20250823    16:23:28       0      4      2      0 
 20250823    16:23:28       1    425      4      0 
 20250823    16:23:28       2    425      4      0 
 20250823    16:23:28       3    425      4      0 
 20250823    16:23:33       0      4      2      0 
 20250823    16:23:33       1    425      4      0 
 20250823    16:23:33       2    425      4      0 
 20250823    16:23:33       3    425      4      0 
 20250823    16:23:38       0      4      2      0 
 20250823    16:23:38       1    425      4      0 
 20250823    16:23:38       2    425      4      0 
 20250823    16:23:38       3    425      4      0 
 20250823    16:23:43       0      4      2      0 
 20250823    16:23:43       1    425      4      0 
 20250823    16:23:43       2    425      4      0 
 20250823    16:23:43       3    425      4      0 
 20250823    16:23:48       0      4      2      0 
 20250823    16:23:48       1    425      4      0 
 20250823    16:23:48       2    425      4      0 
 20250823    16:23:48       3    425      4      0 
#Date        Time         gpu     fb   bar1   ccpm 
#YYYYMMDD    HH:MM:SS     Idx     MB     MB     MB 
 20250823    16:23:53       0      4      2      0 
 20250823    16:23:53       1    425      4      0 
 20250823    16:23:53       2    425      4      0 
 20250823    16:23:53       3    425      4      0 
 20250823    16:23:58       0      4      2      0 
 20250823    16:23:58       1    425      4      0 
 20250823    16:23:58       2    425      4      0 
 20250823    16:23:58       3    425      4      0 
 20250823    16:24:03       0      4      2      0 
 20250823    16:24:03       1    425      4      0 
 20250823    16:24:03       2    425      4      0 
 20250823    16:24:03       3    425      4      0 
 20250823    16:24:08       0      4      2      0 
 20250823    16:24:08       1    425      4      0 
 20250823    16:24:08       2    425      4      0 
 20250823    16:24:08       3    425      4      0 
 20250823    16:24:13       0      4      2      0 
 20250823    16:24:13       1    425      4      0 
 20250823    16:24:13       2    425      4      0 
 20250823    16:24:13       3    425      4      0 
 20250823    16:24:18       0      4      2      0 
 20250823    16:24:18       1    425      4      0 
 20250823    16:24:18       2    425      4      0 
 20250823    16:24:18       3    425      4      0 
 20250823    16:24:23       0      4      2      0 
 20250823    16:24:23       1    425      4      0 
 20250823    16:24:23       2    425      4      0 
 20250823    16:24:23       3    425      4      0 
 20250823    16:24:28       0      4      2      0 
 20250823    16:24:28       1    425      4      0 
 20250823    16:24:28       2    425      4      0 
 20250823    16:24:28       3    425      4      0 
 20250823    16:24:33       0      4      2      0 
 20250823    16:24:33       1    425      4      0 
 20250823    16:24:33       2    425      4      0 
 20250823    16:24:33       3    425      4      0 
 20250823    16:24:38       0      4      2      0 
 20250823    16:24:38       1    425      4      0 
 20250823    16:24:38       2    425      4      0 
 20250823    16:24:38       3    425      4      0 
 20250823    16:24:43       0      4      2      0 
 20250823    16:24:43       1    425      4      0 
 20250823    16:24:43       2    425      4      0 
 20250823    16:24:43       3    425      4      0 
#Date        Time         gpu     fb   bar1   ccpm 
#YYYYMMDD    HH:MM:SS     Idx     MB     MB     MB 
 20250823    16:24:48       0      4      2      0 
 20250823    16:24:48       1    425      4      0 
 20250823    16:24:48       2    425      4      0 
 20250823    16:24:48       3    425      4      0 
 20250823    16:24:53       0      4      2      0 
 20250823    16:24:53       1    425      4      0 
 20250823    16:24:53       2    425      4      0 
 20250823    16:24:53       3    425      4      0 
 20250823    16:24:58       0      4      2      0 
 20250823    16:24:58       1    425      4      0 
 20250823    16:24:58       2    425      4      0 
 20250823    16:24:58       3    425      4      0 
 20250823    16:25:03       0      4      2      0 
 20250823    16:25:03       1    425      4      0 
 20250823    16:25:03       2    425      4      0 
 20250823    16:25:03       3    425      4      0 
 20250823    16:25:08       0      4      2      0 
 20250823    16:25:08       1    425      4      0 
 20250823    16:25:08       2    425      4      0 
 20250823    16:25:08       3    425      4      0 
 20250823    16:25:13       0      4      2      0 
 20250823    16:25:13       1    425      4      0 
 20250823    16:25:13       2    425      4      0 
 20250823    16:25:13       3    425      4      0 
 20250823    16:25:18       0      4      2      0 
 20250823    16:25:18       1    425      4      0 
 20250823    16:25:18       2    425      4      0 
 20250823    16:25:18       3    425      4      0 
 20250823    16:25:23       0      4      2      0 
 20250823    16:25:23       1    425      4      0 
 20250823    16:25:23       2    425      4      0 
 20250823    16:25:23       3    425      4      0 
 20250823    16:25:28       0      4      2      0 
 20250823    16:25:28       1    425      4      0 
 20250823    16:25:28       2    425      4      0 
 20250823    16:25:28       3    425      4      0 
 20250823    16:25:33       0      4      2      0 
 20250823    16:25:33       1    425      4      0 
 20250823    16:25:33       2    425      4      0 
 20250823    16:25:33       3    425      4      0 
 20250823    16:25:38       0      4      2      0 
 20250823    16:25:38       1    425      4      0 
 20250823    16:25:38       2    425      4      0 
 20250823    16:25:38       3    425      4      0 
#Date        Time         gpu     fb   bar1   ccpm 
#YYYYMMDD    HH:MM:SS     Idx     MB     MB     MB 
 20250823    16:25:43       0      4      2      0 
 20250823    16:25:43       1    425      4      0 
 20250823    16:25:43       2    425      4      0 
 20250823    16:25:43       3    425      4      0 
 20250823    16:25:48       0      4      2      0 
 20250823    16:25:48       1    425      4      0 
 20250823    16:25:48       2    425      4      0 
 20250823    16:25:48       3    425      4      0 
 20250823    16:25:53       0      4      2      0 
 20250823    16:25:53       1    503      4      0 
 20250823    16:25:53       2    425      4      0 
 20250823    16:25:53       3    425      4      0 
 20250823    16:25:58       0      4      2      0 
 20250823    16:25:58       1    503      4      0 
 20250823    16:25:58       2    425      4      0 
 20250823    16:25:58       3    425      4      0 
 20250823    16:26:03       0      4      2      0 
 20250823    16:26:03       1    503      4      0 
 20250823    16:26:03       2    425      4      0 
 20250823    16:26:03       3    425      4      0 
 20250823    16:26:08       0      4      2      0 
 20250823    16:26:08       1    503      4      0 
 20250823    16:26:08       2    425      4      0 
 20250823    16:26:08       3    503      4      0 
 20250823    16:26:13       0      4      2      0 
 20250823    16:26:13       1    503      4      0 
 20250823    16:26:13       2    425      4      0 
 20250823    16:26:13       3    503      4      0 
 20250823    16:26:18       0   1637      4      0 
 20250823    16:26:18       1   1709      4      0 
 20250823    16:26:18       2   1709      4      0 
 20250823    16:26:18       3   1637      4      0 
 20250823    16:26:23       0   1637      4      0 
 20250823    16:26:23       1   1709      4      0 
 20250823    16:26:23       2   1709      4      0 
 20250823    16:26:23       3   1637      4      0 
 20250823    16:26:28       0   1637      4      0 
 20250823    16:26:28       1   1709      4      0 
 20250823    16:26:28       2   1709      4      0 
 20250823    16:26:28       3   1637      4      0 
 20250823    16:26:33       0   7029      4      0 
 20250823    16:26:33       1   1711      4      0 
 20250823    16:26:33       2   7103      4      0 
 20250823    16:26:33       3   7031      4      0 
#Date        Time         gpu     fb   bar1   ccpm 
#YYYYMMDD    HH:MM:SS     Idx     MB     MB     MB 
 20250823    16:26:38       0   7029      4      0 
 20250823    16:26:38       1   7105      4      0 
 20250823    16:26:38       2   7103      4      0 
 20250823    16:26:38       3   7031      4      0 
 20250823    16:26:43       0   7029      4      0 
 20250823    16:26:43       1   7105      4      0 
 20250823    16:26:43       2   7103      4      0 
 20250823    16:26:43       3   7031      4      0 
 20250823    16:26:48       0   7029      4      0 
 20250823    16:26:48       1   7105      4      0 
 20250823    16:26:48       2   7103      4      0 
 20250823    16:26:48       3   7031      4      0 
 20250823    16:26:53       0   7029      4      0 
 20250823    16:26:53       1   7105      4      0 
 20250823    16:26:53       2   7103      4      0 
 20250823    16:26:53       3   7031      4      0 
 20250823    16:26:58       0   7029      4      0 
 20250823    16:26:58       1   7105      4      0 
 20250823    16:26:58       2   7103      4      0 
 20250823    16:26:58       3   7031      4      0 
 20250823    16:27:03       0   7029      4      0 
 20250823    16:27:03       1   7105      4      0 
 20250823    16:27:03       2   7103      4      0 
 20250823    16:27:03       3   7031      4      0 
 20250823    16:27:08       0   7029      4      0 
 20250823    16:27:08       1   7105      4      0 
 20250823    16:27:08       2   7103      4      0 
 20250823    16:27:08       3   7031      4      0 
 20250823    16:27:13       0   7029      4      0 
 20250823    16:27:13       1   7105      4      0 
 20250823    16:27:13       2   7103      4      0 
 20250823    16:27:13       3   7031      4      0 
 20250823    16:27:18       0   7029      4      0 
 20250823    16:27:18       1   7105      4      0 
 20250823    16:27:18       2   7103      4      0 
 20250823    16:27:18       3   7031      4      0 
 20250823    16:27:23       0   7029      4      0 
 20250823    16:27:23       1   7105      4      0 
 20250823    16:27:23       2   7103      4      0 
 20250823    16:27:23       3   7031      4      0 
 20250823    16:27:28       0   7031      4      0 
 20250823    16:27:28       1   7105      4      0 
 20250823    16:27:28       2   7105      4      0 
 20250823    16:27:28       3   7031      4      0 
#Date        Time         gpu     fb   bar1   ccpm 
#YYYYMMDD    HH:MM:SS     Idx     MB     MB     MB 
 20250823    16:27:33       0   7031      4      0 
 20250823    16:27:33       1   7105      4      0 
 20250823    16:27:33       2   7105      4      0 
 20250823    16:27:33       3   7031      4      0 
 20250823    16:27:38       0   7031      4      0 
 20250823    16:27:38       1   7105      4      0 
 20250823    16:27:38       2   7105      4      0 
 20250823    16:27:38       3   7031      4      0 
 20250823    16:27:43       0   7031      4      0 
 20250823    16:27:43       1   7105      4      0 
 20250823    16:27:43       2   7105      4      0 
 20250823    16:27:43       3   7031      4      0 
 20250823    16:27:48       0   7031      4      0 
 20250823    16:27:48       1   7105      4      0 
 20250823    16:27:48       2   7105      4      0 
 20250823    16:27:48       3   7031      4      0 
 20250823    16:27:53       0   7031      4      0 
 20250823    16:27:53       1   7105      4      0 
 20250823    16:27:53       2   7105      4      0 
 20250823    16:27:53       3   7031      4      0 
 20250823    16:27:58       0   7031      4      0 
 20250823    16:27:58       1   7105      4      0 
 20250823    16:27:58       2   7105      4      0 
 20250823    16:27:58       3   7031      4      0 
 20250823    16:28:03       0   7031      4      0 
 20250823    16:28:03       1   7105      4      0 
 20250823    16:28:03       2   7105      4      0 
 20250823    16:28:03       3   7031      4      0 
 20250823    16:28:08       0   7031      4      0 
 20250823    16:28:08       1   7105      4      0 
 20250823    16:28:08       2   7105      4      0 
 20250823    16:28:08       3   7031      4      0 
 20250823    16:28:13       0   7031      4      0 
 20250823    16:28:13       1   7105      4      0 
 20250823    16:28:13       2   7105      4      0 
 20250823    16:28:13       3   7031      4      0 
 20250823    16:28:18       0   7031      4      0 
 20250823    16:28:18       1   7105      4      0 
 20250823    16:28:18       2   7105      4      0 
 20250823    16:28:18       3   7031      4      0 
 20250823    16:28:23       0   7031      4      0 
 20250823    16:28:23       1   7105      4      0 
 20250823    16:28:23       2   7105      4      0 
 20250823    16:28:23       3   7031      4      0 
#Date        Time         gpu     fb   bar1   ccpm 
#YYYYMMDD    HH:MM:SS     Idx     MB     MB     MB 
 20250823    16:28:28       0   7031      4      0 
 20250823    16:28:28       1   7105      4      0 
 20250823    16:28:28       2   7105      4      0 
 20250823    16:28:28       3   7031      4      0 
 20250823    16:28:33       0   7031      4      0 
 20250823    16:28:33       1   7105      4      0 
 20250823    16:28:33       2   7105      4      0 
 20250823    16:28:33       3   7031      4      0 
 20250823    16:28:38       0   7031      4      0 
 20250823    16:28:38       1   7105      4      0 
 20250823    16:28:38       2   7105      4      0 
 20250823    16:28:38       3   7031      4      0 
 20250823    16:28:43       0   7031      4      0 
 20250823    16:28:43       1   7105      4      0 
 20250823    16:28:43       2   7105      4      0 
 20250823    16:28:43       3   7031      4      0 
 20250823    16:28:48       0   7031      4      0 
 20250823    16:28:48       1   7105      4      0 
 20250823    16:28:48       2   7105      4      0 
 20250823    16:28:48       3   7031      4      0 
 20250823    16:28:53       0   7031      4      0 
 20250823    16:28:53       1   7105      4      0 
 20250823    16:28:53       2   7105      4      0 
 20250823    16:28:53       3   7031      4      0 
 20250823    16:28:58       0   7031      4      0 
 20250823    16:28:58       1   7105      4      0 
 20250823    16:28:58       2   7105      4      0 
 20250823    16:28:58       3   7031      4      0 
 20250823    16:29:03       0   7031      4      0 
 20250823    16:29:03       1   7105      4      0 
 20250823    16:29:03       2   7105      4      0 
 20250823    16:29:03       3   7031      4      0 
 20250823    16:29:08       0   7031      4      0 
 20250823    16:29:08       1   7105      4      0 
 20250823    16:29:08       2   7105      4      0 
 20250823    16:29:08       3   7031      4      0 
 20250823    16:29:13       0   7031      4      0 
 20250823    16:29:13       1   7105      4      0 
 20250823    16:29:13       2   7105      4      0 
 20250823    16:29:13       3   7031      4      0 
 20250823    16:29:18       0   7031      4      0 
 20250823    16:29:18       1   7105      4      0 
 20250823    16:29:18       2   7105      4      0 
 20250823    16:29:18       3   7031      4      0 
#Date        Time         gpu     fb   bar1   ccpm 
#YYYYMMDD    HH:MM:SS     Idx     MB     MB     MB 
 20250823    16:29:23       0   7031      4      0 
 20250823    16:29:23       1   7105      4      0 
 20250823    16:29:23       2   7105      4      0 
 20250823    16:29:23       3   7031      4      0 
 20250823    16:29:28       0   7031      4      0 
 20250823    16:29:28       1   7105      4      0 
 20250823    16:29:28       2   7105      4      0 
 20250823    16:29:28       3   7033      4      0 
 20250823    16:29:33       0   7031      4      0 
 20250823    16:29:33       1   7105      4      0 
 20250823    16:29:33       2   7105      4      0 
 20250823    16:29:33       3   7033      4      0 
 20250823    16:29:38       0   7031      4      0 
 20250823    16:29:38       1   7105      4      0 
 20250823    16:29:38       2   7105      4      0 
 20250823    16:29:38       3   7033      4      0 
 20250823    16:29:44       0   7031      4      0 
 20250823    16:29:44       1   7105      4      0 
 20250823    16:29:44       2   7105      4      0 
 20250823    16:29:44       3   7033      4      0 
 20250823    16:29:49       0   7031      4      0 
 20250823    16:29:49       1   7105      4      0 
 20250823    16:29:49       2   7105      4      0 
 20250823    16:29:49       3   7033      4      0 
 20250823    16:29:54       0   7031      4      0 
 20250823    16:29:54       1   7105      4      0 
 20250823    16:29:54       2   7105      4      0 
 20250823    16:29:54       3   7033      4      0 
 20250823    16:29:59       0   7031      4      0 
 20250823    16:29:59       1   7105      4      0 
 20250823    16:29:59       2   7105      4      0 
 20250823    16:29:59       3   7033      4      0 
 20250823    16:30:04       0   7031      4      0 
 20250823    16:30:04       1   7105      4      0 
 20250823    16:30:04       2   7105      4      0 
 20250823    16:30:04       3   7033      4      0 
 20250823    16:30:09       0   7031      4      0 
 20250823    16:30:09       1   7105      4      0 
 20250823    16:30:09       2   7105      4      0 
 20250823    16:30:09       3   7033      4      0 
 20250823    16:30:14       0   7031      4      0 
 20250823    16:30:14       1   7105      4      0 
 20250823    16:30:14       2   7105      4      0 
 20250823    16:30:14       3   7033      4      0 
#Date        Time         gpu     fb   bar1   ccpm 
#YYYYMMDD    HH:MM:SS     Idx     MB     MB     MB 
 20250823    16:30:19       0   7031      4      0 
 20250823    16:30:19       1   7105      4      0 
 20250823    16:30:19       2   7105      4      0 
 20250823    16:30:19       3   7033      4      0 
 20250823    16:30:24       0   7031      4      0 
 20250823    16:30:24       1   7105      4      0 
 20250823    16:30:24       2   7105      4      0 
 20250823    16:30:24       3   7033      4      0 
 20250823    16:30:29       0   7031      4      0 
 20250823    16:30:29       1   7105      4      0 
 20250823    16:30:29       2   7105      4      0 
 20250823    16:30:29       3   7033      4      0 
 20250823    16:30:34       0   7031      4      0 
 20250823    16:30:34       1   7105      4      0 
 20250823    16:30:34       2   7105      4      0 
 20250823    16:30:34       3   7033      4      0 
 20250823    16:30:39       0   7031      4      0 
 20250823    16:30:39       1   7105      4      0 
 20250823    16:30:39       2   7105      4      0 
 20250823    16:30:39       3   7033      4      0 
 20250823    16:30:44       0   7031      4      0 
 20250823    16:30:44       1   7105      4      0 
 20250823    16:30:44       2   7105      4      0 
 20250823    16:30:44       3   7033      4      0 
 20250823    16:30:49       0   7031      4      0 
 20250823    16:30:49       1   7105      4      0 
 20250823    16:30:49       2   7105      4      0 
 20250823    16:30:49       3   7033      4      0 
 20250823    16:30:54       0   7031      4      0 
 20250823    16:30:54       1   7105      4      0 
 20250823    16:30:54       2   7105      4      0 
 20250823    16:30:54       3   7033      4      0 
 20250823    16:30:59       0   7031      4      0 
 20250823    16:30:59       1   7105      4      0 
 20250823    16:30:59       2   7105      4      0 
 20250823    16:30:59       3   7033      4      0 
 20250823    16:31:04       0   7031      4      0 
 20250823    16:31:04       1   7105      4      0 
 20250823    16:31:04       2   7105      4      0 
 20250823    16:31:04       3   7033      4      0 
 20250823    16:31:09       0   7031      4      0 
 20250823    16:31:09       1   7105      4      0 
 20250823    16:31:09       2   7105      4      0 
 20250823    16:31:09       3   7033      4      0 
#Date        Time         gpu     fb   bar1   ccpm 
#YYYYMMDD    HH:MM:SS     Idx     MB     MB     MB 
 20250823    16:31:14       0   7031      4      0 
 20250823    16:31:14       1   7105      4      0 
 20250823    16:31:14       2   7105      4      0 
 20250823    16:31:14       3   7033      4      0 
 20250823    16:31:19       0   7031      4      0 
 20250823    16:31:19       1   7105      4      0 
 20250823    16:31:19       2   7105      4      0 
 20250823    16:31:19       3   7033      4      0 
 20250823    16:31:24       0   7031      4      0 
 20250823    16:31:24       1   7105      4      0 
 20250823    16:31:24       2   7105      4      0 
 20250823    16:31:24       3   7033      4      0 
 20250823    16:31:29       0   7031      4      0 
 20250823    16:31:29       1   7105      4      0 
 20250823    16:31:29       2   7105      4      0 
 20250823    16:31:29       3   7033      4      0 
 20250823    16:31:34       0   7031      4      0 
 20250823    16:31:34       1   7105      4      0 
 20250823    16:31:34       2   7105      4      0 
 20250823    16:31:34       3   7033      4      0 
 20250823    16:31:39       0   7031      4      0 
 20250823    16:31:39       1   7105      4      0 
 20250823    16:31:39       2   7105      4      0 
 20250823    16:31:39       3   7033      4      0 
 20250823    16:31:44       0   7031      4      0 
 20250823    16:31:44       1   7105      4      0 
 20250823    16:31:44       2   7105      4      0 
 20250823    16:31:44       3   7033      4      0 
 20250823    16:31:49       0   7031      4      0 
 20250823    16:31:49       1   7105      4      0 
 20250823    16:31:49       2   7105      4      0 
 20250823    16:31:49       3   7033      4      0 
 20250823    16:31:54       0   7031      4      0 
 20250823    16:31:54       1   7105      4      0 
 20250823    16:31:54       2   7105      4      0 
 20250823    16:31:54       3   7033      4      0 
 20250823    16:31:59       0   7031      4      0 
 20250823    16:31:59       1   7105      4      0 
 20250823    16:31:59       2   7105      4      0 
 20250823    16:31:59       3   7033      4      0 
 20250823    16:32:04       0   7031      4      0 
 20250823    16:32:04       1   7105      4      0 
 20250823    16:32:04       2   7105      4      0 
 20250823    16:32:04       3   7033      4      0 
#Date        Time         gpu     fb   bar1   ccpm 
#YYYYMMDD    HH:MM:SS     Idx     MB     MB     MB 
 20250823    16:32:09       0   7031      4      0 
 20250823    16:32:09       1   7105      4      0 
 20250823    16:32:09       2   7105      4      0 
 20250823    16:32:09       3   7033      4      0 
 20250823    16:32:14       0   7031      4      0 
 20250823    16:32:14       1   7105      4      0 
 20250823    16:32:14       2   7105      4      0 
 20250823    16:32:14       3   7033      4      0 
 20250823    16:32:19       0   7031      4      0 
 20250823    16:32:19       1   7105      4      0 
 20250823    16:32:19       2   7105      4      0 
 20250823    16:32:19       3   7033      4      0 
 20250823    16:32:24       0   7031      4      0 
 20250823    16:32:24       1   7105      4      0 
 20250823    16:32:24       2   7105      4      0 
 20250823    16:32:24       3   7033      4      0 
 20250823    16:32:29       0   7031      4      0 
 20250823    16:32:29       1   7105      4      0 
 20250823    16:32:29       2   7105      4      0 
 20250823    16:32:29       3   7033      4      0 
 20250823    16:32:34       0   7031      4      0 
 20250823    16:32:34       1   7105      4      0 
 20250823    16:32:34       2   7105      4      0 
 20250823    16:32:34       3   7033      4      0 
 20250823    16:32:39       0   7031      4      0 
 20250823    16:32:39       1   7105      4      0 
 20250823    16:32:39       2   7105      4      0 
 20250823    16:32:39       3   7033      4      0 
 20250823    16:32:44       0   7031      4      0 
 20250823    16:32:44       1   7105      4      0 
 20250823    16:32:44       2   7105      4      0 
 20250823    16:32:44       3   7033      4      0 
 20250823    16:32:49       0   7031      4      0 
 20250823    16:32:49       1   7105      4      0 
 20250823    16:32:49       2   7105      4      0 
 20250823    16:32:49       3   7033      4      0 
 20250823    16:32:54       0   7031      4      0 
 20250823    16:32:54       1   7105      4      0 
 20250823    16:32:54       2   7105      4      0 
 20250823    16:32:54       3   7033      4      0 
 20250823    16:32:59       0   7031      4      0 
 20250823    16:32:59       1   7105      4      0 
 20250823    16:32:59       2   7105      4      0 
 20250823    16:32:59       3   7033      4      0 
#Date        Time         gpu     fb   bar1   ccpm 
#YYYYMMDD    HH:MM:SS     Idx     MB     MB     MB 
 20250823    16:33:04       0   7031      4      0 
 20250823    16:33:04       1   7105      4      0 
 20250823    16:33:04       2   7105      4      0 
 20250823    16:33:04       3   7033      4      0 
 20250823    16:33:09       0   7031      4      0 
 20250823    16:33:09       1   7105      4      0 
 20250823    16:33:09       2   7105      4      0 
 20250823    16:33:09       3   7033      4      0 
 20250823    16:33:14       0   7031      4      0 
 20250823    16:33:14       1   7105      4      0 
 20250823    16:33:14       2   7105      4      0 
 20250823    16:33:14       3   7033      4      0 
 20250823    16:33:19       0   7031      4      0 
 20250823    16:33:19       1   7105      4      0 
 20250823    16:33:19       2   7105      4      0 
 20250823    16:33:19       3   7033      4      0 
 20250823    16:33:24       0   7031      4      0 
 20250823    16:33:24       1   7105      4      0 
 20250823    16:33:24       2   7105      4      0 
 20250823    16:33:24       3   7033      4      0 
 20250823    16:33:29       0   7031      4      0 
 20250823    16:33:29       1   7105      4      0 
 20250823    16:33:29       2   7105      4      0 
 20250823    16:33:29       3   7033      4      0 
 20250823    16:33:34       0   7031      4      0 
 20250823    16:33:34       1   7105      4      0 
 20250823    16:33:34       2   7105      4      0 
 20250823    16:33:34       3   7033      4      0 
 20250823    16:33:39       0   7031      4      0 
 20250823    16:33:39       1   7105      4      0 
 20250823    16:33:39       2   7105      4      0 
 20250823    16:33:39       3   7033      4      0 
 20250823    16:33:44       0   7031      4      0 
 20250823    16:33:44       1   7105      4      0 
 20250823    16:33:44       2   7105      4      0 
 20250823    16:33:44       3   7033      4      0 
 20250823    16:33:49       0   7031      4      0 
 20250823    16:33:49       1   7105      4      0 
 20250823    16:33:49       2   7105      4      0 
 20250823    16:33:49       3   7033      4      0 
 20250823    16:33:54       0   7031      4      0 
 20250823    16:33:54       1   7105      4      0 
 20250823    16:33:54       2   7105      4      0 
 20250823    16:33:54       3   7033      4      0 
#Date        Time         gpu     fb   bar1   ccpm 
#YYYYMMDD    HH:MM:SS     Idx     MB     MB     MB 
 20250823    16:33:59       0   7031      4      0 
 20250823    16:33:59       1   7105      4      0 
 20250823    16:33:59       2   7105      4      0 
 20250823    16:33:59       3   7033      4      0 
 20250823    16:34:04       0   7031      4      0 
 20250823    16:34:04       1   7105      4      0 
 20250823    16:34:04       2   7105      4      0 
 20250823    16:34:04       3   7033      4      0 
 20250823    16:34:09       0   7031      4      0 
 20250823    16:34:09       1   7105      4      0 
 20250823    16:34:09       2   7105      4      0 
 20250823    16:34:09       3   7033      4      0 
 20250823    16:34:14       0   7031      4      0 
 20250823    16:34:14       1   7105      4      0 
 20250823    16:34:14       2   7105      4      0 
 20250823    16:34:14       3   7033      4      0 
 20250823    16:34:19       0   7031      4      0 
 20250823    16:34:19       1   7105      4      0 
 20250823    16:34:19       2   7105      4      0 
 20250823    16:34:19       3   7033      4      0 
 20250823    16:34:24       0   7031      4      0 
 20250823    16:34:24       1   7105      4      0 
 20250823    16:34:24       2   7105      4      0 
 20250823    16:34:24       3   7033      4      0 
 20250823    16:34:29       0   7033      4      0 
 20250823    16:34:29       1   7105      4      0 
 20250823    16:34:29       2   7105      4      0 
 20250823    16:34:29       3   7033      4      0 
 20250823    16:34:34       0   7033      4      0 
 20250823    16:34:34       1   7105      4      0 
 20250823    16:34:34       2   7105      4      0 
 20250823    16:34:34       3   7033      4      0 
 20250823    16:34:39       0   7033      4      0 
 20250823    16:34:39       1   7105      4      0 
 20250823    16:34:39       2   7105      4      0 
 20250823    16:34:39       3   7033      4      0 
 20250823    16:34:44       0   7033      4      0 
 20250823    16:34:44       1   7105      4      0 
 20250823    16:34:44       2   7105      4      0 
 20250823    16:34:44       3   7033      4      0 
 20250823    16:34:49       0   7033      4      0 
 20250823    16:34:49       1   7105      4      0 
 20250823    16:34:49       2   7105      4      0 
 20250823    16:34:49       3   7033      4      0 
#Date        Time         gpu     fb   bar1   ccpm 
#YYYYMMDD    HH:MM:SS     Idx     MB     MB     MB 
 20250823    16:34:54       0   7033      4      0 
 20250823    16:34:54       1   7105      4      0 
 20250823    16:34:54       2   7105      4      0 
 20250823    16:34:54       3   7033      4      0 
 20250823    16:34:59       0   7033      4      0 
 20250823    16:34:59       1   7105      4      0 
 20250823    16:34:59       2   7105      4      0 
 20250823    16:34:59       3   7033      4      0 
 20250823    16:35:04       0   7033      4      0 
 20250823    16:35:04       1   7105      4      0 
 20250823    16:35:04       2   7105      4      0 
 20250823    16:35:04       3   7033      4      0 
 20250823    16:35:09       0   7033      4      0 
 20250823    16:35:09       1   7105      4      0 
 20250823    16:35:09       2   7105      4      0 
 20250823    16:35:09       3   7033      4      0 
 20250823    16:35:14       0   7033      4      0 
 20250823    16:35:14       1   7105      4      0 
 20250823    16:35:14       2   7105      4      0 
 20250823    16:35:14       3   7033      4      0 
 20250823    16:35:19       0   7033      4      0 
 20250823    16:35:19       1   7105      4      0 
 20250823    16:35:19       2   7105      4      0 
 20250823    16:35:19       3   7033      4      0 
 20250823    16:35:24       0   7033      4      0 
 20250823    16:35:24       1   7105      4      0 
 20250823    16:35:24       2   7105      4      0 
 20250823    16:35:24       3   7033      4      0 
 20250823    16:35:29       0   7033      4      0 
 20250823    16:35:29       1   7105      4      0 
 20250823    16:35:29       2   7105      4      0 
 20250823    16:35:29       3   7033      4      0 
 20250823    16:35:34       0   7033      4      0 
 20250823    16:35:34       1   7105      4      0 
 20250823    16:35:34       2   7105      4      0 
 20250823    16:35:34       3   7033      4      0 
 20250823    16:35:39       0   7033      4      0 
 20250823    16:35:39       1   7105      4      0 
 20250823    16:35:39       2   7105      4      0 
 20250823    16:35:39       3   7033      4      0 
 20250823    16:35:44       0   7033      4      0 
 20250823    16:35:44       1   7105      4      0 
 20250823    16:35:44       2   7105      4      0 
 20250823    16:35:44       3   7033      4      0 
#Date        Time         gpu     fb   bar1   ccpm 
#YYYYMMDD    HH:MM:SS     Idx     MB     MB     MB 
 20250823    16:35:49       0   7033      4      0 
 20250823    16:35:49       1   7105      4      0 
 20250823    16:35:49       2   7105      4      0 
 20250823    16:35:49       3   7033      4      0 
 20250823    16:35:54       0   7033      4      0 
 20250823    16:35:54       1   7105      4      0 
 20250823    16:35:54       2   7105      4      0 
 20250823    16:35:54       3   7033      4      0 
 20250823    16:35:59       0   7033      4      0 
 20250823    16:35:59       1   7105      4      0 
 20250823    16:35:59       2   7105      4      0 
 20250823    16:35:59       3   7033      4      0 
 20250823    16:36:04       0   7033      4      0 
 20250823    16:36:04       1   7105      4      0 
 20250823    16:36:04       2   7105      4      0 
 20250823    16:36:04       3   7033      4      0 
 20250823    16:36:09       0   7033      4      0 
 20250823    16:36:09       1   7105      4      0 
 20250823    16:36:09       2   7105      4      0 
 20250823    16:36:09       3   7033      4      0 
 20250823    16:36:14       0   7033      4      0 
 20250823    16:36:14       1   7105      4      0 
 20250823    16:36:14       2   7105      4      0 
 20250823    16:36:14       3   7033      4      0 
 20250823    16:36:19       0   7033      4      0 
 20250823    16:36:19       1   7105      4      0 
 20250823    16:36:19       2   7105      4      0 
 20250823    16:36:19       3   7033      4      0 
 20250823    16:36:24       0   7033      4      0 
 20250823    16:36:24       1   7105      4      0 
 20250823    16:36:24       2   7105      4      0 
 20250823    16:36:24       3   7033      4      0 
 20250823    16:36:29       0   7033      4      0 
 20250823    16:36:29       1   7105      4      0 
 20250823    16:36:29       2   7105      4      0 
 20250823    16:36:29       3   7033      4      0 
 20250823    16:36:34       0   7033      4      0 
 20250823    16:36:34       1   7105      4      0 
 20250823    16:36:34       2   7105      4      0 
 20250823    16:36:34       3   7033      4      0 
 20250823    16:36:39       0   7033      4      0 
 20250823    16:36:39       1   7105      4      0 
 20250823    16:36:39       2   7105      4      0 
 20250823    16:36:39       3   7033      4      0 
#Date        Time         gpu     fb   bar1   ccpm 
#YYYYMMDD    HH:MM:SS     Idx     MB     MB     MB 
 20250823    16:36:44       0   7033      4      0 
 20250823    16:36:44       1   7105      4      0 
 20250823    16:36:44       2   7105      4      0 
 20250823    16:36:44       3   7033      4      0 
 20250823    16:36:49       0   7033      4      0 
 20250823    16:36:49       1   7105      4      0 
 20250823    16:36:49       2   7105      4      0 
 20250823    16:36:49       3   7033      4      0 
 20250823    16:36:54       0   7033      4      0 
 20250823    16:36:54       1   7105      4      0 
 20250823    16:36:54       2   7105      4      0 
 20250823    16:36:54       3   7033      4      0 
 20250823    16:36:59       0   7033      4      0 
 20250823    16:36:59       1   7105      4      0 
 20250823    16:36:59       2   7105      4      0 
 20250823    16:36:59       3   7033      4      0 
 20250823    16:37:04       0   7033      4      0 
 20250823    16:37:04       1   7105      4      0 
 20250823    16:37:04       2   7105      4      0 
 20250823    16:37:04       3   7033      4      0 
 20250823    16:37:09       0   7033      4      0 
 20250823    16:37:09       1   7105      4      0 
 20250823    16:37:09       2   7105      4      0 
 20250823    16:37:09       3   7033      4      0 
 20250823    16:37:14       0   7033      4      0 
 20250823    16:37:14       1   7105      4      0 
 20250823    16:37:14       2   7105      4      0 
 20250823    16:37:14       3   7033      4      0 
 20250823    16:37:19       0   7033      4      0 
 20250823    16:37:19       1   7105      4      0 
 20250823    16:37:19       2   7105      4      0 
 20250823    16:37:19       3   7033      4      0 
 20250823    16:37:24       0   7033      4      0 
 20250823    16:37:24       1   7105      4      0 
 20250823    16:37:24       2   7105      4      0 
 20250823    16:37:24       3   7033      4      0 
 20250823    16:37:29       0   7033      4      0 
 20250823    16:37:29       1   7105      4      0 
 20250823    16:37:29       2   7105      4      0 
 20250823    16:37:29       3   7033      4      0 
 20250823    16:37:34       0   7033      4      0 
 20250823    16:37:34       1   7105      4      0 
 20250823    16:37:34       2   7105      4      0 
 20250823    16:37:34       3   7033      4      0 
#Date        Time         gpu     fb   bar1   ccpm 
#YYYYMMDD    HH:MM:SS     Idx     MB     MB     MB 
 20250823    16:37:39       0   7033      4      0 
 20250823    16:37:39       1   7105      4      0 
 20250823    16:37:39       2   7105      4      0 
 20250823    16:37:39       3   7033      4      0 
 20250823    16:37:44       0   7033      4      0 
 20250823    16:37:44       1   7105      4      0 
 20250823    16:37:44       2   7105      4      0 
 20250823    16:37:44       3   7033      4      0 
 20250823    16:37:49       0   7033      4      0 
 20250823    16:37:49       1   7105      4      0 
 20250823    16:37:49       2   7105      4      0 
 20250823    16:37:49       3   7033      4      0 
 20250823    16:37:54       0   7033      4      0 
 20250823    16:37:54       1   7105      4      0 
 20250823    16:37:54       2   7105      4      0 
 20250823    16:37:54       3   7033      4      0 
 20250823    16:37:59       0   7033      4      0 
 20250823    16:37:59       1   7105      4      0 
 20250823    16:37:59       2   7105      4      0 
 20250823    16:37:59       3   7033      4      0 
 20250823    16:38:04       0   7033      4      0 
 20250823    16:38:04       1   7105      4      0 
 20250823    16:38:04       2   7105      4      0 
 20250823    16:38:04       3   7033      4      0 
 20250823    16:38:09       0   7033      4      0 
 20250823    16:38:09       1   7105      4      0 
 20250823    16:38:09       2   7105      4      0 
 20250823    16:38:09       3   7033      4      0 
 20250823    16:38:14       0   7033      4      0 
 20250823    16:38:14       1   7105      4      0 
 20250823    16:38:14       2   7105      4      0 
 20250823    16:38:14       3   7033      4      0 
 20250823    16:38:19       0   7033      4      0 
 20250823    16:38:19       1   7105      4      0 
 20250823    16:38:19       2   7105      4      0 
 20250823    16:38:19       3   7033      4      0 
 20250823    16:38:24       0   7033      4      0 
 20250823    16:38:24       1   7105      4      0 
 20250823    16:38:24       2   7105      4      0 
 20250823    16:38:24       3   7033      4      0 
 20250823    16:38:29       0   7033      4      0 
 20250823    16:38:29       1   7105      4      0 
 20250823    16:38:29       2   7105      4      0 
 20250823    16:38:29       3   7033      4      0 
#Date        Time         gpu     fb   bar1   ccpm 
#YYYYMMDD    HH:MM:SS     Idx     MB     MB     MB 
 20250823    16:38:34       0   7033      4      0 
 20250823    16:38:34       1   7105      4      0 
 20250823    16:38:34       2   7105      4      0 
 20250823    16:38:34       3   7033      4      0 
 20250823    16:38:39       0   7033      4      0 
 20250823    16:38:39       1   7105      4      0 
 20250823    16:38:39       2   7105      4      0 
 20250823    16:38:39       3   7033      4      0 
 20250823    16:38:44       0   7033      4      0 
 20250823    16:38:44       1   7105      4      0 
 20250823    16:38:44       2   7105      4      0 
 20250823    16:38:44       3   7033      4      0 
 20250823    16:38:49       0   7033      4      0 
 20250823    16:38:49       1   7105      4      0 
 20250823    16:38:49       2   7105      4      0 
 20250823    16:38:49       3   7033      4      0 
 20250823    16:38:54       0   7033      4      0 
 20250823    16:38:54       1   7105      4      0 
 20250823    16:38:54       2   7105      4      0 
 20250823    16:38:54       3   7033      4      0 
 20250823    16:38:59       0   7033      4      0 
 20250823    16:38:59       1   7105      4      0 
 20250823    16:38:59       2   7105      4      0 
 20250823    16:38:59       3   7033      4      0 
 20250823    16:39:04       0   7033      4      0 
 20250823    16:39:04       1   7105      4      0 
 20250823    16:39:04       2   7105      4      0 
 20250823    16:39:04       3   7033      4      0 
 20250823    16:39:09       0   7033      4      0 
 20250823    16:39:09       1   7105      4      0 
 20250823    16:39:09       2   7105      4      0 
 20250823    16:39:09       3   7033      4      0 
 20250823    16:39:14       0   7033      4      0 
 20250823    16:39:14       1   7105      4      0 
 20250823    16:39:14       2   7105      4      0 
 20250823    16:39:14       3   7033      4      0 
 20250823    16:39:19       0   7033      4      0 
 20250823    16:39:19       1   7105      4      0 
 20250823    16:39:19       2   7105      4      0 
 20250823    16:39:19       3   7033      4      0 
 20250823    16:39:24       0   7033      4      0 
 20250823    16:39:24       1   7105      4      0 
 20250823    16:39:24       2   7105      4      0 
 20250823    16:39:24       3   7033      4      0 
#Date        Time         gpu     fb   bar1   ccpm 
#YYYYMMDD    HH:MM:SS     Idx     MB     MB     MB 
 20250823    16:39:29       0   7033      4      0 
 20250823    16:39:29       1   7105      4      0 
 20250823    16:39:29       2   7105      4      0 
 20250823    16:39:29       3   7033      4      0 
 20250823    16:39:34       0   7033      4      0 
 20250823    16:39:34       1   7105      4      0 
 20250823    16:39:34       2   7105      4      0 
 20250823    16:39:34       3   7033      4      0 
 20250823    16:39:39       0   7033      4      0 
 20250823    16:39:39       1   7105      4      0 
 20250823    16:39:39       2   7105      4      0 
 20250823    16:39:39       3   7033      4      0 
 20250823    16:39:44       0   7033      4      0 
 20250823    16:39:44       1   7105      4      0 
 20250823    16:39:44       2   7105      4      0 
 20250823    16:39:44       3   7033      4      0 
 20250823    16:39:49       0   7033      4      0 
 20250823    16:39:49       1   7105      4      0 
 20250823    16:39:49       2   7105      4      0 
 20250823    16:39:49       3   7033      4      0 
 20250823    16:39:54       0   7033      4      0 
 20250823    16:39:54       1   7105      4      0 
 20250823    16:39:54       2   7105      4      0 
 20250823    16:39:54       3   7033      4      0 
 20250823    16:40:00       0   7033      4      0 
 20250823    16:40:00       1   7105      4      0 
 20250823    16:40:00       2   7105      4      0 
 20250823    16:40:00       3   7033      4      0 
 20250823    16:40:05       0   7033      4      0 
 20250823    16:40:05       1   7105      4      0 
 20250823    16:40:05       2   7105      4      0 
 20250823    16:40:05       3   7033      4      0 
 20250823    16:40:10       0   7033      4      0 
 20250823    16:40:10       1   7105      4      0 
 20250823    16:40:10       2   7105      4      0 
 20250823    16:40:10       3   7033      4      0 
 20250823    16:40:15       0   7033      4      0 
 20250823    16:40:15       1   7105      4      0 
 20250823    16:40:15       2   7105      4      0 
 20250823    16:40:15       3   7033      4      0 
 20250823    16:40:20       0   7033      4      0 
 20250823    16:40:20       1   7105      4      0 
 20250823    16:40:20       2   7105      4      0 
 20250823    16:40:20       3   7033      4      0 
#Date        Time         gpu     fb   bar1   ccpm 
#YYYYMMDD    HH:MM:SS     Idx     MB     MB     MB 
 20250823    16:40:25       0   7033      4      0 
 20250823    16:40:25       1   7105      4      0 
 20250823    16:40:25       2   7105      4      0 
 20250823    16:40:25       3   7033      4      0 
 20250823    16:40:30       0   7033      4      0 
 20250823    16:40:30       1   7105      4      0 
 20250823    16:40:30       2   7105      4      0 
 20250823    16:40:30       3   7033      4      0 
 20250823    16:40:35       0   7033      4      0 
 20250823    16:40:35       1   7105      4      0 
 20250823    16:40:35       2   7105      4      0 
 20250823    16:40:35       3   7033      4      0 
 20250823    16:40:40       0   7033      4      0 
 20250823    16:40:40       1   7105      4      0 
 20250823    16:40:40       2   7105      4      0 
 20250823    16:40:40       3   7033      4      0 
 20250823    16:40:45       0   7033      4      0 
 20250823    16:40:45       1   7105      4      0 
 20250823    16:40:45       2   7105      4      0 
 20250823    16:40:45       3   7033      4      0 
 20250823    16:40:50       0   7033      4      0 
 20250823    16:40:50       1   7105      4      0 
 20250823    16:40:50       2   7105      4      0 
 20250823    16:40:50       3   7033      4      0 
 20250823    16:40:55       0   7033      4      0 
 20250823    16:40:55       1   7105      4      0 
 20250823    16:40:55       2   7105      4      0 
 20250823    16:40:55       3   7033      4      0 
 20250823    16:41:00       0   7033      4      0 
 20250823    16:41:00       1   7105      4      0 
 20250823    16:41:00       2   7105      4      0 
 20250823    16:41:00       3   7033      4      0 
 20250823    16:41:05       0   7033      4      0 
 20250823    16:41:05       1   7105      4      0 
 20250823    16:41:05       2   7105      4      0 
 20250823    16:41:05       3   7033      4      0 
 20250823    16:41:10       0   7033      4      0 
 20250823    16:41:10       1   7105      4      0 
 20250823    16:41:10       2   7105      4      0 
 20250823    16:41:10       3   7033      4      0 
 20250823    16:41:15       0   7033      4      0 
 20250823    16:41:15       1   7105      4      0 
 20250823    16:41:15       2   7105      4      0 
 20250823    16:41:15       3   7033      4      0 
#Date        Time         gpu     fb   bar1   ccpm 
#YYYYMMDD    HH:MM:SS     Idx     MB     MB     MB 
 20250823    16:41:20       0   7033      4      0 
 20250823    16:41:20       1   7105      4      0 
 20250823    16:41:20       2   7105      4      0 
 20250823    16:41:20       3   7033      4      0 
 20250823    16:41:25       0   7033      4      0 
 20250823    16:41:25       1   7105      4      0 
 20250823    16:41:25       2   7105      4      0 
 20250823    16:41:25       3   7033      4      0 
 20250823    16:41:30       0   7033      4      0 
 20250823    16:41:30       1   7105      4      0 
 20250823    16:41:30       2   7105      4      0 
 20250823    16:41:30       3   7033      4      0 
 20250823    16:41:35       0   7033      4      0 
 20250823    16:41:35       1   7105      4      0 
 20250823    16:41:35       2   7105      4      0 
 20250823    16:41:35       3   7033      4      0 
 20250823    16:41:40       0   7033      4      0 
 20250823    16:41:40       1   7105      4      0 
 20250823    16:41:40       2   7105      4      0 
 20250823    16:41:40       3   7033      4      0 
 20250823    16:41:45       0   7033      4      0 
 20250823    16:41:45       1   7105      4      0 
 20250823    16:41:45       2   7105      4      0 
 20250823    16:41:45       3   7033      4      0 
 20250823    16:41:50       0   7033      4      0 
 20250823    16:41:50       1   7105      4      0 
 20250823    16:41:50       2   7105      4      0 
 20250823    16:41:50       3   7033      4      0 
 20250823    16:41:55       0   7033      4      0 
 20250823    16:41:55       1   7105      4      0 
 20250823    16:41:55       2   7105      4      0 
 20250823    16:41:55       3   7033      4      0 
 20250823    16:42:00       0   7033      4      0 
 20250823    16:42:00       1   7105      4      0 
 20250823    16:42:00       2   7105      4      0 
 20250823    16:42:00       3   7033      4      0 
 20250823    16:42:05       0   7033      4      0 
 20250823    16:42:05       1   7105      4      0 
 20250823    16:42:05       2   7105      4      0 
 20250823    16:42:05       3   7033      4      0 
 20250823    16:42:10       0   7033      4      0 
 20250823    16:42:10       1   7105      4      0 
 20250823    16:42:10       2   7105      4      0 
 20250823    16:42:10       3   7033      4      0 
#Date        Time         gpu     fb   bar1   ccpm 
#YYYYMMDD    HH:MM:SS     Idx     MB     MB     MB 
 20250823    16:42:15       0   7033      4      0 
 20250823    16:42:15       1   7105      4      0 
 20250823    16:42:15       2   7105      4      0 
 20250823    16:42:15       3   7033      4      0 
 20250823    16:42:20       0   7033      4      0 
 20250823    16:42:20       1   7105      4      0 
 20250823    16:42:20       2   7105      4      0 
 20250823    16:42:20       3   7033      4      0 
 20250823    16:42:25       0   7033      4      0 
 20250823    16:42:25       1   7105      4      0 
 20250823    16:42:25       2   7105      4      0 
 20250823    16:42:25       3   7033      4      0 
 20250823    16:42:30       0   7033      4      0 
 20250823    16:42:30       1   7105      4      0 
 20250823    16:42:30       2   7105      4      0 
 20250823    16:42:30       3   7033      4      0 
 20250823    16:42:35       0   7033      4      0 
 20250823    16:42:35       1   7105      4      0 
 20250823    16:42:35       2   7105      4      0 
 20250823    16:42:35       3   7033      4      0 
 20250823    16:42:40       0   7033      4      0 
 20250823    16:42:40       1   7105      4      0 
 20250823    16:42:40       2   7105      4      0 
 20250823    16:42:40       3   7033      4      0 
 20250823    16:42:45       0   7033      4      0 
 20250823    16:42:45       1   7105      4      0 
 20250823    16:42:45       2   7105      4      0 
 20250823    16:42:45       3   7033      4      0 
 20250823    16:42:50       0   7033      4      0 
 20250823    16:42:50       1   7105      4      0 
 20250823    16:42:50       2   7105      4      0 
 20250823    16:42:50       3   7033      4      0 
 20250823    16:42:55       0   7033      4      0 
 20250823    16:42:55       1   7105      4      0 
 20250823    16:42:55       2   7105      4      0 
 20250823    16:42:55       3   7033      4      0 
 20250823    16:43:00       0   7033      4      0 
 20250823    16:43:00       1   7105      4      0 
 20250823    16:43:00       2   7105      4      0 
 20250823    16:43:00       3   7033      4      0 
 20250823    16:43:05       0   7033      4      0 
 20250823    16:43:05       1   7105      4      0 
 20250823    16:43:05       2   7105      4      0 
 20250823    16:43:05       3   7033      4      0 
#Date        Time         gpu     fb   bar1   ccpm 
#YYYYMMDD    HH:MM:SS     Idx     MB     MB     MB 
 20250823    16:43:10       0   7033      4      0 
 20250823    16:43:10       1   7105      4      0 
 20250823    16:43:10       2   7105      4      0 
 20250823    16:43:10       3   7033      4      0 
 20250823    16:43:15       0   7033      4      0 
 20250823    16:43:15       1   7105      4      0 
 20250823    16:43:15       2   7105      4      0 
 20250823    16:43:15       3   7033      4      0 
 20250823    16:43:20       0   7033      4      0 
 20250823    16:43:20       1   7105      4      0 
 20250823    16:43:20       2   7105      4      0 
 20250823    16:43:20       3   7033      4      0 
 20250823    16:43:25       0   7033      4      0 
 20250823    16:43:25       1   7105      4      0 
 20250823    16:43:25       2   7105      4      0 
 20250823    16:43:25       3   7033      4      0 
 20250823    16:43:30       0   7033      4      0 
 20250823    16:43:30       1   7105      4      0 
 20250823    16:43:30       2   7105      4      0 
 20250823    16:43:30       3   7033      4      0 
 20250823    16:43:35       0   7033      4      0 
 20250823    16:43:35       1   7105      4      0 
 20250823    16:43:35       2   7105      4      0 
 20250823    16:43:35       3   7033      4      0 
 20250823    16:43:40       0   7033      4      0 
 20250823    16:43:40       1   7105      4      0 
 20250823    16:43:40       2   7105      4      0 
 20250823    16:43:40       3   7033      4      0 
 20250823    16:43:45       0   7033      4      0 
 20250823    16:43:45       1   7105      4      0 
 20250823    16:43:45       2   7105      4      0 
 20250823    16:43:45       3   7033      4      0 
 20250823    16:43:50       0   7033      4      0 
 20250823    16:43:50       1   7105      4      0 
 20250823    16:43:50       2   7105      4      0 
 20250823    16:43:50       3   7033      4      0 
 20250823    16:43:55       0   7033      4      0 
 20250823    16:43:55       1   7105      4      0 
 20250823    16:43:55       2   7105      4      0 
 20250823    16:43:55       3   7033      4      0 
 20250823    16:44:00       0   7033      4      0 
 20250823    16:44:00       1   7105      4      0 
 20250823    16:44:00       2   7105      4      0 
 20250823    16:44:00       3   7033      4      0 
#Date        Time         gpu     fb   bar1   ccpm 
#YYYYMMDD    HH:MM:SS     Idx     MB     MB     MB 
 20250823    16:44:05       0   7033      4      0 
 20250823    16:44:05       1   7105      4      0 
 20250823    16:44:05       2   7105      4      0 
 20250823    16:44:05       3   7033      4      0 
 20250823    16:44:10       0   7033      4      0 
 20250823    16:44:10       1   7105      4      0 
 20250823    16:44:10       2   7105      4      0 
 20250823    16:44:10       3   7033      4      0 
 20250823    16:44:15       0   7033      4      0 
 20250823    16:44:15       1   7105      4      0 
 20250823    16:44:15       2   7105      4      0 
 20250823    16:44:15       3   7033      4      0 
 20250823    16:44:20       0   7033      4      0 
 20250823    16:44:20       1   7105      4      0 
 20250823    16:44:20       2   7105      4      0 
 20250823    16:44:20       3   7033      4      0 
 20250823    16:44:25       0   7033      4      0 
 20250823    16:44:25       1   7105      4      0 
 20250823    16:44:25       2   7105      4      0 
 20250823    16:44:25       3   7033      4      0 
 20250823    16:44:30       0   7033      4      0 
 20250823    16:44:30       1   7105      4      0 
 20250823    16:44:30       2   7105      4      0 
 20250823    16:44:30       3   7033      4      0 
 20250823    16:44:35       0   7033      4      0 
 20250823    16:44:35       1   7105      4      0 
 20250823    16:44:35       2   7105      4      0 
 20250823    16:44:35       3   7033      4      0 
 20250823    16:44:40       0   7033      4      0 
 20250823    16:44:40       1   7105      4      0 
 20250823    16:44:40       2   7105      4      0 
 20250823    16:44:40       3   7033      4      0 
 20250823    16:44:45       0   7033      4      0 
 20250823    16:44:45       1   7105      4      0 
 20250823    16:44:45       2   7105      4      0 
 20250823    16:44:45       3   7033      4      0 
 20250823    16:44:50       0   7033      4      0 
 20250823    16:44:50       1   7105      4      0 
 20250823    16:44:50       2   7105      4      0 
 20250823    16:44:50       3   7033      4      0 
 20250823    16:44:55       0   7033      4      0 
 20250823    16:44:55       1   7105      4      0 
 20250823    16:44:55       2   7105      4      0 
 20250823    16:44:55       3   7033      4      0 
#Date        Time         gpu     fb   bar1   ccpm 
#YYYYMMDD    HH:MM:SS     Idx     MB     MB     MB 
 20250823    16:45:00       0   7033      4      0 
 20250823    16:45:00       1   7105      4      0 
 20250823    16:45:00       2   7105      4      0 
 20250823    16:45:00       3   7033      4      0 
 20250823    16:45:05       0   7033      4      0 
 20250823    16:45:05       1   7105      4      0 
 20250823    16:45:05       2   7105      4      0 
 20250823    16:45:05       3   7033      4      0 
 20250823    16:45:10       0   7033      4      0 
 20250823    16:45:10       1   7105      4      0 
 20250823    16:45:10       2   7105      4      0 
 20250823    16:45:10       3   7033      4      0 
 20250823    16:45:15       0   7033      4      0 
 20250823    16:45:15       1   7105      4      0 
 20250823    16:45:15       2   7105      4      0 
 20250823    16:45:15       3   7033      4      0 
 20250823    16:45:20       0   7033      4      0 
 20250823    16:45:20       1   7105      4      0 
 20250823    16:45:20       2   7105      4      0 
 20250823    16:45:20       3   7033      4      0 
 20250823    16:45:25       0   7033      4      0 
 20250823    16:45:25       1   7105      4      0 
 20250823    16:45:25       2   7105      4      0 
 20250823    16:45:25       3   7033      4      0 
 20250823    16:45:30       0   7033      4      0 
 20250823    16:45:30       1   7105      4      0 
 20250823    16:45:30       2   7105      4      0 
 20250823    16:45:30       3   7033      4      0 
 20250823    16:45:35       0   7033      4      0 
 20250823    16:45:35       1   7105      4      0 
 20250823    16:45:35       2   7105      4      0 
 20250823    16:45:35       3   7033      4      0 
 20250823    16:45:40       0   7033      4      0 
 20250823    16:45:40       1   7105      4      0 
 20250823    16:45:40       2   7105      4      0 
 20250823    16:45:40       3   7033      4      0 
 20250823    16:45:45       0   7033      4      0 
 20250823    16:45:45       1   7105      4      0 
 20250823    16:45:45       2   7105      4      0 
 20250823    16:45:45       3   7033      4      0 
 20250823    16:45:50       0   7033      4      0 
 20250823    16:45:50       1   7105      4      0 
 20250823    16:45:50       2   7105      4      0 
 20250823    16:45:50       3   7033      4      0 
#Date        Time         gpu     fb   bar1   ccpm 
#YYYYMMDD    HH:MM:SS     Idx     MB     MB     MB 
 20250823    16:45:55       0   7033      4      0 
 20250823    16:45:55       1   7105      4      0 
 20250823    16:45:55       2   7105      4      0 
 20250823    16:45:55       3   7033      4      0 
 20250823    16:46:00       0   7033      4      0 
 20250823    16:46:00       1   7105      4      0 
 20250823    16:46:00       2   7105      4      0 
 20250823    16:46:00       3   7033      4      0 
 20250823    16:46:05       0   7033      4      0 
 20250823    16:46:05       1   7105      4      0 
 20250823    16:46:05       2   7105      4      0 
 20250823    16:46:05       3   7033      4      0 
 20250823    16:46:10       0   7033      4      0 
 20250823    16:46:10       1   7105      4      0 
 20250823    16:46:10       2   7105      4      0 
 20250823    16:46:10       3   7033      4      0 
 20250823    16:46:15       0   7033      4      0 
 20250823    16:46:15       1   7105      4      0 
 20250823    16:46:15       2   7105      4      0 
 20250823    16:46:15       3   7033      4      0 
 20250823    16:46:20       0   7033      4      0 
 20250823    16:46:20       1   7105      4      0 
 20250823    16:46:20       2   7105      4      0 
 20250823    16:46:20       3   7033      4      0 
 20250823    16:46:25       0   7033      4      0 
 20250823    16:46:25       1   7105      4      0 
 20250823    16:46:25       2   7105      4      0 
 20250823    16:46:25       3   7033      4      0 
 20250823    16:46:30       0   7033      4      0 
 20250823    16:46:30       1   7105      4      0 
 20250823    16:46:30       2   7105      4      0 
 20250823    16:46:30       3   7033      4      0 
 20250823    16:46:35       0   7033      4      0 
 20250823    16:46:35       1   7105      4      0 
 20250823    16:46:35       2   7105      4      0 
 20250823    16:46:35       3   7033      4      0 
 20250823    16:46:40       0   7033      4      0 
 20250823    16:46:40       1   7105      4      0 
 20250823    16:46:40       2   7105      4      0 
 20250823    16:46:40       3   7033      4      0 
 20250823    16:46:45       0   7033      4      0 
 20250823    16:46:45       1   7105      4      0 
 20250823    16:46:45       2   7105      4      0 
 20250823    16:46:45       3   7033      4      0 
#Date        Time         gpu     fb   bar1   ccpm 
#YYYYMMDD    HH:MM:SS     Idx     MB     MB     MB 
 20250823    16:46:50       0   7033      4      0 
 20250823    16:46:50       1   7105      4      0 
 20250823    16:46:50       2   7105      4      0 
 20250823    16:46:50       3   7033      4      0 
 20250823    16:46:55       0   7033      4      0 
 20250823    16:46:55       1   7105      4      0 
 20250823    16:46:55       2   7105      4      0 
 20250823    16:46:55       3   7033      4      0 
 20250823    16:47:00       0   7033      4      0 
 20250823    16:47:00       1   7105      4      0 
 20250823    16:47:00       2   7105      4      0 
 20250823    16:47:00       3   7033      4      0 
 20250823    16:47:05       0   7033      4      0 
 20250823    16:47:05       1   7105      4      0 
 20250823    16:47:05       2   7105      4      0 
 20250823    16:47:05       3   7033      4      0 
 20250823    16:47:10       0   7033      4      0 
 20250823    16:47:10       1   7105      4      0 
 20250823    16:47:10       2   7105      4      0 
 20250823    16:47:10       3   7033      4      0 
 20250823    16:47:15       0   7033      4      0 
 20250823    16:47:15       1   7105      4      0 
 20250823    16:47:15       2   7105      4      0 
 20250823    16:47:15       3   7033      4      0 
 20250823    16:47:20       0   7033      4      0 
 20250823    16:47:20       1   7105      4      0 
 20250823    16:47:20       2   7105      4      0 
 20250823    16:47:20       3   7033      4      0 
 20250823    16:47:25       0   7033      4      0 
 20250823    16:47:25       1   7105      4      0 
 20250823    16:47:25       2   7105      4      0 
 20250823    16:47:25       3   7033      4      0 
 20250823    16:47:30       0   7033      4      0 
 20250823    16:47:30       1   7105      4      0 
 20250823    16:47:30       2   7105      4      0 
 20250823    16:47:30       3   7033      4      0 
 20250823    16:47:35       0   7033      4      0 
 20250823    16:47:35       1   7105      4      0 
 20250823    16:47:35       2   7105      4      0 
 20250823    16:47:35       3   7033      4      0 
 20250823    16:47:40       0   7033      4      0 
 20250823    16:47:40       1   7105      4      0 
 20250823    16:47:40       2   7105      4      0 
 20250823    16:47:40       3   7033      4      0 
#Date        Time         gpu     fb   bar1   ccpm 
#YYYYMMDD    HH:MM:SS     Idx     MB     MB     MB 
 20250823    16:47:45       0   7033      4      0 
 20250823    16:47:45       1   7105      4      0 
 20250823    16:47:45       2   7105      4      0 
 20250823    16:47:45       3   7033      4      0 
 20250823    16:47:50       0   7033      4      0 
 20250823    16:47:50       1   7105      4      0 
 20250823    16:47:50       2   7105      4      0 
 20250823    16:47:50       3   7033      4      0 
 20250823    16:47:55       0   7033      4      0 
 20250823    16:47:55       1   7105      4      0 
 20250823    16:47:55       2   7105      4      0 
 20250823    16:47:55       3   7033      4      0 
 20250823    16:48:00       0   7033      4      0 
 20250823    16:48:00       1   7105      4      0 
 20250823    16:48:00       2   7105      4      0 
 20250823    16:48:00       3   7033      4      0 
 20250823    16:48:05       0   7033      4      0 
 20250823    16:48:05       1   7105      4      0 
 20250823    16:48:05       2   7105      4      0 
 20250823    16:48:05       3   7033      4      0 
 20250823    16:48:10       0   7033      4      0 
 20250823    16:48:10       1   7105      4      0 
 20250823    16:48:10       2   7105      4      0 
 20250823    16:48:10       3   7033      4      0 
 20250823    16:48:15       0   7033      4      0 
 20250823    16:48:15       1   7105      4      0 
 20250823    16:48:15       2   7105      4      0 
 20250823    16:48:15       3   7033      4      0 
 20250823    16:48:20       0   7033      4      0 
 20250823    16:48:20       1   7105      4      0 
 20250823    16:48:20       2   7105      4      0 
 20250823    16:48:20       3   7033      4      0 
 20250823    16:48:25       0   7033      4      0 
 20250823    16:48:25       1   7105      4      0 
 20250823    16:48:25       2   7105      4      0 
 20250823    16:48:25       3   7033      4      0 
 20250823    16:48:30       0   7033      4      0 
 20250823    16:48:30       1   7105      4      0 
 20250823    16:48:30       2   7105      4      0 
 20250823    16:48:30       3   7033      4      0 
 20250823    16:48:35       0   7033      4      0 
 20250823    16:48:35       1   7105      4      0 
 20250823    16:48:35       2   7105      4      0 
 20250823    16:48:35       3   7033      4      0 
#Date        Time         gpu     fb   bar1   ccpm 
#YYYYMMDD    HH:MM:SS     Idx     MB     MB     MB 
 20250823    16:48:40       0   7033      4      0 
 20250823    16:48:40       1   7105      4      0 
 20250823    16:48:40       2   7105      4      0 
 20250823    16:48:40       3   7033      4      0 
 20250823    16:48:45       0   7033      4      0 
 20250823    16:48:45       1   7105      4      0 
 20250823    16:48:45       2   7105      4      0 
 20250823    16:48:45       3   7033      4      0 
 20250823    16:48:50       0   7033      4      0 
 20250823    16:48:50       1   7105      4      0 
 20250823    16:48:50       2   7105      4      0 
 20250823    16:48:50       3   7033      4      0 
 20250823    16:48:55       0   7033      4      0 
 20250823    16:48:55       1   7105      4      0 
 20250823    16:48:55       2   7105      4      0 
 20250823    16:48:55       3   7033      4      0 
 20250823    16:49:00       0   7033      4      0 
 20250823    16:49:00       1   7105      4      0 
 20250823    16:49:00       2   7105      4      0 
 20250823    16:49:00       3   7033      4      0 
 20250823    16:49:05       0   7033      4      0 
 20250823    16:49:05       1   7105      4      0 
 20250823    16:49:05       2   7105      4      0 
 20250823    16:49:05       3   7033      4      0 
 20250823    16:49:10       0   7033      4      0 
 20250823    16:49:10       1   7105      4      0 
 20250823    16:49:10       2   7105      4      0 
 20250823    16:49:10       3   7033      4      0 
 20250823    16:49:15       0   7033      4      0 
 20250823    16:49:15       1   7105      4      0 
 20250823    16:49:15       2   7105      4      0 
 20250823    16:49:15       3   7033      4      0 
 20250823    16:49:20       0   7033      4      0 
 20250823    16:49:20       1   7105      4      0 
 20250823    16:49:20       2   7105      4      0 
 20250823    16:49:20       3   7033      4      0 
 20250823    16:49:25       0   7033      4      0 
 20250823    16:49:25       1   7105      4      0 
 20250823    16:49:25       2   7105      4      0 
 20250823    16:49:25       3   7033      4      0 
 20250823    16:49:30       0   7033      4      0 
 20250823    16:49:30       1   7105      4      0 
 20250823    16:49:30       2   7105      4      0 
 20250823    16:49:30       3   7033      4      0 
#Date        Time         gpu     fb   bar1   ccpm 
#YYYYMMDD    HH:MM:SS     Idx     MB     MB     MB 
 20250823    16:49:35       0   7033      4      0 
 20250823    16:49:35       1   7105      4      0 
 20250823    16:49:35       2   7105      4      0 
 20250823    16:49:35       3   7033      4      0 
 20250823    16:49:40       0   7033      4      0 
 20250823    16:49:40       1   7105      4      0 
 20250823    16:49:40       2   7105      4      0 
 20250823    16:49:40       3   7033      4      0 
 20250823    16:49:45       0   7033      4      0 
 20250823    16:49:45       1   7105      4      0 
 20250823    16:49:45       2   7105      4      0 
 20250823    16:49:45       3   7033      4      0 
 20250823    16:49:50       0   7033      4      0 
 20250823    16:49:50       1   7105      4      0 
 20250823    16:49:50       2   7105      4      0 
 20250823    16:49:50       3   7033      4      0 
 20250823    16:49:56       0   7033      4      0 
 20250823    16:49:56       1   7105      4      0 
 20250823    16:49:56       2   7105      4      0 
 20250823    16:49:56       3   7033      4      0 
 20250823    16:50:01       0   7033      4      0 
 20250823    16:50:01       1   7105      4      0 
 20250823    16:50:01       2   7105      4      0 
 20250823    16:50:01       3   7033      4      0 
 20250823    16:50:06       0   7033      4      0 
 20250823    16:50:06       1   7105      4      0 
 20250823    16:50:06       2   7105      4      0 
 20250823    16:50:06       3   7033      4      0 
 20250823    16:50:11       0   7033      4      0 
 20250823    16:50:11       1   7105      4      0 
 20250823    16:50:11       2   7105      4      0 
 20250823    16:50:11       3   7033      4      0 
 20250823    16:50:16       0   7033      4      0 
 20250823    16:50:16       1   7105      4      0 
 20250823    16:50:16       2   7105      4      0 
 20250823    16:50:16       3   7033      4      0 
 20250823    16:50:21       0   7033      4      0 
 20250823    16:50:21       1   7105      4      0 
 20250823    16:50:21       2   7105      4      0 
 20250823    16:50:21       3   7033      4      0 
 20250823    16:50:26       0   7033      4      0 
 20250823    16:50:26       1   7105      4      0 
 20250823    16:50:26       2   7105      4      0 
 20250823    16:50:26       3   7033      4      0 
#Date        Time         gpu     fb   bar1   ccpm 
#YYYYMMDD    HH:MM:SS     Idx     MB     MB     MB 
 20250823    16:50:31       0   7033      4      0 
 20250823    16:50:31       1   7105      4      0 
 20250823    16:50:31       2   7105      4      0 
 20250823    16:50:31       3   7033      4      0 
 20250823    16:50:36       0   7033      4      0 
 20250823    16:50:36       1   7105      4      0 
 20250823    16:50:36       2   7105      4      0 
 20250823    16:50:36       3   7033      4      0 
 20250823    16:50:41       0   7033      4      0 
 20250823    16:50:41       1   7105      4      0 
 20250823    16:50:41       2   7105      4      0 
 20250823    16:50:41       3   7033      4      0 
 20250823    16:50:46       0   7033      4      0 
 20250823    16:50:46       1   7105      4      0 
 20250823    16:50:46       2   7105      4      0 
 20250823    16:50:46       3   7033      4      0 
 20250823    16:50:51       0   7033      4      0 
 20250823    16:50:51       1   7105      4      0 
 20250823    16:50:51       2   7105      4      0 
 20250823    16:50:51       3   7033      4      0 
 20250823    16:50:56       0   7033      4      0 
 20250823    16:50:56       1   7105      4      0 
 20250823    16:50:56       2   7105      4      0 
 20250823    16:50:56       3   7033      4      0 
 20250823    16:51:01       0   7033      4      0 
 20250823    16:51:01       1   7105      4      0 
 20250823    16:51:01       2   7105      4      0 
 20250823    16:51:01       3   7033      4      0 
 20250823    16:51:06       0   7033      4      0 
 20250823    16:51:06       1   7105      4      0 
 20250823    16:51:06       2   7105      4      0 
 20250823    16:51:06       3   7033      4      0 
 20250823    16:51:11       0   7033      4      0 
 20250823    16:51:11       1   7105      4      0 
 20250823    16:51:11       2   7105      4      0 
 20250823    16:51:11       3   7033      4      0 
 20250823    16:51:16       0   7033      4      0 
 20250823    16:51:16       1   7105      4      0 
 20250823    16:51:16       2   7105      4      0 
 20250823    16:51:16       3   7033      4      0 
 20250823    16:51:21       0   7033      4      0 
 20250823    16:51:21       1   7105      4      0 
 20250823    16:51:21       2   7105      4      0 
 20250823    16:51:21       3   7033      4      0 
#Date        Time         gpu     fb   bar1   ccpm 
#YYYYMMDD    HH:MM:SS     Idx     MB     MB     MB 
 20250823    16:51:26       0   7033      4      0 
 20250823    16:51:26       1   7105      4      0 
 20250823    16:51:26       2   7105      4      0 
 20250823    16:51:26       3   7033      4      0 
 20250823    16:51:31       0   7033      4      0 
 20250823    16:51:31       1   7105      4      0 
 20250823    16:51:31       2   7105      4      0 
 20250823    16:51:31       3   7033      4      0 
 20250823    16:51:36       0   7033      4      0 
 20250823    16:51:36       1   7105      4      0 
 20250823    16:51:36       2   7105      4      0 
 20250823    16:51:36       3   7033      4      0 
 20250823    16:51:41       0   7033      4      0 
 20250823    16:51:41       1   7105      4      0 
 20250823    16:51:41       2   7105      4      0 
 20250823    16:51:41       3   7033      4      0 
 20250823    16:51:46       0   7033      4      0 
 20250823    16:51:46       1   7105      4      0 
 20250823    16:51:46       2   7105      4      0 
 20250823    16:51:46       3   7033      4      0 
 20250823    16:51:51       0   7033      4      0 
 20250823    16:51:51       1   7105      4      0 
 20250823    16:51:51       2   7105      4      0 
 20250823    16:51:51       3   7033      4      0 
 20250823    16:51:56       0   7033      4      0 
 20250823    16:51:56       1   7105      4      0 
 20250823    16:51:56       2   7105      4      0 
 20250823    16:51:56       3   7033      4      0 
 20250823    16:52:01       0   7033      4      0 
 20250823    16:52:01       1   7105      4      0 
 20250823    16:52:01       2   7105      4      0 
 20250823    16:52:01       3   7033      4      0 
 20250823    16:52:06       0   7033      4      0 
 20250823    16:52:06       1   7105      4      0 
 20250823    16:52:06       2   7105      4      0 
 20250823    16:52:06       3   7033      4      0 
 20250823    16:52:11       0   7033      4      0 
 20250823    16:52:11       1   7105      4      0 
 20250823    16:52:11       2   7105      4      0 
 20250823    16:52:11       3   7033      4      0 
 20250823    16:52:16       0   7033      4      0 
 20250823    16:52:16       1   7105      4      0 
 20250823    16:52:16       2   7105      4      0 
 20250823    16:52:16       3   7033      4      0 
#Date        Time         gpu     fb   bar1   ccpm 
#YYYYMMDD    HH:MM:SS     Idx     MB     MB     MB 
 20250823    16:52:21       0   7033      4      0 
 20250823    16:52:21       1   7105      4      0 
 20250823    16:52:21       2   7105      4      0 
 20250823    16:52:21       3   7033      4      0 
 20250823    16:52:26       0   7033      4      0 
 20250823    16:52:26       1   7105      4      0 
 20250823    16:52:26       2   7105      4      0 
 20250823    16:52:26       3   7033      4      0 
 20250823    16:52:31       0   7033      4      0 
 20250823    16:52:31       1   7105      4      0 
 20250823    16:52:31       2   7105      4      0 
 20250823    16:52:31       3   7033      4      0 
 20250823    16:52:36       0   7033      4      0 
 20250823    16:52:36       1   7105      4      0 
 20250823    16:52:36       2   7105      4      0 
 20250823    16:52:36       3   7033      4      0 
 20250823    16:52:41       0   7033      4      0 
 20250823    16:52:41       1   7105      4      0 
 20250823    16:52:41       2   7105      4      0 
 20250823    16:52:41       3   7033      4      0 
 20250823    16:52:46       0   7033      4      0 
 20250823    16:52:46       1   7105      4      0 
 20250823    16:52:46       2   7105      4      0 
 20250823    16:52:46       3   7033      4      0 
 20250823    16:52:51       0   7033      4      0 
 20250823    16:52:51       1   7105      4      0 
 20250823    16:52:51       2   7105      4      0 
 20250823    16:52:51       3   7033      4      0 
 20250823    16:52:56       0   7033      4      0 
 20250823    16:52:56       1   7105      4      0 
 20250823    16:52:56       2   7105      4      0 
 20250823    16:52:56       3   7033      4      0 
 20250823    16:53:01       0   7033      4      0 
 20250823    16:53:01       1   7105      4      0 
 20250823    16:53:01       2   7105      4      0 
 20250823    16:53:01       3   7033      4      0 
 20250823    16:53:06       0   7033      4      0 
 20250823    16:53:06       1   7105      4      0 
 20250823    16:53:06       2   7105      4      0 
 20250823    16:53:06       3   7033      4      0 
 20250823    16:53:11       0   7033      4      0 
 20250823    16:53:11       1   7105      4      0 
 20250823    16:53:11       2   7105      4      0 
 20250823    16:53:11       3   7033      4      0 
#Date        Time         gpu     fb   bar1   ccpm 
#YYYYMMDD    HH:MM:SS     Idx     MB     MB     MB 
 20250823    16:53:16       0   7033      4      0 
 20250823    16:53:16       1   7105      4      0 
 20250823    16:53:16       2   7105      4      0 
 20250823    16:53:16       3   7033      4      0 
 20250823    16:53:21       0   7033      4      0 
 20250823    16:53:21       1   7105      4      0 
 20250823    16:53:21       2   7105      4      0 
 20250823    16:53:21       3   7033      4      0 
 20250823    16:53:26       0   7033      4      0 
 20250823    16:53:26       1   7105      4      0 
 20250823    16:53:26       2   7105      4      0 
 20250823    16:53:26       3   7033      4      0 
 20250823    16:53:31       0   7033      4      0 
 20250823    16:53:31       1   7105      4      0 
 20250823    16:53:31       2   7105      4      0 
 20250823    16:53:31       3   7033      4      0 
 20250823    16:53:36       0   7033      4      0 
 20250823    16:53:36       1   7105      4      0 
 20250823    16:53:36       2   7105      4      0 
 20250823    16:53:36       3   7033      4      0 
 20250823    16:53:41       0   7033      4      0 
 20250823    16:53:41       1   7105      4      0 
 20250823    16:53:41       2   7105      4      0 
 20250823    16:53:41       3   7033      4      0 
 20250823    16:53:46       0   7033      4      0 
 20250823    16:53:46       1   7105      4      0 
 20250823    16:53:46       2   7105      4      0 
 20250823    16:53:46       3   7033      4      0 
 20250823    16:53:51       0   7033      4      0 
 20250823    16:53:51       1   7105      4      0 
 20250823    16:53:51       2   7105      4      0 
 20250823    16:53:51       3   7033      4      0 
 20250823    16:53:56       0   7033      4      0 
 20250823    16:53:56       1   7105      4      0 
 20250823    16:53:56       2   7105      4      0 
 20250823    16:53:56       3   7033      4      0 
 20250823    16:54:01       0   7033      4      0 
 20250823    16:54:01       1   7105      4      0 
 20250823    16:54:01       2   7105      4      0 
 20250823    16:54:01       3   7033      4      0 
 20250823    16:54:06       0   7033      4      0 
 20250823    16:54:06       1   7105      4      0 
 20250823    16:54:06       2   7105      4      0 
 20250823    16:54:06       3   7033      4      0 
#Date        Time         gpu     fb   bar1   ccpm 
#YYYYMMDD    HH:MM:SS     Idx     MB     MB     MB 
 20250823    16:54:11       0   7033      4      0 
 20250823    16:54:11       1   7105      4      0 
 20250823    16:54:11       2   7105      4      0 
 20250823    16:54:11       3   7033      4      0 
 20250823    16:54:16       0   7033      4      0 
 20250823    16:54:16       1   7105      4      0 
 20250823    16:54:16       2   7105      4      0 
 20250823    16:54:16       3   7033      4      0 
 20250823    16:54:21       0   7033      4      0 
 20250823    16:54:21       1   7105      4      0 
 20250823    16:54:21       2   7105      4      0 
 20250823    16:54:21       3   7033      4      0 
 20250823    16:54:26       0   7033      4      0 
 20250823    16:54:26       1   7105      4      0 
 20250823    16:54:26       2   7105      4      0 
 20250823    16:54:26       3   7033      4      0 
 20250823    16:54:31       0   7033      4      0 
 20250823    16:54:31       1   7105      4      0 
 20250823    16:54:31       2   7105      4      0 
 20250823    16:54:31       3   7033      4      0 
 20250823    16:54:36       0   7033      4      0 
 20250823    16:54:36       1   7105      4      0 
 20250823    16:54:36       2   7105      4      0 
 20250823    16:54:36       3   7033      4      0 
 20250823    16:54:41       0   7033      4      0 
 20250823    16:54:41       1   7105      4      0 
 20250823    16:54:41       2   7105      4      0 
 20250823    16:54:41       3   7033      4      0 
 20250823    16:54:46       0   7033      4      0 
 20250823    16:54:46       1   7105      4      0 
 20250823    16:54:46       2   7105      4      0 
 20250823    16:54:46       3   7033      4      0 
 20250823    16:54:51       0   7033      4      0 
 20250823    16:54:51       1   7105      4      0 
 20250823    16:54:51       2   7105      4      0 
 20250823    16:54:51       3   7033      4      0 
 20250823    16:54:56       0   7033      4      0 
 20250823    16:54:56       1   7105      4      0 
 20250823    16:54:56       2   7105      4      0 
 20250823    16:54:56       3   7033      4      0 
 20250823    16:55:01       0   7033      4      0 
 20250823    16:55:01       1   7105      4      0 
 20250823    16:55:01       2   7105      4      0 
 20250823    16:55:01       3   7033      4      0 
#Date        Time         gpu     fb   bar1   ccpm 
#YYYYMMDD    HH:MM:SS     Idx     MB     MB     MB 
 20250823    16:55:06       0   7033      4      0 
 20250823    16:55:06       1   7105      4      0 
 20250823    16:55:06       2   7105      4      0 
 20250823    16:55:06       3   7033      4      0 
 20250823    16:55:11       0   7033      4      0 
 20250823    16:55:11       1   7105      4      0 
 20250823    16:55:11       2   7105      4      0 
 20250823    16:55:11       3   7033      4      0 
 20250823    16:55:16       0   7033      4      0 
 20250823    16:55:16       1   7105      4      0 
 20250823    16:55:16       2   7105      4      0 
 20250823    16:55:16       3   7033      4      0 
 20250823    16:55:21       0   7033      4      0 
 20250823    16:55:21       1   7105      4      0 
 20250823    16:55:21       2   7105      4      0 
 20250823    16:55:21       3   7033      4      0 
 20250823    16:55:26       0   7033      4      0 
 20250823    16:55:26       1   7105      4      0 
 20250823    16:55:26       2   7105      4      0 
 20250823    16:55:26       3   7033      4      0 
 20250823    16:55:31       0   7033      4      0 
 20250823    16:55:31       1   7105      4      0 
 20250823    16:55:31       2   7105      4      0 
 20250823    16:55:31       3   7033      4      0 
 20250823    16:55:36       0   7033      4      0 
 20250823    16:55:36       1   7105      4      0 
 20250823    16:55:36       2   7105      4      0 
 20250823    16:55:36       3   7033      4      0 
 20250823    16:55:41       0   7033      4      0 
 20250823    16:55:41       1   7105      4      0 
 20250823    16:55:41       2   7105      4      0 
 20250823    16:55:41       3   7033      4      0 
 20250823    16:55:46       0   7033      4      0 
 20250823    16:55:46       1   7105      4      0 
 20250823    16:55:46       2   7105      4      0 
 20250823    16:55:46       3   7033      4      0 
 20250823    16:55:51       0   7033      4      0 
 20250823    16:55:51       1   7105      4      0 
 20250823    16:55:51       2   7105      4      0 
 20250823    16:55:51       3   7033      4      0 
 20250823    16:55:56       0   7033      4      0 
 20250823    16:55:56       1   7105      4      0 
 20250823    16:55:56       2   7105      4      0 
 20250823    16:55:56       3   7033      4      0 
#Date        Time         gpu     fb   bar1   ccpm 
#YYYYMMDD    HH:MM:SS     Idx     MB     MB     MB 
 20250823    16:56:01       0   7033      4      0 
 20250823    16:56:01       1   7105      4      0 
 20250823    16:56:01       2   7105      4      0 
 20250823    16:56:01       3   7033      4      0 
 20250823    16:56:06       0   7033      4      0 
 20250823    16:56:06       1   7105      4      0 
 20250823    16:56:06       2   7105      4      0 
 20250823    16:56:06       3   7033      4      0 
 20250823    16:56:11       0   7033      4      0 
 20250823    16:56:11       1   7105      4      0 
 20250823    16:56:11       2   7105      4      0 
 20250823    16:56:11       3   7033      4      0 
 20250823    16:56:16       0   7033      4      0 
 20250823    16:56:16       1   7105      4      0 
 20250823    16:56:16       2   7105      4      0 
 20250823    16:56:16       3   7033      4      0 
 20250823    16:56:21       0   7033      4      0 
 20250823    16:56:21       1   7105      4      0 
 20250823    16:56:21       2   7105      4      0 
 20250823    16:56:21       3   7033      4      0 
 20250823    16:56:26       0   7033      4      0 
 20250823    16:56:26       1   7105      4      0 
 20250823    16:56:26       2   7105      4      0 
 20250823    16:56:26       3   7033      4      0 
 20250823    16:56:31       0   7033      4      0 
 20250823    16:56:31       1   7105      4      0 
 20250823    16:56:31       2   7105      4      0 
 20250823    16:56:31       3   7033      4      0 
 20250823    16:56:36       0   7033      4      0 
 20250823    16:56:36       1   7105      4      0 
 20250823    16:56:36       2   7105      4      0 
 20250823    16:56:36       3   7033      4      0 
 20250823    16:56:41       0   7033      4      0 
 20250823    16:56:41       1   7105      4      0 
 20250823    16:56:41       2   7105      4      0 
 20250823    16:56:41       3   7033      4      0 
 20250823    16:56:46       0   7033      4      0 
 20250823    16:56:46       1   7105      4      0 
 20250823    16:56:46       2   7105      4      0 
 20250823    16:56:46       3   7033      4      0 
 20250823    16:56:51       0   7033      4      0 
 20250823    16:56:51       1   7105      4      0 
 20250823    16:56:51       2   7105      4      0 
 20250823    16:56:51       3   7033      4      0 
#Date        Time         gpu     fb   bar1   ccpm 
#YYYYMMDD    HH:MM:SS     Idx     MB     MB     MB 
 20250823    16:56:56       0   7033      4      0 
 20250823    16:56:56       1   7105      4      0 
 20250823    16:56:56       2   7105      4      0 
 20250823    16:56:56       3   7033      4      0 
 20250823    16:57:01       0   7033      4      0 
 20250823    16:57:01       1   7105      4      0 
 20250823    16:57:01       2   7105      4      0 
 20250823    16:57:01       3   7033      4      0 
 20250823    16:57:06       0   7033      4      0 
 20250823    16:57:06       1   7105      4      0 
 20250823    16:57:06       2   7105      4      0 
 20250823    16:57:06       3   7033      4      0 
 20250823    16:57:11       0   7033      4      0 
 20250823    16:57:11       1   7105      4      0 
 20250823    16:57:11       2   7105      4      0 
 20250823    16:57:11       3   7033      4      0 
 20250823    16:57:16       0   7033      4      0 
 20250823    16:57:16       1   7105      4      0 
 20250823    16:57:16       2   7105      4      0 
 20250823    16:57:16       3   7033      4      0 
 20250823    16:57:21       0   7033      4      0 
 20250823    16:57:21       1   7105      4      0 
 20250823    16:57:21       2   7105      4      0 
 20250823    16:57:21       3   7033      4      0 
 20250823    16:57:26       0   7033      4      0 
 20250823    16:57:26       1   7105      4      0 
 20250823    16:57:26       2   7105      4      0 
 20250823    16:57:26       3   7033      4      0 
 20250823    16:57:31       0   7033      4      0 
 20250823    16:57:31       1   7105      4      0 
 20250823    16:57:31       2   7105      4      0 
 20250823    16:57:31       3   7033      4      0 
 20250823    16:57:36       0   7033      4      0 
 20250823    16:57:36       1   7105      4      0 
 20250823    16:57:36       2   7105      4      0 
 20250823    16:57:36       3   7033      4      0 
 20250823    16:57:41       0   7033      4      0 
 20250823    16:57:41       1   7105      4      0 
 20250823    16:57:41       2   7105      4      0 
 20250823    16:57:41       3   7033      4      0 
 20250823    16:57:46       0   7033      4      0 
 20250823    16:57:46       1   7105      4      0 
 20250823    16:57:46       2   7105      4      0 
 20250823    16:57:46       3   7033      4      0 
#Date        Time         gpu     fb   bar1   ccpm 
#YYYYMMDD    HH:MM:SS     Idx     MB     MB     MB 
 20250823    16:57:51       0   7033      4      0 
 20250823    16:57:51       1   7105      4      0 
 20250823    16:57:51       2   7105      4      0 
 20250823    16:57:51       3   7033      4      0 
 20250823    16:57:56       0   7033      4      0 
 20250823    16:57:56       1   7105      4      0 
 20250823    16:57:56       2   7105      4      0 
 20250823    16:57:56       3   7033      4      0 
 20250823    16:58:01       0   7033      4      0 
 20250823    16:58:01       1   7105      4      0 
 20250823    16:58:01       2   7105      4      0 
 20250823    16:58:01       3   7033      4      0 
 20250823    16:58:06       0   7033      4      0 
 20250823    16:58:06       1   7105      4      0 
 20250823    16:58:06       2   7105      4      0 
 20250823    16:58:06       3   7033      4      0 
 20250823    16:58:11       0   7033      4      0 
 20250823    16:58:11       1   7105      4      0 
 20250823    16:58:11       2   7105      4      0 
 20250823    16:58:11       3   7033      4      0 
 20250823    16:58:16       0   7033      4      0 
 20250823    16:58:16       1   7105      4      0 
 20250823    16:58:16       2   7105      4      0 
 20250823    16:58:16       3   7033      4      0 
 20250823    16:58:21       0   7033      4      0 
 20250823    16:58:21       1   7105      4      0 
 20250823    16:58:21       2   7105      4      0 
 20250823    16:58:21       3   7033      4      0 
 20250823    16:58:26       0   7033      4      0 
 20250823    16:58:26       1   7105      4      0 
 20250823    16:58:26       2   7105      4      0 
 20250823    16:58:26       3   7033      4      0 
 20250823    16:58:31       0   7033      4      0 
 20250823    16:58:31       1   7105      4      0 
 20250823    16:58:31       2   7105      4      0 
 20250823    16:58:31       3   7033      4      0 
 20250823    16:58:36       0   7033      4      0 
 20250823    16:58:36       1   7105      4      0 
 20250823    16:58:36       2   7105      4      0 
 20250823    16:58:36       3   7033      4      0 
 20250823    16:58:41       0   7033      4      0 
 20250823    16:58:41       1   7105      4      0 
 20250823    16:58:41       2   7105      4      0 
 20250823    16:58:41       3   7033      4      0 
#Date        Time         gpu     fb   bar1   ccpm 
#YYYYMMDD    HH:MM:SS     Idx     MB     MB     MB 
 20250823    16:58:46       0   7033      4      0 
 20250823    16:58:46       1   7105      4      0 
 20250823    16:58:46       2   7105      4      0 
 20250823    16:58:46       3   7033      4      0 
 20250823    16:58:51       0   7033      4      0 
 20250823    16:58:51       1   7105      4      0 
 20250823    16:58:51       2   7105      4      0 
 20250823    16:58:51       3   7033      4      0 
 20250823    16:58:56       0   7033      4      0 
 20250823    16:58:56       1   7105      4      0 
 20250823    16:58:56       2   7105      4      0 
 20250823    16:58:56       3   7033      4      0 
 20250823    16:59:01       0   7033      4      0 
 20250823    16:59:01       1   7105      4      0 
 20250823    16:59:01       2   7105      4      0 
 20250823    16:59:01       3   7033      4      0 
 20250823    16:59:06       0   7033      4      0 
 20250823    16:59:06       1   7105      4      0 
 20250823    16:59:06       2   7105      4      0 
 20250823    16:59:06       3   7033      4      0 
 20250823    16:59:11       0   7033      4      0 
 20250823    16:59:11       1   7105      4      0 
 20250823    16:59:11       2   7105      4      0 
 20250823    16:59:11       3   7033      4      0 
 20250823    16:59:16       0   7033      4      0 
 20250823    16:59:16       1   7105      4      0 
 20250823    16:59:16       2   7105      4      0 
 20250823    16:59:16       3   7033      4      0 
 20250823    16:59:21       0   7033      4      0 
 20250823    16:59:21       1   7105      4      0 
 20250823    16:59:21       2   7105      4      0 
 20250823    16:59:21       3   7033      4      0 
 20250823    16:59:26       0   7033      4      0 
 20250823    16:59:26       1   7105      4      0 
 20250823    16:59:26       2   7105      4      0 
 20250823    16:59:26       3   7033      4      0 
 20250823    16:59:31       0   7033      4      0 
 20250823    16:59:31       1   7105      4      0 
 20250823    16:59:31       2   7105      4      0 
 20250823    16:59:31       3   7033      4      0 
 20250823    16:59:36       0   7033      4      0 
 20250823    16:59:36       1   7105      4      0 
 20250823    16:59:36       2   7105      4      0 
 20250823    16:59:36       3   7033      4      0 
#Date        Time         gpu     fb   bar1   ccpm 
#YYYYMMDD    HH:MM:SS     Idx     MB     MB     MB 
 20250823    16:59:41       0   7033      4      0 
 20250823    16:59:41       1   7105      4      0 
 20250823    16:59:41       2   7105      4      0 
 20250823    16:59:41       3   7033      4      0 
 20250823    16:59:46       0   7033      4      0 
 20250823    16:59:46       1   7105      4      0 
 20250823    16:59:46       2   7105      4      0 
 20250823    16:59:46       3   7033      4      0 
 20250823    16:59:51       0   7033      4      0 
 20250823    16:59:51       1   7105      4      0 
 20250823    16:59:51       2   7105      4      0 
 20250823    16:59:51       3   7033      4      0 
 20250823    16:59:56       0   7033      4      0 
 20250823    16:59:56       1   7105      4      0 
 20250823    16:59:56       2   7105      4      0 
 20250823    16:59:56       3   7033      4      0 
 20250823    17:00:02       0   7033      4      0 
 20250823    17:00:02       1   7105      4      0 
 20250823    17:00:02       2   7105      4      0 
 20250823    17:00:02       3   7033      4      0 
 20250823    17:00:07       0   7033      4      0 
 20250823    17:00:07       1   7105      4      0 
 20250823    17:00:07       2   7105      4      0 
 20250823    17:00:07       3   7033      4      0 
 20250823    17:00:12       0   7033      4      0 
 20250823    17:00:12       1   7105      4      0 
 20250823    17:00:12       2   7105      4      0 
 20250823    17:00:12       3   7033      4      0 
 20250823    17:00:17       0   7033      4      0 
 20250823    17:00:17       1   7105      4      0 
 20250823    17:00:17       2   7105      4      0 
 20250823    17:00:17       3   7033      4      0 
 20250823    17:00:22       0   7033      4      0 
 20250823    17:00:22       1   7105      4      0 
 20250823    17:00:22       2   7105      4      0 
 20250823    17:00:22       3   7033      4      0 
 20250823    17:00:27       0   7033      4      0 
 20250823    17:00:27       1   7105      4      0 
 20250823    17:00:27       2   7105      4      0 
 20250823    17:00:27       3   7033      4      0 
 20250823    17:00:32       0   7033      4      0 
 20250823    17:00:32       1   7105      4      0 
 20250823    17:00:32       2   7105      4      0 
 20250823    17:00:32       3   7033      4      0 
#Date        Time         gpu     fb   bar1   ccpm 
#YYYYMMDD    HH:MM:SS     Idx     MB     MB     MB 
 20250823    17:00:37       0   7033      4      0 
 20250823    17:00:37       1   7105      4      0 
 20250823    17:00:37       2   7105      4      0 
 20250823    17:00:37       3   7033      4      0 
 20250823    17:00:42       0   7033      4      0 
 20250823    17:00:42       1   7105      4      0 
 20250823    17:00:42       2   7105      4      0 
 20250823    17:00:42       3   7033      4      0 
 20250823    17:00:47       0   7033      4      0 
 20250823    17:00:47       1   7105      4      0 
 20250823    17:00:47       2   7105      4      0 
 20250823    17:00:47       3   7033      4      0 
 20250823    17:00:52       0   7033      4      0 
 20250823    17:00:52       1   7105      4      0 
 20250823    17:00:52       2   7105      4      0 
 20250823    17:00:52       3   7033      4      0 
 20250823    17:00:57       0   7033      4      0 
 20250823    17:00:57       1   7105      4      0 
 20250823    17:00:57       2   7105      4      0 
 20250823    17:00:57       3   7033      4      0 
 20250823    17:01:02       0   7033      4      0 
 20250823    17:01:02       1   7105      4      0 
 20250823    17:01:02       2   7105      4      0 
 20250823    17:01:02       3   7033      4      0 
 20250823    17:01:07       0   7033      4      0 
 20250823    17:01:07       1   7105      4      0 
 20250823    17:01:07       2   7105      4      0 
 20250823    17:01:07       3   7033      4      0 
 20250823    17:01:12       0   7033      4      0 
 20250823    17:01:12       1   7105      4      0 
 20250823    17:01:12       2   7105      4      0 
 20250823    17:01:12       3   7033      4      0 
 20250823    17:01:17       0   7033      4      0 
 20250823    17:01:17       1   7105      4      0 
 20250823    17:01:17       2   7105      4      0 
 20250823    17:01:17       3   7033      4      0 
 20250823    17:01:22       0   7033      4      0 
 20250823    17:01:22       1   7105      4      0 
 20250823    17:01:22       2   7105      4      0 
 20250823    17:01:22       3   7033      4      0 
 20250823    17:01:27       0   7033      4      0 
 20250823    17:01:27       1   7105      4      0 
 20250823    17:01:27       2   7105      4      0 
 20250823    17:01:27       3   7033      4      0 
#Date        Time         gpu     fb   bar1   ccpm 
#YYYYMMDD    HH:MM:SS     Idx     MB     MB     MB 
 20250823    17:01:32       0   7033      4      0 
 20250823    17:01:32       1   7105      4      0 
 20250823    17:01:32       2   7105      4      0 
 20250823    17:01:32       3   7033      4      0 
 20250823    17:01:37       0   7033      4      0 
 20250823    17:01:37       1   7105      4      0 
 20250823    17:01:37       2   7105      4      0 
 20250823    17:01:37       3   7033      4      0 
 20250823    17:01:42       0   7033      4      0 
 20250823    17:01:42       1   7105      4      0 
 20250823    17:01:42       2   7105      4      0 
 20250823    17:01:42       3   7033      4      0 
 20250823    17:01:47       0   7033      4      0 
 20250823    17:01:47       1   7105      4      0 
 20250823    17:01:47       2   7105      4      0 
 20250823    17:01:47       3   7033      4      0 
 20250823    17:01:52       0   7033      4      0 
 20250823    17:01:52       1   7105      4      0 
 20250823    17:01:52       2   7105      4      0 
 20250823    17:01:52       3   7033      4      0 
 20250823    17:01:57       0   7033      4      0 
 20250823    17:01:57       1   7105      4      0 
 20250823    17:01:57       2   7105      4      0 
 20250823    17:01:57       3   7033      4      0 
 20250823    17:02:02       0   7033      4      0 
 20250823    17:02:02       1   7105      4      0 
 20250823    17:02:02       2   7105      4      0 
 20250823    17:02:02       3   7033      4      0 
 20250823    17:02:07       0   7033      4      0 
 20250823    17:02:07       1   7105      4      0 
 20250823    17:02:07       2   7105      4      0 
 20250823    17:02:07       3   7033      4      0 
 20250823    17:02:12       0   7033      4      0 
 20250823    17:02:12       1   7105      4      0 
 20250823    17:02:12       2   7105      4      0 
 20250823    17:02:12       3   7033      4      0 
 20250823    17:02:17       0   7033      4      0 
 20250823    17:02:17       1   7105      4      0 
 20250823    17:02:17       2   7105      4      0 
 20250823    17:02:17       3   7033      4      0 
 20250823    17:02:22       0   7033      4      0 
 20250823    17:02:22       1   7105      4      0 
 20250823    17:02:22       2   7105      4      0 
 20250823    17:02:22       3   7033      4      0 
#Date        Time         gpu     fb   bar1   ccpm 
#YYYYMMDD    HH:MM:SS     Idx     MB     MB     MB 
 20250823    17:02:27       0   7033      4      0 
 20250823    17:02:27       1   7105      4      0 
 20250823    17:02:27       2   7105      4      0 
 20250823    17:02:27       3   7033      4      0 
 20250823    17:02:32       0   7033      4      0 
 20250823    17:02:32       1   7105      4      0 
 20250823    17:02:32       2   7105      4      0 
 20250823    17:02:32       3   7033      4      0 
 20250823    17:02:37       0   7033      4      0 
 20250823    17:02:37       1   7105      4      0 
 20250823    17:02:37       2   7105      4      0 
 20250823    17:02:37       3   7033      4      0 
 20250823    17:02:42       0   7033      4      0 
 20250823    17:02:42       1   7105      4      0 
 20250823    17:02:42       2   7105      4      0 
 20250823    17:02:42       3   7033      4      0 
 20250823    17:02:47       0   7033      4      0 
 20250823    17:02:47       1   7105      4      0 
 20250823    17:02:47       2   7105      4      0 
 20250823    17:02:47       3   7033      4      0 
 20250823    17:02:52       0   7033      4      0 
 20250823    17:02:52       1   7105      4      0 
 20250823    17:02:52       2   7105      4      0 
 20250823    17:02:52       3   7033      4      0 
 20250823    17:02:57       0   7033      4      0 
 20250823    17:02:57       1   7105      4      0 
 20250823    17:02:57       2   7105      4      0 
 20250823    17:02:57       3   7033      4      0 
 20250823    17:03:02       0   7033      4      0 
 20250823    17:03:02       1   7105      4      0 
 20250823    17:03:02       2   7105      4      0 
 20250823    17:03:02       3   7033      4      0 
 20250823    17:03:07       0   7033      4      0 
 20250823    17:03:07       1   7105      4      0 
 20250823    17:03:07       2   7105      4      0 
 20250823    17:03:07       3   7033      4      0 
 20250823    17:03:12       0   7033      4      0 
 20250823    17:03:12       1   7105      4      0 
 20250823    17:03:12       2   7105      4      0 
 20250823    17:03:12       3   7033      4      0 
 20250823    17:03:17       0   7033      4      0 
 20250823    17:03:17       1   7105      4      0 
 20250823    17:03:17       2   7105      4      0 
 20250823    17:03:17       3   7033      4      0 
#Date        Time         gpu     fb   bar1   ccpm 
#YYYYMMDD    HH:MM:SS     Idx     MB     MB     MB 
 20250823    17:03:22       0   7033      4      0 
 20250823    17:03:22       1   7105      4      0 
 20250823    17:03:22       2   7105      4      0 
 20250823    17:03:22       3   7033      4      0 
 20250823    17:03:27       0   7033      4      0 
 20250823    17:03:27       1   7105      4      0 
 20250823    17:03:27       2   7105      4      0 
 20250823    17:03:27       3   7033      4      0 
 20250823    17:03:32       0   7033      4      0 
 20250823    17:03:32       1   7105      4      0 
 20250823    17:03:32       2   7105      4      0 
 20250823    17:03:32       3   7033      4      0 
 20250823    17:03:37       0   7033      4      0 
 20250823    17:03:37       1   7105      4      0 
 20250823    17:03:37       2   7105      4      0 
 20250823    17:03:37       3   7033      4      0 
 20250823    17:03:42       0   7033      4      0 
 20250823    17:03:42       1   7105      4      0 
 20250823    17:03:42       2   7105      4      0 
 20250823    17:03:42       3   7033      4      0 
 20250823    17:03:47       0   7033      4      0 
 20250823    17:03:47       1   7105      4      0 
 20250823    17:03:47       2   7105      4      0 
 20250823    17:03:47       3   7033      4      0 
 20250823    17:03:52       0   7033      4      0 
 20250823    17:03:52       1   7105      4      0 
 20250823    17:03:52       2   7105      4      0 
 20250823    17:03:52       3   7033      4      0 
 20250823    17:03:57       0   7033      4      0 
 20250823    17:03:57       1   7105      4      0 
 20250823    17:03:57       2   7105      4      0 
 20250823    17:03:57       3   7033      4      0 
 20250823    17:04:02       0   7033      4      0 
 20250823    17:04:02       1   7105      4      0 
 20250823    17:04:02       2   7105      4      0 
 20250823    17:04:02       3   7033      4      0 
 20250823    17:04:07       0   7033      4      0 
 20250823    17:04:07       1   7105      4      0 
 20250823    17:04:07       2   7105      4      0 
 20250823    17:04:07       3   7033      4      0 
 20250823    17:04:12       0   7033      4      0 
 20250823    17:04:12       1   7105      4      0 
 20250823    17:04:12       2   7105      4      0 
 20250823    17:04:12       3   7033      4      0 
#Date        Time         gpu     fb   bar1   ccpm 
#YYYYMMDD    HH:MM:SS     Idx     MB     MB     MB 
 20250823    17:04:17       0   7033      4      0 
 20250823    17:04:17       1   7105      4      0 
 20250823    17:04:17       2   7105      4      0 
 20250823    17:04:17       3   7033      4      0 
 20250823    17:04:22       0   7033      4      0 
 20250823    17:04:22       1   7105      4      0 
 20250823    17:04:22       2   7105      4      0 
 20250823    17:04:22       3   7033      4      0 
 20250823    17:04:27       0   7033      4      0 
 20250823    17:04:27       1   7105      4      0 
 20250823    17:04:27       2   7105      4      0 
 20250823    17:04:27       3   7033      4      0 
 20250823    17:04:32       0   7033      4      0 
 20250823    17:04:32       1   7105      4      0 
 20250823    17:04:32       2   7105      4      0 
 20250823    17:04:32       3   7033      4      0 
 20250823    17:04:37       0   7033      4      0 
 20250823    17:04:37       1   7105      4      0 
 20250823    17:04:37       2   7105      4      0 
 20250823    17:04:37       3   7033      4      0 
 20250823    17:04:42       0   7033      4      0 
 20250823    17:04:42       1   7105      4      0 
 20250823    17:04:42       2   7105      4      0 
 20250823    17:04:42       3   7033      4      0 
 20250823    17:04:47       0   7033      4      0 
 20250823    17:04:47       1   7105      4      0 
 20250823    17:04:47       2   7105      4      0 
 20250823    17:04:47       3   7033      4      0 
 20250823    17:04:52       0   7033      4      0 
 20250823    17:04:52       1   7105      4      0 
 20250823    17:04:52       2   7105      4      0 
 20250823    17:04:52       3   7033      4      0 
 20250823    17:04:57       0   7033      4      0 
 20250823    17:04:57       1   7105      4      0 
 20250823    17:04:57       2   7105      4      0 
 20250823    17:04:57       3   7033      4      0 
 20250823    17:05:02       0   7033      4      0 
 20250823    17:05:02       1   7105      4      0 
 20250823    17:05:02       2   7105      4      0 
 20250823    17:05:02       3   7033      4      0 
 20250823    17:05:07       0   7033      4      0 
 20250823    17:05:07       1   7105      4      0 
 20250823    17:05:07       2   7105      4      0 
 20250823    17:05:07       3   7033      4      0 
#Date        Time         gpu     fb   bar1   ccpm 
#YYYYMMDD    HH:MM:SS     Idx     MB     MB     MB 
 20250823    17:05:12       0   7033      4      0 
 20250823    17:05:12       1   7105      4      0 
 20250823    17:05:12       2   7105      4      0 
 20250823    17:05:12       3   7033      4      0 
 20250823    17:05:17       0   7033      4      0 
 20250823    17:05:17       1   7105      4      0 
 20250823    17:05:17       2   7105      4      0 
 20250823    17:05:17       3   7033      4      0 
 20250823    17:05:22       0   7033      4      0 
 20250823    17:05:22       1   7105      4      0 
 20250823    17:05:22       2   7105      4      0 
 20250823    17:05:22       3   7033      4      0 
 20250823    17:05:27       0   7033      4      0 
 20250823    17:05:27       1   7105      4      0 
 20250823    17:05:27       2   7105      4      0 
 20250823    17:05:27       3   7033      4      0 
 20250823    17:05:32       0   7033      4      0 
 20250823    17:05:32       1   7105      4      0 
 20250823    17:05:32       2   7105      4      0 
 20250823    17:05:32       3   7033      4      0 
 20250823    17:05:37       0   7033      4      0 
 20250823    17:05:37       1   7105      4      0 
 20250823    17:05:37       2   7105      4      0 
 20250823    17:05:37       3   7033      4      0 
 20250823    17:05:42       0   7033      4      0 
 20250823    17:05:42       1   7105      4      0 
 20250823    17:05:42       2   7105      4      0 
 20250823    17:05:42       3   7033      4      0 
 20250823    17:05:47       0   7033      4      0 
 20250823    17:05:47       1   7105      4      0 
 20250823    17:05:47       2   7105      4      0 
 20250823    17:05:47       3   7033      4      0 
 20250823    17:05:52       0   7033      4      0 
 20250823    17:05:52       1   7105      4      0 
 20250823    17:05:52       2   7105      4      0 
 20250823    17:05:52       3   7033      4      0 
 20250823    17:05:57       0   7033      4      0 
 20250823    17:05:57       1   7105      4      0 
 20250823    17:05:57       2   7105      4      0 
 20250823    17:05:57       3   7033      4      0 
 20250823    17:06:02       0   7033      4      0 
 20250823    17:06:02       1   7105      4      0 
 20250823    17:06:02       2   7105      4      0 
 20250823    17:06:02       3   7033      4      0 
#Date        Time         gpu     fb   bar1   ccpm 
#YYYYMMDD    HH:MM:SS     Idx     MB     MB     MB 
 20250823    17:06:07       0   7033      4      0 
 20250823    17:06:07       1   7105      4      0 
 20250823    17:06:07       2   7105      4      0 
 20250823    17:06:07       3   7033      4      0 
 20250823    17:06:12       0   7033      4      0 
 20250823    17:06:12       1   7105      4      0 
 20250823    17:06:12       2   7105      4      0 
 20250823    17:06:12       3   7033      4      0 
 20250823    17:06:17       0   7033      4      0 
 20250823    17:06:17       1   7105      4      0 
 20250823    17:06:17       2   7105      4      0 
 20250823    17:06:17       3   7033      4      0 
 20250823    17:06:22       0   7033      4      0 
 20250823    17:06:22       1   7105      4      0 
 20250823    17:06:22       2   7105      4      0 
 20250823    17:06:22       3   7033      4      0 
 20250823    17:06:27       0   7033      4      0 
 20250823    17:06:27       1   7105      4      0 
 20250823    17:06:27       2   7105      4      0 
 20250823    17:06:27       3   7033      4      0 
 20250823    17:06:32       0   7033      4      0 
 20250823    17:06:32       1   7105      4      0 
 20250823    17:06:32       2   7105      4      0 
 20250823    17:06:32       3   7033      4      0 
 20250823    17:06:37       0   7033      4      0 
 20250823    17:06:37       1   7105      4      0 
 20250823    17:06:37       2   7105      4      0 
 20250823    17:06:37       3   7033      4      0 
 20250823    17:06:42       0   7033      4      0 
 20250823    17:06:42       1   7105      4      0 
 20250823    17:06:42       2   7105      4      0 
 20250823    17:06:42       3   7033      4      0 
 20250823    17:06:47       0   7033      4      0 
 20250823    17:06:47       1   7105      4      0 
 20250823    17:06:47       2   7105      4      0 
 20250823    17:06:47       3   7033      4      0 
 20250823    17:06:52       0   7033      4      0 
 20250823    17:06:52       1   7105      4      0 
 20250823    17:06:52       2   7105      4      0 
 20250823    17:06:52       3   7033      4      0 
 20250823    17:06:57       0   7033      4      0 
 20250823    17:06:57       1   7105      4      0 
 20250823    17:06:57       2   7105      4      0 
 20250823    17:06:57       3   7033      4      0 
#Date        Time         gpu     fb   bar1   ccpm 
#YYYYMMDD    HH:MM:SS     Idx     MB     MB     MB 
 20250823    17:07:02       0   7033      4      0 
 20250823    17:07:02       1   7105      4      0 
 20250823    17:07:02       2   7105      4      0 
 20250823    17:07:02       3   7033      4      0 
 20250823    17:07:07       0   7033      4      0 
 20250823    17:07:07       1   7105      4      0 
 20250823    17:07:07       2   7105      4      0 
 20250823    17:07:07       3   7033      4      0 
 20250823    17:07:12       0   7033      4      0 
 20250823    17:07:12       1   7105      4      0 
 20250823    17:07:12       2   7105      4      0 
 20250823    17:07:12       3   7033      4      0 
 20250823    17:07:17       0   7033      4      0 
 20250823    17:07:17       1   7105      4      0 
 20250823    17:07:17       2   7105      4      0 
 20250823    17:07:17       3   7033      4      0 
 20250823    17:07:22       0   7033      4      0 
 20250823    17:07:22       1   7105      4      0 
 20250823    17:07:22       2   7105      4      0 
 20250823    17:07:22       3   7033      4      0 
 20250823    17:07:27       0   7033      4      0 
 20250823    17:07:27       1   7105      4      0 
 20250823    17:07:27       2   7105      4      0 
 20250823    17:07:27       3   7033      4      0 
 20250823    17:07:32       0   7033      4      0 
 20250823    17:07:32       1   7105      4      0 
 20250823    17:07:32       2   7105      4      0 
 20250823    17:07:32       3   7033      4      0 
 20250823    17:07:37       0   7033      4      0 
 20250823    17:07:37       1   7105      4      0 
 20250823    17:07:37       2   7105      4      0 
 20250823    17:07:37       3   7033      4      0 
 20250823    17:07:42       0   7033      4      0 
 20250823    17:07:42       1   7105      4      0 
 20250823    17:07:42       2   7105      4      0 
 20250823    17:07:42       3   7033      4      0 
 20250823    17:07:47       0   7033      4      0 
 20250823    17:07:47       1   7105      4      0 
 20250823    17:07:47       2   7105      4      0 
 20250823    17:07:47       3   7033      4      0 
 20250823    17:07:52       0   7033      4      0 
 20250823    17:07:52       1   7105      4      0 
 20250823    17:07:52       2   7105      4      0 
 20250823    17:07:52       3   7033      4      0 
#Date        Time         gpu     fb   bar1   ccpm 
#YYYYMMDD    HH:MM:SS     Idx     MB     MB     MB 
 20250823    17:07:57       0   7033      4      0 
 20250823    17:07:57       1   7105      4      0 
 20250823    17:07:57       2   7105      4      0 
 20250823    17:07:57       3   7033      4      0 
 20250823    17:08:02       0   7033      4      0 
 20250823    17:08:02       1   7105      4      0 
 20250823    17:08:02       2   7105      4      0 
 20250823    17:08:02       3   7033      4      0 
 20250823    17:08:07       0   7033      4      0 
 20250823    17:08:07       1   7105      4      0 
 20250823    17:08:07       2   7105      4      0 
 20250823    17:08:07       3   7033      4      0 
 20250823    17:08:12       0   7033      4      0 
 20250823    17:08:12       1   7105      4      0 
 20250823    17:08:12       2   7105      4      0 
 20250823    17:08:12       3   7033      4      0 
 20250823    17:08:17       0   7033      4      0 
 20250823    17:08:17       1   7105      4      0 
 20250823    17:08:17       2   7105      4      0 
 20250823    17:08:17       3   7033      4      0 
 20250823    17:08:22       0   7033      4      0 
 20250823    17:08:22       1   7105      4      0 
 20250823    17:08:22       2   7105      4      0 
 20250823    17:08:22       3   7033      4      0 
 20250823    17:08:27       0   7033      4      0 
 20250823    17:08:27       1   7105      4      0 
 20250823    17:08:27       2   7105      4      0 
 20250823    17:08:27       3   7033      4      0 
 20250823    17:08:32       0   7033      4      0 
 20250823    17:08:32       1   7105      4      0 
 20250823    17:08:32       2   7105      4      0 
 20250823    17:08:32       3   7033      4      0 
 20250823    17:08:37       0   7033      4      0 
 20250823    17:08:37       1   7105      4      0 
 20250823    17:08:37       2   7105      4      0 
 20250823    17:08:37       3   7033      4      0 
 20250823    17:08:42       0   7033      4      0 
 20250823    17:08:42       1   7105      4      0 
 20250823    17:08:42       2   7105      4      0 
 20250823    17:08:42       3   7033      4      0 
 20250823    17:08:47       0   7033      4      0 
 20250823    17:08:47       1   7105      4      0 
 20250823    17:08:47       2   7105      4      0 
 20250823    17:08:47       3   7033      4      0 
#Date        Time         gpu     fb   bar1   ccpm 
#YYYYMMDD    HH:MM:SS     Idx     MB     MB     MB 
 20250823    17:08:52       0   7033      4      0 
 20250823    17:08:52       1   7105      4      0 
 20250823    17:08:52       2   7105      4      0 
 20250823    17:08:52       3   7033      4      0 
 20250823    17:08:57       0   7033      4      0 
 20250823    17:08:57       1   7105      4      0 
 20250823    17:08:57       2   7105      4      0 
 20250823    17:08:57       3   7033      4      0 
 20250823    17:09:02       0   7033      4      0 
 20250823    17:09:02       1   7105      4      0 
 20250823    17:09:02       2   7105      4      0 
 20250823    17:09:02       3   7033      4      0 
 20250823    17:09:07       0   7033      4      0 
 20250823    17:09:07       1   7105      4      0 
 20250823    17:09:07       2   7105      4      0 
 20250823    17:09:07       3   7033      4      0 
 20250823    17:09:12       0   7033      4      0 
 20250823    17:09:12       1   7105      4      0 
 20250823    17:09:12       2   7105      4      0 
 20250823    17:09:12       3   7033      4      0 
 20250823    17:09:17       0   7033      4      0 
 20250823    17:09:17       1   7105      4      0 
 20250823    17:09:17       2   7105      4      0 
 20250823    17:09:17       3   7033      4      0 
 20250823    17:09:22       0   7033      4      0 
 20250823    17:09:22       1   7105      4      0 
 20250823    17:09:22       2   7105      4      0 
 20250823    17:09:22       3   7033      4      0 
 20250823    17:09:27       0   7033      4      0 
 20250823    17:09:27       1   7105      4      0 
 20250823    17:09:27       2   7105      4      0 
 20250823    17:09:27       3   7033      4      0 
 20250823    17:09:32       0   7033      4      0 
 20250823    17:09:32       1   7105      4      0 
 20250823    17:09:32       2   7105      4      0 
 20250823    17:09:32       3   7033      4      0 
 20250823    17:09:37       0   7033      4      0 
 20250823    17:09:37       1   7105      4      0 
 20250823    17:09:37       2   7105      4      0 
 20250823    17:09:37       3   7033      4      0 
 20250823    17:09:42       0   7033      4      0 
 20250823    17:09:42       1   7105      4      0 
 20250823    17:09:42       2   7105      4      0 
 20250823    17:09:42       3   7033      4      0 
#Date        Time         gpu     fb   bar1   ccpm 
#YYYYMMDD    HH:MM:SS     Idx     MB     MB     MB 
 20250823    17:09:47       0   7033      4      0 
 20250823    17:09:47       1   7105      4      0 
 20250823    17:09:47       2   7105      4      0 
 20250823    17:09:47       3   7033      4      0 
 20250823    17:09:52       0   7033      4      0 
 20250823    17:09:52       1   7105      4      0 
 20250823    17:09:52       2   7105      4      0 
 20250823    17:09:52       3   7033      4      0 
 20250823    17:09:57       0   7033      4      0 
 20250823    17:09:57       1   7105      4      0 
 20250823    17:09:57       2   7105      4      0 
 20250823    17:09:57       3   7033      4      0 
 20250823    17:10:02       0   7033      4      0 
 20250823    17:10:02       1   7105      4      0 
 20250823    17:10:02       2   7105      4      0 
 20250823    17:10:02       3   7033      4      0 
 20250823    17:10:07       0   7033      4      0 
 20250823    17:10:07       1   7105      4      0 
 20250823    17:10:07       2   7105      4      0 
 20250823    17:10:07       3   7033      4      0 
 20250823    17:10:12       0   7033      4      0 
 20250823    17:10:12       1   7105      4      0 
 20250823    17:10:12       2   7105      4      0 
 20250823    17:10:12       3   7033      4      0 
 20250823    17:10:17       0   7033      4      0 
 20250823    17:10:17       1   7105      4      0 
 20250823    17:10:17       2   7105      4      0 
 20250823    17:10:17       3   7033      4      0 
 20250823    17:10:22       0   7033      4      0 
 20250823    17:10:22       1   7105      4      0 
 20250823    17:10:22       2   7105      4      0 
 20250823    17:10:22       3   7033      4      0 
 20250823    17:10:27       0   7033      4      0 
 20250823    17:10:27       1   7105      4      0 
 20250823    17:10:27       2   7105      4      0 
 20250823    17:10:27       3   7033      4      0 
 20250823    17:10:32       0   7033      4      0 
 20250823    17:10:32       1   7105      4      0 
 20250823    17:10:32       2   7105      4      0 
 20250823    17:10:32       3   7033      4      0 
 20250823    17:10:37       0   7033      4      0 
 20250823    17:10:37       1   7105      4      0 
 20250823    17:10:37       2   7105      4      0 
 20250823    17:10:37       3   7033      4      0 
#Date        Time         gpu     fb   bar1   ccpm 
#YYYYMMDD    HH:MM:SS     Idx     MB     MB     MB 
 20250823    17:10:42       0   7033      4      0 
 20250823    17:10:42       1   7105      4      0 
 20250823    17:10:42       2   7105      4      0 
 20250823    17:10:42       3   7033      4      0 
 20250823    17:10:47       0   7033      4      0 
 20250823    17:10:47       1   7105      4      0 
 20250823    17:10:47       2   7105      4      0 
 20250823    17:10:47       3   7033      4      0 
 20250823    17:10:52       0   7033      4      0 
 20250823    17:10:52       1   7105      4      0 
 20250823    17:10:52       2   7105      4      0 
 20250823    17:10:52       3   7033      4      0 
 20250823    17:10:57       0   7033      4      0 
 20250823    17:10:57       1   7105      4      0 
 20250823    17:10:57       2   7105      4      0 
 20250823    17:10:57       3   7033      4      0 
 20250823    17:11:03       0   7033      4      0 
 20250823    17:11:03       1   7105      4      0 
 20250823    17:11:03       2   7105      4      0 
 20250823    17:11:03       3   7033      4      0 
 20250823    17:11:08       0   7033      4      0 
 20250823    17:11:08       1   7105      4      0 
 20250823    17:11:08       2   7105      4      0 
 20250823    17:11:08       3   7033      4      0 
 20250823    17:11:13       0   7033      4      0 
 20250823    17:11:13       1   7105      4      0 
 20250823    17:11:13       2   7105      4      0 
 20250823    17:11:13       3   7033      4      0 
 20250823    17:11:18       0   7033      4      0 
 20250823    17:11:18       1   7105      4      0 
 20250823    17:11:18       2   7105      4      0 
 20250823    17:11:18       3   7033      4      0 
 20250823    17:11:23       0   7033      4      0 
 20250823    17:11:23       1   7105      4      0 
 20250823    17:11:23       2   7105      4      0 
 20250823    17:11:23       3   7033      4      0 
 20250823    17:11:28       0   7033      4      0 
 20250823    17:11:28       1   7105      4      0 
 20250823    17:11:28       2   7105      4      0 
 20250823    17:11:28       3   7033      4      0 
 20250823    17:11:33       0   7033      4      0 
 20250823    17:11:33       1   7105      4      0 
 20250823    17:11:33       2   7105      4      0 
 20250823    17:11:33       3   7033      4      0 
#Date        Time         gpu     fb   bar1   ccpm 
#YYYYMMDD    HH:MM:SS     Idx     MB     MB     MB 
 20250823    17:11:38       0   7033      4      0 
 20250823    17:11:38       1   7105      4      0 
 20250823    17:11:38       2   7105      4      0 
 20250823    17:11:38       3   7033      4      0 
 20250823    17:11:43       0   7033      4      0 
 20250823    17:11:43       1   7105      4      0 
 20250823    17:11:43       2   7105      4      0 
 20250823    17:11:43       3   7033      4      0 
 20250823    17:11:48       0   7033      4      0 
 20250823    17:11:48       1   7105      4      0 
 20250823    17:11:48       2   7105      4      0 
 20250823    17:11:48       3   7033      4      0 
 20250823    17:11:53       0   7033      4      0 
 20250823    17:11:53       1   7105      4      0 
 20250823    17:11:53       2   7105      4      0 
 20250823    17:11:53       3   7033      4      0 
 20250823    17:11:58       0   7033      4      0 
 20250823    17:11:58       1   7105      4      0 
 20250823    17:11:58       2   7105      4      0 
 20250823    17:11:58       3   7033      4      0 
 20250823    17:12:03       0   7033      4      0 
 20250823    17:12:03       1   7105      4      0 
 20250823    17:12:03       2   7105      4      0 
 20250823    17:12:03       3   7033      4      0 
 20250823    17:12:08       0   7033      4      0 
 20250823    17:12:08       1   7105      4      0 
 20250823    17:12:08       2   7105      4      0 
 20250823    17:12:08       3   7033      4      0 
 20250823    17:12:13       0   7033      4      0 
 20250823    17:12:13       1   7105      4      0 
 20250823    17:12:13       2   7105      4      0 
 20250823    17:12:13       3   7033      4      0 
 20250823    17:12:18       0   7033      4      0 
 20250823    17:12:18       1   7105      4      0 
 20250823    17:12:18       2   7105      4      0 
 20250823    17:12:18       3   7033      4      0 
 20250823    17:12:23       0   7033      4      0 
 20250823    17:12:23       1   7105      4      0 
 20250823    17:12:23       2   7105      4      0 
 20250823    17:12:23       3   7033      4      0 
 20250823    17:12:28       0   7033      4      0 
 20250823    17:12:28       1   7105      4      0 
 20250823    17:12:28       2   7105      4      0 
 20250823    17:12:28       3   7033      4      0 
#Date        Time         gpu     fb   bar1   ccpm 
#YYYYMMDD    HH:MM:SS     Idx     MB     MB     MB 
 20250823    17:12:33       0   7033      4      0 
 20250823    17:12:33       1   7105      4      0 
 20250823    17:12:33       2   7105      4      0 
 20250823    17:12:33       3   7033      4      0 
 20250823    17:12:38       0   7033      4      0 
 20250823    17:12:38       1   7105      4      0 
 20250823    17:12:38       2   7105      4      0 
 20250823    17:12:38       3   7033      4      0 
 20250823    17:12:43       0   7033      4      0 
 20250823    17:12:43       1   7105      4      0 
 20250823    17:12:43       2   7105      4      0 
 20250823    17:12:43       3   7033      4      0 
 20250823    17:12:48       0   7033      4      0 
 20250823    17:12:48       1   7105      4      0 
 20250823    17:12:48       2   7105      4      0 
 20250823    17:12:48       3   7033      4      0 
 20250823    17:12:53       0   7033      4      0 
 20250823    17:12:53       1   7105      4      0 
 20250823    17:12:53       2   7105      4      0 
 20250823    17:12:53       3   7033      4      0 
 20250823    17:12:58       0   7033      4      0 
 20250823    17:12:58       1   7105      4      0 
 20250823    17:12:58       2   7105      4      0 
 20250823    17:12:58       3   7033      4      0 
 20250823    17:13:03       0   7033      4      0 
 20250823    17:13:03       1   7105      4      0 
 20250823    17:13:03       2   7105      4      0 
 20250823    17:13:03       3   7033      4      0 
 20250823    17:13:08       0   7033      4      0 
 20250823    17:13:08       1   7105      4      0 
 20250823    17:13:08       2   7105      4      0 
 20250823    17:13:08       3   7033      4      0 
 20250823    17:13:13       0   7033      4      0 
 20250823    17:13:13       1   7105      4      0 
 20250823    17:13:13       2   7105      4      0 
 20250823    17:13:13       3   7033      4      0 
 20250823    17:13:18       0   7033      4      0 
 20250823    17:13:18       1   7105      4      0 
 20250823    17:13:18       2   7105      4      0 
 20250823    17:13:18       3   7033      4      0 
 20250823    17:13:23       0   7033      4      0 
 20250823    17:13:23       1   7105      4      0 
 20250823    17:13:23       2   7105      4      0 
 20250823    17:13:23       3   7033      4      0 
#Date        Time         gpu     fb   bar1   ccpm 
#YYYYMMDD    HH:MM:SS     Idx     MB     MB     MB 
 20250823    17:13:28       0   7033      4      0 
 20250823    17:13:28       1   7105      4      0 
 20250823    17:13:28       2   7105      4      0 
 20250823    17:13:28       3   7033      4      0 
 20250823    17:13:33       0   7033      4      0 
 20250823    17:13:33       1   7105      4      0 
 20250823    17:13:33       2   7105      4      0 
 20250823    17:13:33       3   7033      4      0 
 20250823    17:13:38       0   7033      4      0 
 20250823    17:13:38       1   7105      4      0 
 20250823    17:13:38       2   7105      4      0 
 20250823    17:13:38       3   7033      4      0 
 20250823    17:13:43       0   7033      4      0 
 20250823    17:13:43       1   7105      4      0 
 20250823    17:13:43       2   7105      4      0 
 20250823    17:13:43       3   7033      4      0 
 20250823    17:13:48       0   7033      4      0 
 20250823    17:13:48       1   7105      4      0 
 20250823    17:13:48       2   7105      4      0 
 20250823    17:13:48       3   7033      4      0 
 20250823    17:13:53       0   7033      4      0 
 20250823    17:13:53       1   7105      4      0 
 20250823    17:13:53       2   7105      4      0 
 20250823    17:13:53       3   7033      4      0 
 20250823    17:13:58       0   7033      4      0 
 20250823    17:13:58       1   7105      4      0 
 20250823    17:13:58       2   7105      4      0 
 20250823    17:13:58       3   7033      4      0 
 20250823    17:14:03       0   7033      4      0 
 20250823    17:14:03       1   7105      4      0 
 20250823    17:14:03       2   7105      4      0 
 20250823    17:14:03       3   7033      4      0 
 20250823    17:14:08       0   7033      4      0 
 20250823    17:14:08       1   7105      4      0 
 20250823    17:14:08       2   7105      4      0 
 20250823    17:14:08       3   7033      4      0 
 20250823    17:14:13       0   7033      4      0 
 20250823    17:14:13       1   7105      4      0 
 20250823    17:14:13       2   7105      4      0 
 20250823    17:14:13       3   7033      4      0 
 20250823    17:14:18       0   7033      4      0 
 20250823    17:14:18       1   7105      4      0 
 20250823    17:14:18       2   7105      4      0 
 20250823    17:14:18       3   7033      4      0 
#Date        Time         gpu     fb   bar1   ccpm 
#YYYYMMDD    HH:MM:SS     Idx     MB     MB     MB 
 20250823    17:14:23       0   7033      4      0 
 20250823    17:14:23       1   7105      4      0 
 20250823    17:14:23       2   7105      4      0 
 20250823    17:14:23       3   7033      4      0 
 20250823    17:14:28       0   7033      4      0 
 20250823    17:14:28       1   7105      4      0 
 20250823    17:14:28       2   7105      4      0 
 20250823    17:14:28       3   7033      4      0 
 20250823    17:14:33       0   7033      4      0 
 20250823    17:14:33       1   7105      4      0 
 20250823    17:14:33       2   7105      4      0 
 20250823    17:14:33       3   7033      4      0 
 20250823    17:14:38       0   7033      4      0 
 20250823    17:14:38       1   7105      4      0 
 20250823    17:14:38       2   7105      4      0 
 20250823    17:14:38       3   7033      4      0 
 20250823    17:14:43       0   7033      4      0 
 20250823    17:14:43       1   7105      4      0 
 20250823    17:14:43       2   7105      4      0 
 20250823    17:14:43       3   7033      4      0 
 20250823    17:14:48       0   7033      4      0 
 20250823    17:14:48       1   7105      4      0 
 20250823    17:14:48       2   7105      4      0 
 20250823    17:14:48       3   7033      4      0 
 20250823    17:14:53       0   7033      4      0 
 20250823    17:14:53       1   7105      4      0 
 20250823    17:14:53       2   7105      4      0 
 20250823    17:14:53       3   7033      4      0 
 20250823    17:14:58       0   7033      4      0 
 20250823    17:14:58       1   7105      4      0 
 20250823    17:14:58       2   7105      4      0 
 20250823    17:14:58       3   7033      4      0 
 20250823    17:15:03       0   7033      4      0 
 20250823    17:15:03       1   7105      4      0 
 20250823    17:15:03       2   7105      4      0 
 20250823    17:15:03       3   7033      4      0 
 20250823    17:15:08       0   7033      4      0 
 20250823    17:15:08       1   7105      4      0 
 20250823    17:15:08       2   7105      4      0 
 20250823    17:15:08       3   7033      4      0 
 20250823    17:15:13       0   7033      4      0 
 20250823    17:15:13       1   7105      4      0 
 20250823    17:15:13       2   7105      4      0 
 20250823    17:15:13       3   7033      4      0 
#Date        Time         gpu     fb   bar1   ccpm 
#YYYYMMDD    HH:MM:SS     Idx     MB     MB     MB 
 20250823    17:15:18       0   7033      4      0 
 20250823    17:15:18       1   7105      4      0 
 20250823    17:15:18       2   7105      4      0 
 20250823    17:15:18       3   7033      4      0 
 20250823    17:15:23       0   7033      4      0 
 20250823    17:15:23       1   7105      4      0 
 20250823    17:15:23       2   7105      4      0 
 20250823    17:15:23       3   7033      4      0 
 20250823    17:15:28       0   7033      4      0 
 20250823    17:15:28       1   7105      4      0 
 20250823    17:15:28       2   7105      4      0 
 20250823    17:15:28       3   7033      4      0 
 20250823    17:15:33       0   7033      4      0 
 20250823    17:15:33       1   7105      4      0 
 20250823    17:15:33       2   7105      4      0 
 20250823    17:15:33       3   7033      4      0 
 20250823    17:15:38       0   7033      4      0 
 20250823    17:15:38       1   7105      4      0 
 20250823    17:15:38       2   7105      4      0 
 20250823    17:15:38       3   7033      4      0 
 20250823    17:15:43       0   7033      4      0 
 20250823    17:15:43       1   7105      4      0 
 20250823    17:15:43       2   7105      4      0 
 20250823    17:15:43       3   7033      4      0 
 20250823    17:15:48       0   7033      4      0 
 20250823    17:15:48       1   7105      4      0 
 20250823    17:15:48       2   7105      4      0 
 20250823    17:15:48       3   7033      4      0 
 20250823    17:15:53       0   7033      4      0 
 20250823    17:15:53       1   7105      4      0 
 20250823    17:15:53       2   7105      4      0 
 20250823    17:15:53       3   7033      4      0 
 20250823    17:15:58       0   7033      4      0 
 20250823    17:15:58       1   7105      4      0 
 20250823    17:15:58       2   7105      4      0 
 20250823    17:15:58       3   7033      4      0 
 20250823    17:16:03       0   7033      4      0 
 20250823    17:16:03       1   7105      4      0 
 20250823    17:16:03       2   7105      4      0 
 20250823    17:16:03       3   7033      4      0 
 20250823    17:16:08       0   7033      4      0 
 20250823    17:16:08       1   7105      4      0 
 20250823    17:16:08       2   7105      4      0 
 20250823    17:16:08       3   7033      4      0 
#Date        Time         gpu     fb   bar1   ccpm 
#YYYYMMDD    HH:MM:SS     Idx     MB     MB     MB 
 20250823    17:16:13       0   7033      4      0 
 20250823    17:16:13       1   7105      4      0 
 20250823    17:16:13       2   7105      4      0 
 20250823    17:16:13       3   7033      4      0 
 20250823    17:16:18       0   7033      4      0 
 20250823    17:16:18       1   7105      4      0 
 20250823    17:16:18       2   7105      4      0 
 20250823    17:16:18       3   7033      4      0 
 20250823    17:16:23       0   7033      4      0 
 20250823    17:16:23       1   7105      4      0 
 20250823    17:16:23       2   7105      4      0 
 20250823    17:16:23       3   7033      4      0 
 20250823    17:16:28       0   7033      4      0 
 20250823    17:16:28       1   7105      4      0 
 20250823    17:16:28       2   7105      4      0 
 20250823    17:16:28       3   7033      4      0 
 20250823    17:16:33       0   7033      4      0 
 20250823    17:16:33       1   7105      4      0 
 20250823    17:16:33       2   7105      4      0 
 20250823    17:16:33       3   7033      4      0 
 20250823    17:16:38       0   7033      4      0 
 20250823    17:16:38       1   7105      4      0 
 20250823    17:16:38       2   7105      4      0 
 20250823    17:16:38       3   7033      4      0 
 20250823    17:16:43       0   7033      4      0 
 20250823    17:16:43       1   7105      4      0 
 20250823    17:16:43       2   7105      4      0 
 20250823    17:16:43       3   7033      4      0 
 20250823    17:16:48       0   7033      4      0 
 20250823    17:16:48       1   7105      4      0 
 20250823    17:16:48       2   7105      4      0 
 20250823    17:16:48       3   7033      4      0 
 20250823    17:16:53       0   7033      4      0 
 20250823    17:16:53       1   7105      4      0 
 20250823    17:16:53       2   7105      4      0 
 20250823    17:16:53       3   7033      4      0 
 20250823    17:16:58       0   7033      4      0 
 20250823    17:16:58       1   7105      4      0 
 20250823    17:16:58       2   7105      4      0 
 20250823    17:16:58       3   7033      4      0 
 20250823    17:17:03       0   7033      4      0 
 20250823    17:17:03       1   7105      4      0 
 20250823    17:17:03       2   7105      4      0 
 20250823    17:17:03       3   7033      4      0 
#Date        Time         gpu     fb   bar1   ccpm 
#YYYYMMDD    HH:MM:SS     Idx     MB     MB     MB 
 20250823    17:17:08       0   7033      4      0 
 20250823    17:17:08       1   7105      4      0 
 20250823    17:17:08       2   7105      4      0 
 20250823    17:17:08       3   7033      4      0 
 20250823    17:17:13       0   7033      4      0 
 20250823    17:17:13       1   7105      4      0 
 20250823    17:17:13       2   7105      4      0 
 20250823    17:17:13       3   7033      4      0 
 20250823    17:17:18       0   7033      4      0 
 20250823    17:17:18       1   7105      4      0 
 20250823    17:17:18       2   7105      4      0 
 20250823    17:17:18       3   7033      4      0 
 20250823    17:17:23       0   7033      4      0 
 20250823    17:17:23       1   7105      4      0 
 20250823    17:17:23       2   7105      4      0 
 20250823    17:17:23       3   7033      4      0 
 20250823    17:17:28       0   7033      4      0 
 20250823    17:17:28       1   7105      4      0 
 20250823    17:17:28       2   7105      4      0 
 20250823    17:17:28       3   7033      4      0 
 20250823    17:17:33       0   7033      4      0 
 20250823    17:17:33       1   7105      4      0 
 20250823    17:17:33       2   7105      4      0 
 20250823    17:17:33       3   7033      4      0 
 20250823    17:17:38       0   7033      4      0 
 20250823    17:17:38       1   7105      4      0 
 20250823    17:17:38       2   7105      4      0 
 20250823    17:17:38       3   7033      4      0 
 20250823    17:17:43       0   7033      4      0 
 20250823    17:17:43       1   7105      4      0 
 20250823    17:17:43       2   7105      4      0 
 20250823    17:17:43       3   7033      4      0 
 20250823    17:17:48       0   7033      4      0 
 20250823    17:17:48       1   7105      4      0 
 20250823    17:17:48       2   7105      4      0 
 20250823    17:17:48       3   7033      4      0 
 20250823    17:17:53       0   7033      4      0 
 20250823    17:17:53       1   7105      4      0 
 20250823    17:17:53       2   7105      4      0 
 20250823    17:17:53       3   7033      4      0 
 20250823    17:17:58       0   7033      4      0 
 20250823    17:17:58       1   7105      4      0 
 20250823    17:17:58       2   7105      4      0 
 20250823    17:17:58       3   7033      4      0 
#Date        Time         gpu     fb   bar1   ccpm 
#YYYYMMDD    HH:MM:SS     Idx     MB     MB     MB 
 20250823    17:18:03       0   7033      4      0 
 20250823    17:18:03       1   7105      4      0 
 20250823    17:18:03       2   7105      4      0 
 20250823    17:18:03       3   7033      4      0 
 20250823    17:18:08       0   7033      4      0 
 20250823    17:18:08       1   7105      4      0 
 20250823    17:18:08       2   7105      4      0 
 20250823    17:18:08       3   7033      4      0 
 20250823    17:18:13       0   7033      4      0 
 20250823    17:18:13       1   7105      4      0 
 20250823    17:18:13       2   7105      4      0 
 20250823    17:18:13       3   7033      4      0 
 20250823    17:18:18       0   7033      4      0 
 20250823    17:18:18       1   7105      4      0 
 20250823    17:18:18       2   7105      4      0 
 20250823    17:18:18       3   7033      4      0 
 20250823    17:18:23       0   7033      4      0 
 20250823    17:18:23       1   7105      4      0 
 20250823    17:18:23       2   7105      4      0 
 20250823    17:18:23       3   7033      4      0 
 20250823    17:18:28       0   7033      4      0 
 20250823    17:18:28       1   7105      4      0 
 20250823    17:18:28       2   7105      4      0 
 20250823    17:18:28       3   7033      4      0 
 20250823    17:18:33       0   7033      4      0 
 20250823    17:18:33       1   7105      4      0 
 20250823    17:18:33       2   7105      4      0 
 20250823    17:18:33       3   7033      4      0 
 20250823    17:18:38       0   7033      4      0 
 20250823    17:18:38       1   7105      4      0 
 20250823    17:18:38       2   7105      4      0 
 20250823    17:18:38       3   7033      4      0 
 20250823    17:18:43       0   7033      4      0 
 20250823    17:18:43       1   7105      4      0 
 20250823    17:18:43       2   7105      4      0 
 20250823    17:18:43       3   7033      4      0 
 20250823    17:18:48       0   7033      4      0 
 20250823    17:18:48       1   7105      4      0 
 20250823    17:18:48       2   7105      4      0 
 20250823    17:18:48       3   7033      4      0 
 20250823    17:18:53       0   7033      4      0 
 20250823    17:18:53       1   7105      4      0 
 20250823    17:18:53       2   7105      4      0 
 20250823    17:18:53       3   7033      4      0 
#Date        Time         gpu     fb   bar1   ccpm 
#YYYYMMDD    HH:MM:SS     Idx     MB     MB     MB 
 20250823    17:18:58       0   7033      4      0 
 20250823    17:18:58       1   7105      4      0 
 20250823    17:18:58       2   7105      4      0 
 20250823    17:18:58       3   7033      4      0 
 20250823    17:19:03       0   7033      4      0 
 20250823    17:19:03       1   7105      4      0 
 20250823    17:19:03       2   7105      4      0 
 20250823    17:19:03       3   7033      4      0 
 20250823    17:19:08       0   7033      4      0 
 20250823    17:19:08       1   7105      4      0 
 20250823    17:19:08       2   7105      4      0 
 20250823    17:19:08       3   7033      4      0 
 20250823    17:19:13       0   7033      4      0 
 20250823    17:19:13       1   7105      4      0 
 20250823    17:19:13       2   7105      4      0 
 20250823    17:19:13       3   7033      4      0 
 20250823    17:19:18       0   7033      4      0 
 20250823    17:19:18       1   7105      4      0 
 20250823    17:19:18       2   7105      4      0 
 20250823    17:19:18       3   7033      4      0 
 20250823    17:19:23       0   7033      4      0 
 20250823    17:19:23       1   7105      4      0 
 20250823    17:19:23       2   7105      4      0 
 20250823    17:19:23       3   7033      4      0 
 20250823    17:19:28       0   7033      4      0 
 20250823    17:19:28       1   7105      4      0 
 20250823    17:19:28       2   7105      4      0 
 20250823    17:19:28       3   7033      4      0 
 20250823    17:19:33       0   7033      4      0 
 20250823    17:19:33       1   7105      4      0 
 20250823    17:19:33       2   7105      4      0 
 20250823    17:19:33       3   7033      4      0 
 20250823    17:19:38       0   7033      4      0 
 20250823    17:19:38       1   7105      4      0 
 20250823    17:19:38       2   7105      4      0 
 20250823    17:19:38       3   7033      4      0 
 20250823    17:19:43       0   7033      4      0 
 20250823    17:19:43       1   7105      4      0 
 20250823    17:19:43       2   7105      4      0 
 20250823    17:19:43       3   7033      4      0 
 20250823    17:19:48       0   7033      4      0 
 20250823    17:19:48       1   7105      4      0 
 20250823    17:19:48       2   7105      4      0 
 20250823    17:19:48       3   7033      4      0 
#Date        Time         gpu     fb   bar1   ccpm 
#YYYYMMDD    HH:MM:SS     Idx     MB     MB     MB 
 20250823    17:19:53       0   7033      4      0 
 20250823    17:19:53       1   7105      4      0 
 20250823    17:19:53       2   7105      4      0 
 20250823    17:19:53       3   7033      4      0 
 20250823    17:19:58       0   7033      4      0 
 20250823    17:19:58       1   7105      4      0 
 20250823    17:19:58       2   7105      4      0 
 20250823    17:19:58       3   7033      4      0 
 20250823    17:20:03       0   7033      4      0 
 20250823    17:20:03       1   7105      4      0 
 20250823    17:20:03       2   7105      4      0 
 20250823    17:20:03       3   7033      4      0 
 20250823    17:20:08       0   7033      4      0 
 20250823    17:20:08       1   7105      4      0 
 20250823    17:20:08       2   7105      4      0 
 20250823    17:20:08       3   7033      4      0 
 20250823    17:20:13       0   7033      4      0 
 20250823    17:20:13       1   7105      4      0 
 20250823    17:20:13       2   7105      4      0 
 20250823    17:20:13       3   7033      4      0 
 20250823    17:20:18       0   7033      4      0 
 20250823    17:20:18       1   7105      4      0 
 20250823    17:20:18       2   7105      4      0 
 20250823    17:20:18       3   7033      4      0 
 20250823    17:20:23       0   7033      4      0 
 20250823    17:20:23       1   7105      4      0 
 20250823    17:20:23       2   7105      4      0 
 20250823    17:20:23       3   7033      4      0 
 20250823    17:20:28       0   7033      4      0 
 20250823    17:20:28       1   7105      4      0 
 20250823    17:20:28       2   7105      4      0 
 20250823    17:20:28       3   7033      4      0 
 20250823    17:20:33       0   7033      4      0 
 20250823    17:20:33       1   7105      4      0 
 20250823    17:20:33       2   7105      4      0 
 20250823    17:20:33       3   7033      4      0 
 20250823    17:20:38       0   7033      4      0 
 20250823    17:20:38       1   7105      4      0 
 20250823    17:20:38       2   7105      4      0 
 20250823    17:20:38       3   7033      4      0 
 20250823    17:20:43       0   7033      4      0 
 20250823    17:20:43       1   7105      4      0 
 20250823    17:20:43       2   7105      4      0 
 20250823    17:20:43       3   7033      4      0 
#Date        Time         gpu     fb   bar1   ccpm 
#YYYYMMDD    HH:MM:SS     Idx     MB     MB     MB 
 20250823    17:20:48       0   7033      4      0 
 20250823    17:20:48       1   7105      4      0 
 20250823    17:20:48       2   7105      4      0 
 20250823    17:20:48       3   7033      4      0 
 20250823    17:20:53       0   7033      4      0 
 20250823    17:20:53       1   7105      4      0 
 20250823    17:20:53       2   7105      4      0 
 20250823    17:20:53       3   7033      4      0 
 20250823    17:20:58       0   7033      4      0 
 20250823    17:20:58       1   7105      4      0 
 20250823    17:20:58       2   7105      4      0 
 20250823    17:20:58       3   7033      4      0 
 20250823    17:21:03       0   7033      4      0 
 20250823    17:21:03       1   7105      4      0 
 20250823    17:21:03       2   7105      4      0 
 20250823    17:21:03       3   7033      4      0 
 20250823    17:21:08       0   7033      4      0 
 20250823    17:21:08       1   7105      4      0 
 20250823    17:21:08       2   7105      4      0 
 20250823    17:21:08       3   7033      4      0 
 20250823    17:21:13       0   7033      4      0 
 20250823    17:21:13       1   7105      4      0 
 20250823    17:21:13       2   7105      4      0 
 20250823    17:21:13       3   7033      4      0 
 20250823    17:21:18       0   7033      4      0 
 20250823    17:21:18       1   7105      4      0 
 20250823    17:21:18       2   7105      4      0 
 20250823    17:21:18       3   7033      4      0 
 20250823    17:21:23       0   7033      4      0 
 20250823    17:21:23       1   7105      4      0 
 20250823    17:21:23       2   7105      4      0 
 20250823    17:21:23       3   7033      4      0 
 20250823    17:21:28       0   7033      4      0 
 20250823    17:21:28       1   7105      4      0 
 20250823    17:21:28       2   7105      4      0 
 20250823    17:21:28       3   7033      4      0 
 20250823    17:21:34       0   7033      4      0 
 20250823    17:21:34       1   7105      4      0 
 20250823    17:21:34       2   7105      4      0 
 20250823    17:21:34       3   7033      4      0 
 20250823    17:21:39       0   7033      4      0 
 20250823    17:21:39       1   7105      4      0 
 20250823    17:21:39       2   7105      4      0 
 20250823    17:21:39       3   7033      4      0 
#Date        Time         gpu     fb   bar1   ccpm 
#YYYYMMDD    HH:MM:SS     Idx     MB     MB     MB 
 20250823    17:21:44       0   7033      4      0 
 20250823    17:21:44       1   7105      4      0 
 20250823    17:21:44       2   7105      4      0 
 20250823    17:21:44       3   7033      4      0 
 20250823    17:21:49       0   7033      4      0 
 20250823    17:21:49       1   7105      4      0 
 20250823    17:21:49       2   7105      4      0 
 20250823    17:21:49       3   7033      4      0 
 20250823    17:21:54       0   7033      4      0 
 20250823    17:21:54       1   7105      4      0 
 20250823    17:21:54       2   7105      4      0 
 20250823    17:21:54       3   7033      4      0 
 20250823    17:21:59       0   7033      4      0 
 20250823    17:21:59       1   7105      4      0 
 20250823    17:21:59       2   7105      4      0 
 20250823    17:21:59       3   7033      4      0 
 20250823    17:22:04       0   7033      4      0 
 20250823    17:22:04       1   7105      4      0 
 20250823    17:22:04       2   7105      4      0 
 20250823    17:22:04       3   7033      4      0 
 20250823    17:22:09       0   7033      4      0 
 20250823    17:22:09       1   7105      4      0 
 20250823    17:22:09       2   7105      4      0 
 20250823    17:22:09       3   7033      4      0 
 20250823    17:22:14       0   7033      4      0 
 20250823    17:22:14       1   7105      4      0 
 20250823    17:22:14       2   7105      4      0 
 20250823    17:22:14       3   7033      4      0 
 20250823    17:22:19       0   7033      4      0 
 20250823    17:22:19       1   7105      4      0 
 20250823    17:22:19       2   7105      4      0 
 20250823    17:22:19       3   7033      4      0 
 20250823    17:22:24       0   7033      4      0 
 20250823    17:22:24       1   7105      4      0 
 20250823    17:22:24       2   7105      4      0 
 20250823    17:22:24       3   7033      4      0 
 20250823    17:22:29       0   7033      4      0 
 20250823    17:22:29       1   7105      4      0 
 20250823    17:22:29       2   7105      4      0 
 20250823    17:22:29       3   7033      4      0 
 20250823    17:22:34       0   7033      4      0 
 20250823    17:22:34       1   7105      4      0 
 20250823    17:22:34       2   7105      4      0 
 20250823    17:22:34       3   7033      4      0 
#Date        Time         gpu     fb   bar1   ccpm 
#YYYYMMDD    HH:MM:SS     Idx     MB     MB     MB 
 20250823    17:22:39       0   7033      4      0 
 20250823    17:22:39       1   7105      4      0 
 20250823    17:22:39       2   7105      4      0 
 20250823    17:22:39       3   7033      4      0 
 20250823    17:22:44       0   7033      4      0 
 20250823    17:22:44       1   7105      4      0 
 20250823    17:22:44       2   7105      4      0 
 20250823    17:22:44       3   7033      4      0 
 20250823    17:22:49       0   7033      4      0 
 20250823    17:22:49       1   7105      4      0 
 20250823    17:22:49       2   7105      4      0 
 20250823    17:22:49       3   7033      4      0 
 20250823    17:22:54       0   7033      4      0 
 20250823    17:22:54       1   7105      4      0 
 20250823    17:22:54       2   7105      4      0 
 20250823    17:22:54       3   7033      4      0 
 20250823    17:22:59       0   7033      4      0 
 20250823    17:22:59       1   7105      4      0 
 20250823    17:22:59       2   7105      4      0 
 20250823    17:22:59       3   7033      4      0 
 20250823    17:23:04       0   7033      4      0 
 20250823    17:23:04       1   7105      4      0 
 20250823    17:23:04       2   7105      4      0 
 20250823    17:23:04       3   7033      4      0 
 20250823    17:23:09       0   7033      4      0 
 20250823    17:23:09       1   7105      4      0 
 20250823    17:23:09       2   7105      4      0 
 20250823    17:23:09       3   7033      4      0 
 20250823    17:23:14       0   7033      4      0 
 20250823    17:23:14       1   7105      4      0 
 20250823    17:23:14       2   7105      4      0 
 20250823    17:23:14       3   7033      4      0 
 20250823    17:23:19       0   7033      4      0 
 20250823    17:23:19       1   7105      4      0 
 20250823    17:23:19       2   7105      4      0 
 20250823    17:23:19       3   7033      4      0 
 20250823    17:23:24       0   7033      4      0 
 20250823    17:23:24       1   7105      4      0 
 20250823    17:23:24       2   7105      4      0 
 20250823    17:23:24       3   7033      4      0 
 20250823    17:23:29       0   7033      4      0 
 20250823    17:23:29       1   7105      4      0 
 20250823    17:23:29       2   7105      4      0 
 20250823    17:23:29       3   7033      4      0 
#Date        Time         gpu     fb   bar1   ccpm 
#YYYYMMDD    HH:MM:SS     Idx     MB     MB     MB 
 20250823    17:23:34       0   7033      4      0 
 20250823    17:23:34       1   7105      4      0 
 20250823    17:23:34       2   7105      4      0 
 20250823    17:23:34       3   7033      4      0 
 20250823    17:23:39       0   7033      4      0 
 20250823    17:23:39       1   7105      4      0 
 20250823    17:23:39       2   7105      4      0 
 20250823    17:23:39       3   7033      4      0 
 20250823    17:23:44       0   7033      4      0 
 20250823    17:23:44       1   7105      4      0 
 20250823    17:23:44       2   7105      4      0 
 20250823    17:23:44       3   7033      4      0 
 20250823    17:23:49       0   7033      4      0 
 20250823    17:23:49       1   7105      4      0 
 20250823    17:23:49       2   7105      4      0 
 20250823    17:23:49       3   7033      4      0 
 20250823    17:23:54       0   7033      4      0 
 20250823    17:23:54       1   7105      4      0 
 20250823    17:23:54       2   7105      4      0 
 20250823    17:23:54       3   7033      4      0 
 20250823    17:23:59       0   7033      4      0 
 20250823    17:23:59       1   7105      4      0 
 20250823    17:23:59       2   7105      4      0 
 20250823    17:23:59       3   7033      4      0 
 20250823    17:24:04       0   7033      4      0 
 20250823    17:24:04       1   7105      4      0 
 20250823    17:24:04       2   7105      4      0 
 20250823    17:24:04       3   7033      4      0 
 20250823    17:24:09       0   7033      4      0 
 20250823    17:24:09       1   7105      4      0 
 20250823    17:24:09       2   7105      4      0 
 20250823    17:24:09       3   7033      4      0 
 20250823    17:24:14       0   7033      4      0 
 20250823    17:24:14       1   7105      4      0 
 20250823    17:24:14       2   7105      4      0 
 20250823    17:24:14       3   7033      4      0 
 20250823    17:24:19       0   7033      4      0 
 20250823    17:24:19       1   7105      4      0 
 20250823    17:24:19       2   7105      4      0 
 20250823    17:24:19       3   7033      4      0 
 20250823    17:24:24       0   7033      4      0 
 20250823    17:24:24       1   7105      4      0 
 20250823    17:24:24       2   7105      4      0 
 20250823    17:24:24       3   7033      4      0 
#Date        Time         gpu     fb   bar1   ccpm 
#YYYYMMDD    HH:MM:SS     Idx     MB     MB     MB 
 20250823    17:24:29       0   7033      4      0 
 20250823    17:24:29       1   7105      4      0 
 20250823    17:24:29       2   7105      4      0 
 20250823    17:24:29       3   7033      4      0 
 20250823    17:24:34       0   7033      4      0 
 20250823    17:24:34       1   7105      4      0 
 20250823    17:24:34       2   7105      4      0 
 20250823    17:24:34       3   7033      4      0 
 20250823    17:24:39       0   7033      4      0 
 20250823    17:24:39       1   7105      4      0 
 20250823    17:24:39       2   7105      4      0 
 20250823    17:24:39       3   7033      4      0 
 20250823    17:24:44       0   7033      4      0 
 20250823    17:24:44       1   7105      4      0 
 20250823    17:24:44       2   7105      4      0 
 20250823    17:24:44       3   7033      4      0 
 20250823    17:24:49       0   7033      4      0 
 20250823    17:24:49       1   7105      4      0 
 20250823    17:24:49       2   7105      4      0 
 20250823    17:24:49       3   7033      4      0 
 20250823    17:24:54       0   7033      4      0 
 20250823    17:24:54       1   7105      4      0 
 20250823    17:24:54       2   7105      4      0 
 20250823    17:24:54       3   7033      4      0 
 20250823    17:24:59       0   7033      4      0 
 20250823    17:24:59       1   7105      4      0 
 20250823    17:24:59       2   7105      4      0 
 20250823    17:24:59       3   7033      4      0 
 20250823    17:25:04       0   7033      4      0 
 20250823    17:25:04       1   7105      4      0 
 20250823    17:25:04       2   7105      4      0 
 20250823    17:25:04       3   7033      4      0 
 20250823    17:25:09       0   7033      4      0 
 20250823    17:25:09       1   7105      4      0 
 20250823    17:25:09       2   7105      4      0 
 20250823    17:25:09       3   7033      4      0 
 20250823    17:25:14       0   7033      4      0 
 20250823    17:25:14       1   7105      4      0 
 20250823    17:25:14       2   7105      4      0 
 20250823    17:25:14       3   7033      4      0 
 20250823    17:25:19       0   7033      4      0 
 20250823    17:25:19       1   7105      4      0 
 20250823    17:25:19       2   7105      4      0 
 20250823    17:25:19       3   7033      4      0 
#Date        Time         gpu     fb   bar1   ccpm 
#YYYYMMDD    HH:MM:SS     Idx     MB     MB     MB 
 20250823    17:25:24       0   7033      4      0 
 20250823    17:25:24       1   7105      4      0 
 20250823    17:25:24       2   7105      4      0 
 20250823    17:25:24       3   7033      4      0 
 20250823    17:25:29       0   7033      4      0 
 20250823    17:25:29       1   7105      4      0 
 20250823    17:25:29       2   7105      4      0 
 20250823    17:25:29       3   7033      4      0 
 20250823    17:25:34       0   7033      4      0 
 20250823    17:25:34       1   7105      4      0 
 20250823    17:25:34       2   7105      4      0 
 20250823    17:25:34       3   7033      4      0 
 20250823    17:25:39       0   7033      4      0 
 20250823    17:25:39       1   7105      4      0 
 20250823    17:25:39       2   7105      4      0 
 20250823    17:25:39       3   7033      4      0 
 20250823    17:25:44       0   7033      4      0 
 20250823    17:25:44       1   7105      4      0 
 20250823    17:25:44       2   7105      4      0 
 20250823    17:25:44       3   7033      4      0 
 20250823    17:25:49       0   7033      4      0 
 20250823    17:25:49       1   7105      4      0 
 20250823    17:25:49       2   7105      4      0 
 20250823    17:25:49       3   7033      4      0 
 20250823    17:25:54       0   7033      4      0 
 20250823    17:25:54       1   7105      4      0 
 20250823    17:25:54       2   7105      4      0 
 20250823    17:25:54       3   7033      4      0 
 20250823    17:25:59       0   7033      4      0 
 20250823    17:25:59       1   7105      4      0 
 20250823    17:25:59       2   7105      4      0 
 20250823    17:25:59       3   7033      4      0 
 20250823    17:26:04       0   7033      4      0 
 20250823    17:26:04       1   7105      4      0 
 20250823    17:26:04       2   7105      4      0 
 20250823    17:26:04       3   7033      4      0 
 20250823    17:26:09       0   7033      4      0 
 20250823    17:26:09       1   7105      4      0 
 20250823    17:26:09       2   7105      4      0 
 20250823    17:26:09       3   7033      4      0 
 20250823    17:26:14       0   7033      4      0 
 20250823    17:26:14       1   7105      4      0 
 20250823    17:26:14       2   7105      4      0 
 20250823    17:26:14       3   7033      4      0 
#Date        Time         gpu     fb   bar1   ccpm 
#YYYYMMDD    HH:MM:SS     Idx     MB     MB     MB 
 20250823    17:26:19       0   7033      4      0 
 20250823    17:26:19       1   7105      4      0 
 20250823    17:26:19       2   7105      4      0 
 20250823    17:26:19       3   7033      4      0 
 20250823    17:26:24       0   7033      4      0 
 20250823    17:26:24       1   7105      4      0 
 20250823    17:26:24       2   7105      4      0 
 20250823    17:26:24       3   7033      4      0 
 20250823    17:26:29       0   7033      4      0 
 20250823    17:26:29       1   7105      4      0 
 20250823    17:26:29       2   7105      4      0 
 20250823    17:26:29       3   7033      4      0 
 20250823    17:26:34       0   7033      4      0 
 20250823    17:26:34       1   7105      4      0 
 20250823    17:26:34       2   7105      4      0 
 20250823    17:26:34       3   7033      4      0 
 20250823    17:26:39       0   7033      4      0 
 20250823    17:26:39       1   7105      4      0 
 20250823    17:26:39       2   7105      4      0 
 20250823    17:26:39       3   7033      4      0 
 20250823    17:26:44       0   7033      4      0 
 20250823    17:26:44       1   7105      4      0 
 20250823    17:26:44       2   7105      4      0 
 20250823    17:26:44       3   7033      4      0 
 20250823    17:26:49       0   7033      4      0 
 20250823    17:26:49       1   7105      4      0 
 20250823    17:26:49       2   7105      4      0 
 20250823    17:26:49       3   7033      4      0 
 20250823    17:26:54       0   7033      4      0 
 20250823    17:26:54       1   7105      4      0 
 20250823    17:26:54       2   7105      4      0 
 20250823    17:26:54       3   7033      4      0 
 20250823    17:26:59       0   7033      4      0 
 20250823    17:26:59       1   7105      4      0 
 20250823    17:26:59       2   7105      4      0 
 20250823    17:26:59       3   7033      4      0 
 20250823    17:27:04       0   7033      4      0 
 20250823    17:27:04       1   7105      4      0 
 20250823    17:27:04       2   7105      4      0 
 20250823    17:27:04       3   7033      4      0 
 20250823    17:27:09       0   7033      4      0 
 20250823    17:27:09       1   7105      4      0 
 20250823    17:27:09       2   7105      4      0 
 20250823    17:27:09       3   7033      4      0 
#Date        Time         gpu     fb   bar1   ccpm 
#YYYYMMDD    HH:MM:SS     Idx     MB     MB     MB 
 20250823    17:27:14       0   7033      4      0 
 20250823    17:27:14       1   7105      4      0 
 20250823    17:27:14       2   7105      4      0 
 20250823    17:27:14       3   7033      4      0 
 20250823    17:27:19       0   7033      4      0 
 20250823    17:27:19       1   7105      4      0 
 20250823    17:27:19       2   7105      4      0 
 20250823    17:27:19       3   7033      4      0 
 20250823    17:27:24       0   7033      4      0 
 20250823    17:27:24       1   7105      4      0 
 20250823    17:27:24       2   7105      4      0 
 20250823    17:27:24       3   7033      4      0 
 20250823    17:27:29       0   7033      4      0 
 20250823    17:27:29       1   7105      4      0 
 20250823    17:27:29       2   7105      4      0 
 20250823    17:27:29       3   7033      4      0 
 20250823    17:27:34       0   7033      4      0 
 20250823    17:27:34       1   7105      4      0 
 20250823    17:27:34       2   7105      4      0 
 20250823    17:27:34       3   7033      4      0 
 20250823    17:27:39       0   7033      4      0 
 20250823    17:27:39       1   7105      4      0 
 20250823    17:27:39       2   7105      4      0 
 20250823    17:27:39       3   7033      4      0 
 20250823    17:27:44       0   7033      4      0 
 20250823    17:27:44       1   7105      4      0 
 20250823    17:27:44       2   7105      4      0 
 20250823    17:27:44       3   7033      4      0 
 20250823    17:27:49       0   7033      4      0 
 20250823    17:27:49       1   7105      4      0 
 20250823    17:27:49       2   7105      4      0 
 20250823    17:27:49       3   7033      4      0 
 20250823    17:27:54       0   7033      4      0 
 20250823    17:27:54       1   7105      4      0 
 20250823    17:27:54       2   7105      4      0 
 20250823    17:27:54       3   7033      4      0 
 20250823    17:27:59       0   7033      4      0 
 20250823    17:27:59       1   7105      4      0 
 20250823    17:27:59       2   7105      4      0 
 20250823    17:27:59       3   7033      4      0 
 20250823    17:28:04       0   7033      4      0 
 20250823    17:28:04       1   7105      4      0 
 20250823    17:28:04       2   7105      4      0 
 20250823    17:28:04       3   7033      4      0 
#Date        Time         gpu     fb   bar1   ccpm 
#YYYYMMDD    HH:MM:SS     Idx     MB     MB     MB 
 20250823    17:28:09       0   7033      4      0 
 20250823    17:28:09       1   7105      4      0 
 20250823    17:28:09       2   7105      4      0 
 20250823    17:28:09       3   7033      4      0 
 20250823    17:28:14       0   7033      4      0 
 20250823    17:28:14       1   7105      4      0 
 20250823    17:28:14       2   7105      4      0 
 20250823    17:28:14       3   7033      4      0 
 20250823    17:28:19       0   7033      4      0 
 20250823    17:28:19       1   7105      4      0 
 20250823    17:28:19       2   7105      4      0 
 20250823    17:28:19       3   7033      4      0 
 20250823    17:28:24       0   7033      4      0 
 20250823    17:28:24       1   7105      4      0 
 20250823    17:28:24       2   7105      4      0 
 20250823    17:28:24       3   7033      4      0 
 20250823    17:28:29       0   7033      4      0 
 20250823    17:28:29       1   7105      4      0 
 20250823    17:28:29       2   7105      4      0 
 20250823    17:28:29       3   7033      4      0 
 20250823    17:28:34       0   7033      4      0 
 20250823    17:28:34       1   7105      4      0 
 20250823    17:28:34       2   7105      4      0 
 20250823    17:28:34       3   7033      4      0 
 20250823    17:28:39       0   7033      4      0 
 20250823    17:28:39       1   7105      4      0 
 20250823    17:28:39       2   7105      4      0 
 20250823    17:28:39       3   7033      4      0 
 20250823    17:28:44       0   7033      4      0 
 20250823    17:28:44       1   7105      4      0 
 20250823    17:28:44       2   7105      4      0 
 20250823    17:28:44       3   7033      4      0 
 20250823    17:28:49       0   7033      4      0 
 20250823    17:28:49       1   7105      4      0 
 20250823    17:28:49       2   7105      4      0 
 20250823    17:28:49       3   7033      4      0 
 20250823    17:28:54       0   7033      4      0 
 20250823    17:28:54       1   7105      4      0 
 20250823    17:28:54       2   7105      4      0 
 20250823    17:28:54       3   7033      4      0 
 20250823    17:28:59       0   7033      4      0 
 20250823    17:28:59       1   7105      4      0 
 20250823    17:28:59       2   7105      4      0 
 20250823    17:28:59       3   7033      4      0 
#Date        Time         gpu     fb   bar1   ccpm 
#YYYYMMDD    HH:MM:SS     Idx     MB     MB     MB 
 20250823    17:29:04       0   7033      4      0 
 20250823    17:29:04       1   7105      4      0 
 20250823    17:29:04       2   7105      4      0 
 20250823    17:29:04       3   7033      4      0 
 20250823    17:29:09       0   7033      4      0 
 20250823    17:29:09       1   7105      4      0 
 20250823    17:29:09       2   7105      4      0 
 20250823    17:29:09       3   7033      4      0 
 20250823    17:29:14       0   7033      4      0 
 20250823    17:29:14       1   7105      4      0 
 20250823    17:29:14       2   7105      4      0 
 20250823    17:29:14       3   7033      4      0 
 20250823    17:29:19       0   7033      4      0 
 20250823    17:29:19       1   7105      4      0 
 20250823    17:29:19       2   7105      4      0 
 20250823    17:29:19       3   7033      4      0 
 20250823    17:29:24       0   7033      4      0 
 20250823    17:29:24       1   7105      4      0 
 20250823    17:29:24       2   7105      4      0 
 20250823    17:29:24       3   7033      4      0 
 20250823    17:29:29       0   7033      4      0 
 20250823    17:29:29       1   7105      4      0 
 20250823    17:29:29       2   7105      4      0 
 20250823    17:29:29       3   7033      4      0 
 20250823    17:29:34       0   7033      4      0 
 20250823    17:29:34       1   7105      4      0 
 20250823    17:29:34       2   7105      4      0 
 20250823    17:29:34       3   7033      4      0 
 20250823    17:29:39       0   7033      4      0 
 20250823    17:29:39       1   7105      4      0 
 20250823    17:29:39       2   7105      4      0 
 20250823    17:29:39       3   7033      4      0 
 20250823    17:29:44       0   7033      4      0 
 20250823    17:29:44       1   7105      4      0 
 20250823    17:29:44       2   7105      4      0 
 20250823    17:29:44       3   7033      4      0 
 20250823    17:29:49       0   7033      4      0 
 20250823    17:29:49       1   7105      4      0 
 20250823    17:29:49       2   7105      4      0 
 20250823    17:29:49       3   7033      4      0 
 20250823    17:29:54       0   7033      4      0 
 20250823    17:29:54       1   7105      4      0 
 20250823    17:29:54       2   7105      4      0 
 20250823    17:29:54       3   7033      4      0 
#Date        Time         gpu     fb   bar1   ccpm 
#YYYYMMDD    HH:MM:SS     Idx     MB     MB     MB 
 20250823    17:29:59       0   7033      4      0 
 20250823    17:29:59       1   7105      4      0 
 20250823    17:29:59       2   7105      4      0 
 20250823    17:29:59       3   7033      4      0 
 20250823    17:30:04       0   7033      4      0 
 20250823    17:30:04       1   7105      4      0 
 20250823    17:30:04       2   7105      4      0 
 20250823    17:30:04       3   7033      4      0 
 20250823    17:30:09       0   7033      4      0 
 20250823    17:30:09       1   7105      4      0 
 20250823    17:30:09       2   7105      4      0 
 20250823    17:30:09       3   7033      4      0 
 20250823    17:30:14       0   7033      4      0 
 20250823    17:30:14       1   7105      4      0 
 20250823    17:30:14       2   7105      4      0 
 20250823    17:30:14       3   7033      4      0 
 20250823    17:30:19       0   7033      4      0 
 20250823    17:30:19       1   7105      4      0 
 20250823    17:30:19       2   7105      4      0 
 20250823    17:30:19       3   7033      4      0 
 20250823    17:30:24       0   7033      4      0 
 20250823    17:30:24       1   7105      4      0 
 20250823    17:30:24       2   7105      4      0 
 20250823    17:30:24       3   7033      4      0 
 20250823    17:30:29       0   7033      4      0 
 20250823    17:30:29       1   7105      4      0 
 20250823    17:30:29       2   7105      4      0 
 20250823    17:30:29       3   7033      4      0 
 20250823    17:30:34       0   7033      4      0 
 20250823    17:30:34       1   7105      4      0 
 20250823    17:30:34       2   7105      4      0 
 20250823    17:30:34       3   7033      4      0 
 20250823    17:30:39       0   7033      4      0 
 20250823    17:30:39       1   7105      4      0 
 20250823    17:30:39       2   7105      4      0 
 20250823    17:30:39       3   7033      4      0 
 20250823    17:30:44       0   7033      4      0 
 20250823    17:30:44       1   7105      4      0 
 20250823    17:30:44       2   7105      4      0 
 20250823    17:30:44       3   7033      4      0 
 20250823    17:30:49       0   7033      4      0 
 20250823    17:30:49       1   7105      4      0 
 20250823    17:30:49       2   7105      4      0 
 20250823    17:30:49       3   7033      4      0 
#Date        Time         gpu     fb   bar1   ccpm 
#YYYYMMDD    HH:MM:SS     Idx     MB     MB     MB 
 20250823    17:30:54       0   7033      4      0 
 20250823    17:30:54       1   7105      4      0 
 20250823    17:30:54       2   7105      4      0 
 20250823    17:30:54       3   7033      4      0 
 20250823    17:30:59       0   7033      4      0 
 20250823    17:30:59       1   7105      4      0 
 20250823    17:30:59       2   7105      4      0 
 20250823    17:30:59       3   7033      4      0 
 20250823    17:31:05       0   7033      4      0 
 20250823    17:31:05       1   7105      4      0 
 20250823    17:31:05       2   7105      4      0 
 20250823    17:31:05       3   7033      4      0 
 20250823    17:31:10       0   7033      4      0 
 20250823    17:31:10       1   7105      4      0 
 20250823    17:31:10       2   7105      4      0 
 20250823    17:31:10       3   7033      4      0 
 20250823    17:31:15       0   7033      4      0 
 20250823    17:31:15       1   7105      4      0 
 20250823    17:31:15       2   7105      4      0 
 20250823    17:31:15       3   7033      4      0 
 20250823    17:31:20       0   7033      4      0 
 20250823    17:31:20       1   7105      4      0 
 20250823    17:31:20       2   7105      4      0 
 20250823    17:31:20       3   7033      4      0 
 20250823    17:31:25       0   7033      4      0 
 20250823    17:31:25       1   7105      4      0 
 20250823    17:31:25       2   7105      4      0 
 20250823    17:31:25       3   7033      4      0 
 20250823    17:31:30       0   7033      4      0 
 20250823    17:31:30       1   7105      4      0 
 20250823    17:31:30       2   7105      4      0 
 20250823    17:31:30       3   7033      4      0 
 20250823    17:31:35       0   7033      4      0 
 20250823    17:31:35       1   7105      4      0 
 20250823    17:31:35       2   7105      4      0 
 20250823    17:31:35       3   7033      4      0 
 20250823    17:31:40       0   7033      4      0 
 20250823    17:31:40       1   7105      4      0 
 20250823    17:31:40       2   7105      4      0 
 20250823    17:31:40       3   7033      4      0 
 20250823    17:31:45       0   7033      4      0 
 20250823    17:31:45       1   7105      4      0 
 20250823    17:31:45       2   7105      4      0 
 20250823    17:31:45       3   7033      4      0 
#Date        Time         gpu     fb   bar1   ccpm 
#YYYYMMDD    HH:MM:SS     Idx     MB     MB     MB 
 20250823    17:31:50       0   7033      4      0 
 20250823    17:31:50       1   7105      4      0 
 20250823    17:31:50       2   7105      4      0 
 20250823    17:31:50       3   7033      4      0 
 20250823    17:31:55       0   7033      4      0 
 20250823    17:31:55       1   7105      4      0 
 20250823    17:31:55       2   7105      4      0 
 20250823    17:31:55       3   7033      4      0 
 20250823    17:32:00       0   7033      4      0 
 20250823    17:32:00       1   7105      4      0 
 20250823    17:32:00       2   7105      4      0 
 20250823    17:32:00       3   7033      4      0 
 20250823    17:32:05       0   7033      4      0 
 20250823    17:32:05       1   7105      4      0 
 20250823    17:32:05       2   7105      4      0 
 20250823    17:32:05       3   7033      4      0 
 20250823    17:32:10       0   7033      4      0 
 20250823    17:32:10       1   7105      4      0 
 20250823    17:32:10       2   7105      4      0 
 20250823    17:32:10       3   7033      4      0 
 20250823    17:32:15       0   7033      4      0 
 20250823    17:32:15       1   7105      4      0 
 20250823    17:32:15       2   7105      4      0 
 20250823    17:32:15       3   7033      4      0 
 20250823    17:32:20       0   7033      4      0 
 20250823    17:32:20       1   7105      4      0 
 20250823    17:32:20       2   7105      4      0 
 20250823    17:32:20       3   7033      4      0 
 20250823    17:32:25       0   7033      4      0 
 20250823    17:32:25       1   7105      4      0 
 20250823    17:32:25       2   7105      4      0 
 20250823    17:32:25       3   7033      4      0 
 20250823    17:32:30       0   7033      4      0 
 20250823    17:32:30       1   7105      4      0 
 20250823    17:32:30       2   7105      4      0 
 20250823    17:32:30       3   7033      4      0 
 20250823    17:32:35       0   7033      4      0 
 20250823    17:32:35       1   7105      4      0 
 20250823    17:32:35       2   7105      4      0 
 20250823    17:32:35       3   7033      4      0 
 20250823    17:32:40       0   7033      4      0 
 20250823    17:32:40       1   7105      4      0 
 20250823    17:32:40       2   7105      4      0 
 20250823    17:32:40       3   7033      4      0 
#Date        Time         gpu     fb   bar1   ccpm 
#YYYYMMDD    HH:MM:SS     Idx     MB     MB     MB 
 20250823    17:32:45       0   7033      4      0 
 20250823    17:32:45       1   7105      4      0 
 20250823    17:32:45       2   7105      4      0 
 20250823    17:32:45       3   7033      4      0 
 20250823    17:32:50       0   7033      4      0 
 20250823    17:32:50       1   7105      4      0 
 20250823    17:32:50       2   7105      4      0 
 20250823    17:32:50       3   7033      4      0 
 20250823    17:32:55       0   7033      4      0 
 20250823    17:32:55       1   7105      4      0 
 20250823    17:32:55       2   7105      4      0 
 20250823    17:32:55       3   7033      4      0 
 20250823    17:33:00       0   7033      4      0 
 20250823    17:33:00       1   7105      4      0 
 20250823    17:33:00       2   7105      4      0 
 20250823    17:33:00       3   7033      4      0 
 20250823    17:33:05       0   7033      4      0 
 20250823    17:33:05       1   7105      4      0 
 20250823    17:33:05       2   7105      4      0 
 20250823    17:33:05       3   7033      4      0 
 20250823    17:33:10       0   7033      4      0 
 20250823    17:33:10       1   7105      4      0 
 20250823    17:33:10       2   7105      4      0 
 20250823    17:33:10       3   7033      4      0 
 20250823    17:33:15       0   7033      4      0 
 20250823    17:33:15       1   7105      4      0 
 20250823    17:33:15       2   7105      4      0 
 20250823    17:33:15       3   7033      4      0 
 20250823    17:33:20       0   7033      4      0 
 20250823    17:33:20       1   7105      4      0 
 20250823    17:33:20       2   7105      4      0 
 20250823    17:33:20       3   7033      4      0 
 20250823    17:33:25       0   7033      4      0 
 20250823    17:33:25       1   7105      4      0 
 20250823    17:33:25       2   7105      4      0 
 20250823    17:33:25       3   7033      4      0 
 20250823    17:33:30       0   7033      4      0 
 20250823    17:33:30       1   7105      4      0 
 20250823    17:33:30       2   7105      4      0 
 20250823    17:33:30       3   7033      4      0 
 20250823    17:33:35       0   7033      4      0 
 20250823    17:33:35       1   7105      4      0 
 20250823    17:33:35       2   7105      4      0 
 20250823    17:33:35       3   7033      4      0 
#Date        Time         gpu     fb   bar1   ccpm 
#YYYYMMDD    HH:MM:SS     Idx     MB     MB     MB 
 20250823    17:33:40       0   7033      4      0 
 20250823    17:33:40       1   7105      4      0 
 20250823    17:33:40       2   7105      4      0 
 20250823    17:33:40       3   7033      4      0 
 20250823    17:33:45       0   7033      4      0 
 20250823    17:33:45       1   7105      4      0 
 20250823    17:33:45       2   7105      4      0 
 20250823    17:33:45       3   7033      4      0 
 20250823    17:33:50       0   7033      4      0 
 20250823    17:33:50       1   7105      4      0 
 20250823    17:33:50       2   7105      4      0 
 20250823    17:33:50       3   7033      4      0 
 20250823    17:33:55       0   7033      4      0 
 20250823    17:33:55       1   7105      4      0 
 20250823    17:33:55       2   7105      4      0 
 20250823    17:33:55       3   7033      4      0 
 20250823    17:34:00       0   7033      4      0 
 20250823    17:34:00       1   7105      4      0 
 20250823    17:34:00       2   7105      4      0 
 20250823    17:34:00       3   7033      4      0 
 20250823    17:34:05       0   7033      4      0 
 20250823    17:34:05       1   7105      4      0 
 20250823    17:34:05       2   7105      4      0 
 20250823    17:34:05       3   7033      4      0 
 20250823    17:34:10       0   7033      4      0 
 20250823    17:34:10       1   7105      4      0 
 20250823    17:34:10       2   7105      4      0 
 20250823    17:34:10       3   7033      4      0 
 20250823    17:34:15       0   7033      4      0 
 20250823    17:34:15       1   7105      4      0 
 20250823    17:34:15       2   7105      4      0 
 20250823    17:34:15       3   7033      4      0 
 20250823    17:34:20       0   7033      4      0 
 20250823    17:34:20       1   7105      4      0 
 20250823    17:34:20       2   7105      4      0 
 20250823    17:34:20       3   7033      4      0 
 20250823    17:34:25       0   7033      4      0 
 20250823    17:34:25       1   7105      4      0 
 20250823    17:34:25       2   7105      4      0 
 20250823    17:34:25       3   7033      4      0 
 20250823    17:34:30       0   7033      4      0 
 20250823    17:34:30       1   7105      4      0 
 20250823    17:34:30       2   7105      4      0 
 20250823    17:34:30       3   7033      4      0 
#Date        Time         gpu     fb   bar1   ccpm 
#YYYYMMDD    HH:MM:SS     Idx     MB     MB     MB 
 20250823    17:34:35       0   7033      4      0 
 20250823    17:34:35       1   7105      4      0 
 20250823    17:34:35       2   7105      4      0 
 20250823    17:34:35       3   7033      4      0 
 20250823    17:34:40       0   7033      4      0 
 20250823    17:34:40       1   7105      4      0 
 20250823    17:34:40       2   7105      4      0 
 20250823    17:34:40       3   7033      4      0 
 20250823    17:34:45       0   7033      4      0 
 20250823    17:34:45       1   7105      4      0 
 20250823    17:34:45       2   7105      4      0 
 20250823    17:34:45       3   7033      4      0 
 20250823    17:34:50       0   7033      4      0 
 20250823    17:34:50       1   7105      4      0 
 20250823    17:34:50       2   7105      4      0 
 20250823    17:34:50       3   7033      4      0 
 20250823    17:34:55       0   7033      4      0 
 20250823    17:34:55       1   7105      4      0 
 20250823    17:34:55       2   7105      4      0 
 20250823    17:34:55       3   7033      4      0 
 20250823    17:35:00       0   7033      4      0 
 20250823    17:35:00       1   7105      4      0 
 20250823    17:35:00       2   7105      4      0 
 20250823    17:35:00       3   7033      4      0 
 20250823    17:35:05       0   7033      4      0 
 20250823    17:35:05       1   7105      4      0 
 20250823    17:35:05       2   7105      4      0 
 20250823    17:35:05       3   7033      4      0 
 20250823    17:35:10       0   7033      4      0 
 20250823    17:35:10       1   7105      4      0 
 20250823    17:35:10       2   7105      4      0 
 20250823    17:35:10       3   7033      4      0 
 20250823    17:35:15       0   7033      4      0 
 20250823    17:35:15       1   7105      4      0 
 20250823    17:35:15       2   7105      4      0 
 20250823    17:35:15       3   7033      4      0 
 20250823    17:35:20       0   7033      4      0 
 20250823    17:35:20       1   7105      4      0 
 20250823    17:35:20       2   7105      4      0 
 20250823    17:35:20       3   7033      4      0 
 20250823    17:35:25       0   7033      4      0 
 20250823    17:35:25       1   7105      4      0 
 20250823    17:35:25       2   7105      4      0 
 20250823    17:35:25       3   7033      4      0 
#Date        Time         gpu     fb   bar1   ccpm 
#YYYYMMDD    HH:MM:SS     Idx     MB     MB     MB 
 20250823    17:35:30       0   7033      4      0 
 20250823    17:35:30       1   7105      4      0 
 20250823    17:35:30       2   7105      4      0 
 20250823    17:35:30       3   7033      4      0 
 20250823    17:35:35       0   7033      4      0 
 20250823    17:35:35       1   7105      4      0 
 20250823    17:35:35       2   7105      4      0 
 20250823    17:35:35       3   7033      4      0 
 20250823    17:35:40       0   7033      4      0 
 20250823    17:35:40       1   7105      4      0 
 20250823    17:35:40       2   7105      4      0 
 20250823    17:35:40       3   7033      4      0 
 20250823    17:35:45       0   7033      4      0 
 20250823    17:35:45       1   7105      4      0 
 20250823    17:35:45       2   7105      4      0 
 20250823    17:35:45       3   7033      4      0 
 20250823    17:35:50       0   7033      4      0 
 20250823    17:35:50       1   7105      4      0 
 20250823    17:35:50       2   7105      4      0 
 20250823    17:35:50       3   7033      4      0 
 20250823    17:35:55       0   7033      4      0 
 20250823    17:35:55       1   7105      4      0 
 20250823    17:35:55       2   7105      4      0 
 20250823    17:35:55       3   7033      4      0 
 20250823    17:36:00       0   7033      4      0 
 20250823    17:36:00       1   7105      4      0 
 20250823    17:36:00       2   7105      4      0 
 20250823    17:36:00       3   7033      4      0 
 20250823    17:36:05       0   7033      4      0 
 20250823    17:36:05       1   7105      4      0 
 20250823    17:36:05       2   7105      4      0 
 20250823    17:36:05       3   7033      4      0 
 20250823    17:36:10       0   7033      4      0 
 20250823    17:36:10       1   7105      4      0 
 20250823    17:36:10       2   7105      4      0 
 20250823    17:36:10       3   7033      4      0 
 20250823    17:36:15       0   7033      4      0 
 20250823    17:36:15       1   7105      4      0 
 20250823    17:36:15       2   7105      4      0 
 20250823    17:36:15       3   7033      4      0 
 20250823    17:36:20       0   7033      4      0 
 20250823    17:36:20       1   7105      4      0 
 20250823    17:36:20       2   7105      4      0 
 20250823    17:36:20       3   7033      4      0 
#Date        Time         gpu     fb   bar1   ccpm 
#YYYYMMDD    HH:MM:SS     Idx     MB     MB     MB 
 20250823    17:36:25       0   7033      4      0 
 20250823    17:36:25       1   7105      4      0 
 20250823    17:36:25       2   7105      4      0 
 20250823    17:36:25       3   7033      4      0 
 20250823    17:36:30       0   7033      4      0 
 20250823    17:36:30       1   7105      4      0 
 20250823    17:36:30       2   7105      4      0 
 20250823    17:36:30       3   7033      4      0 
 20250823    17:36:35       0   7033      4      0 
 20250823    17:36:35       1   7105      4      0 
 20250823    17:36:35       2   7105      4      0 
 20250823    17:36:35       3   7033      4      0 
 20250823    17:36:40       0   7033      4      0 
 20250823    17:36:40       1   7105      4      0 
 20250823    17:36:40       2   7105      4      0 
 20250823    17:36:40       3   7033      4      0 
 20250823    17:36:45       0   7033      4      0 
 20250823    17:36:45       1   7105      4      0 
 20250823    17:36:45       2   7105      4      0 
 20250823    17:36:45       3   7033      4      0 
 20250823    17:36:50       0   7033      4      0 
 20250823    17:36:50       1   7105      4      0 
 20250823    17:36:50       2   7105      4      0 
 20250823    17:36:50       3   7033      4      0 
 20250823    17:36:55       0   7033      4      0 
 20250823    17:36:55       1   7105      4      0 
 20250823    17:36:55       2   7105      4      0 
 20250823    17:36:55       3   7033      4      0 
 20250823    17:37:00       0   7033      4      0 
 20250823    17:37:00       1   7105      4      0 
 20250823    17:37:00       2   7105      4      0 
 20250823    17:37:00       3   7033      4      0 
 20250823    17:37:05       0   7033      4      0 
 20250823    17:37:05       1   7105      4      0 
 20250823    17:37:05       2   7105      4      0 
 20250823    17:37:05       3   7033      4      0 
 20250823    17:37:10       0   7033      4      0 
 20250823    17:37:10       1   7105      4      0 
 20250823    17:37:10       2   7105      4      0 
 20250823    17:37:10       3   7033      4      0 
 20250823    17:37:15       0   7033      4      0 
 20250823    17:37:15       1   7105      4      0 
 20250823    17:37:15       2   7105      4      0 
 20250823    17:37:15       3   7033      4      0 
#Date        Time         gpu     fb   bar1   ccpm 
#YYYYMMDD    HH:MM:SS     Idx     MB     MB     MB 
 20250823    17:37:20       0   7033      4      0 
 20250823    17:37:20       1   7105      4      0 
 20250823    17:37:20       2   7105      4      0 
 20250823    17:37:20       3   7033      4      0 
 20250823    17:37:25       0   7033      4      0 
 20250823    17:37:25       1   7105      4      0 
 20250823    17:37:25       2   7105      4      0 
 20250823    17:37:25       3   7033      4      0 
 20250823    17:37:30       0   7033      4      0 
 20250823    17:37:30       1   7105      4      0 
 20250823    17:37:30       2   7105      4      0 
 20250823    17:37:30       3   7033      4      0 
 20250823    17:37:35       0   7033      4      0 
 20250823    17:37:35       1   7105      4      0 
 20250823    17:37:35       2   7105      4      0 
 20250823    17:37:35       3   7033      4      0 
 20250823    17:37:40       0   7033      4      0 
 20250823    17:37:40       1   7105      4      0 
 20250823    17:37:40       2   7105      4      0 
 20250823    17:37:40       3   7033      4      0 
 20250823    17:37:45       0   7033      4      0 
 20250823    17:37:45       1   7105      4      0 
 20250823    17:37:45       2   7105      4      0 
 20250823    17:37:45       3   7033      4      0 
 20250823    17:37:50       0   7033      4      0 
 20250823    17:37:50       1   7105      4      0 
 20250823    17:37:50       2   7105      4      0 
 20250823    17:37:50       3   7033      4      0 
 20250823    17:37:55       0   7033      4      0 
 20250823    17:37:55       1   7105      4      0 
 20250823    17:37:55       2   7105      4      0 
 20250823    17:37:55       3   7033      4      0 
 20250823    17:38:00       0   7033      4      0 
 20250823    17:38:00       1   7105      4      0 
 20250823    17:38:00       2   7105      4      0 
 20250823    17:38:00       3   7033      4      0 
 20250823    17:38:05       0   7033      4      0 
 20250823    17:38:05       1   7105      4      0 
 20250823    17:38:05       2   7105      4      0 
 20250823    17:38:05       3   7033      4      0 
 20250823    17:38:10       0   7033      4      0 
 20250823    17:38:10       1   7105      4      0 
 20250823    17:38:10       2   7105      4      0 
 20250823    17:38:10       3   7033      4      0 
#Date        Time         gpu     fb   bar1   ccpm 
#YYYYMMDD    HH:MM:SS     Idx     MB     MB     MB 
 20250823    17:38:15       0   7033      4      0 
 20250823    17:38:15       1   7105      4      0 
 20250823    17:38:15       2   7105      4      0 
 20250823    17:38:15       3   7033      4      0 
 20250823    17:38:20       0   7033      4      0 
 20250823    17:38:20       1   7105      4      0 
 20250823    17:38:20       2   7105      4      0 
 20250823    17:38:20       3   7033      4      0 
 20250823    17:38:25       0   7033      4      0 
 20250823    17:38:25       1   7105      4      0 
 20250823    17:38:25       2   7105      4      0 
 20250823    17:38:25       3   7033      4      0 
 20250823    17:38:30       0   7033      4      0 
 20250823    17:38:30       1   7105      4      0 
 20250823    17:38:30       2   7105      4      0 
 20250823    17:38:30       3   7033      4      0 
 20250823    17:38:35       0   7033      4      0 
 20250823    17:38:35       1   7105      4      0 
 20250823    17:38:35       2   7105      4      0 
 20250823    17:38:35       3   7033      4      0 
 20250823    17:38:40       0   7033      4      0 
 20250823    17:38:40       1   7105      4      0 
 20250823    17:38:40       2   7105      4      0 
 20250823    17:38:40       3   7033      4      0 
 20250823    17:38:45       0   7033      4      0 
 20250823    17:38:45       1   7105      4      0 
 20250823    17:38:45       2   7105      4      0 
 20250823    17:38:45       3   7033      4      0 
 20250823    17:38:50       0   7033      4      0 
 20250823    17:38:50       1   7105      4      0 
 20250823    17:38:50       2   7105      4      0 
 20250823    17:38:50       3   7033      4      0 
 20250823    17:38:55       0   7033      4      0 
 20250823    17:38:55       1   7105      4      0 
 20250823    17:38:55       2   7105      4      0 
 20250823    17:38:55       3   7033      4      0 
 20250823    17:39:00       0   7033      4      0 
 20250823    17:39:00       1   7105      4      0 
 20250823    17:39:00       2   7105      4      0 
 20250823    17:39:00       3   7033      4      0 
 20250823    17:39:05       0   7033      4      0 
 20250823    17:39:05       1   7105      4      0 
 20250823    17:39:05       2   7105      4      0 
 20250823    17:39:05       3   7033      4      0 
#Date        Time         gpu     fb   bar1   ccpm 
#YYYYMMDD    HH:MM:SS     Idx     MB     MB     MB 
 20250823    17:39:10       0   7033      4      0 
 20250823    17:39:10       1   7105      4      0 
 20250823    17:39:10       2   7105      4      0 
 20250823    17:39:10       3   7033      4      0 
 20250823    17:39:15       0   7033      4      0 
 20250823    17:39:15       1   7105      4      0 
 20250823    17:39:15       2   7105      4      0 
 20250823    17:39:15       3   7033      4      0 
 20250823    17:39:20       0   7033      4      0 
 20250823    17:39:20       1   7105      4      0 
 20250823    17:39:20       2   7105      4      0 
 20250823    17:39:20       3   7033      4      0 
 20250823    17:39:25       0   7033      4      0 
 20250823    17:39:25       1   7105      4      0 
 20250823    17:39:25       2   7105      4      0 
 20250823    17:39:25       3   7033      4      0 
 20250823    17:39:30       0   7033      4      0 
 20250823    17:39:30       1   7105      4      0 
 20250823    17:39:30       2   7105      4      0 
 20250823    17:39:30       3   7033      4      0 
 20250823    17:39:35       0   7033      4      0 
 20250823    17:39:35       1   7105      4      0 
 20250823    17:39:35       2   7105      4      0 
 20250823    17:39:35       3   7033      4      0 
 20250823    17:39:40       0   7033      4      0 
 20250823    17:39:40       1   7105      4      0 
 20250823    17:39:40       2   7105      4      0 
 20250823    17:39:40       3   7033      4      0 
 20250823    17:39:45       0   7033      4      0 
 20250823    17:39:45       1   7105      4      0 
 20250823    17:39:45       2   7105      4      0 
 20250823    17:39:45       3   7033      4      0 
 20250823    17:39:50       0   7033      4      0 
 20250823    17:39:50       1   7105      4      0 
 20250823    17:39:50       2   7105      4      0 
 20250823    17:39:50       3   7033      4      0 
 20250823    17:39:55       0   7033      4      0 
 20250823    17:39:55       1   7105      4      0 
 20250823    17:39:55       2   7105      4      0 
 20250823    17:39:55       3   7033      4      0 
 20250823    17:40:00       0   7033      4      0 
 20250823    17:40:00       1   7105      4      0 
 20250823    17:40:00       2   7105      4      0 
 20250823    17:40:00       3   7033      4      0 
#Date        Time         gpu     fb   bar1   ccpm 
#YYYYMMDD    HH:MM:SS     Idx     MB     MB     MB 
 20250823    17:40:05       0   7033      4      0 
 20250823    17:40:05       1   7105      4      0 
 20250823    17:40:05       2   7105      4      0 
 20250823    17:40:05       3   7033      4      0 
 20250823    17:40:10       0   7033      4      0 
 20250823    17:40:10       1   7105      4      0 
 20250823    17:40:10       2   7105      4      0 
 20250823    17:40:10       3   7033      4      0 
 20250823    17:40:15       0   7033      4      0 
 20250823    17:40:15       1   7105      4      0 
 20250823    17:40:15       2   7105      4      0 
 20250823    17:40:15       3   7033      4      0 
 20250823    17:40:20       0   7033      4      0 
 20250823    17:40:20       1   7105      4      0 
 20250823    17:40:20       2   7105      4      0 
 20250823    17:40:20       3   7033      4      0 
 20250823    17:40:25       0   7033      4      0 
 20250823    17:40:25       1   7105      4      0 
 20250823    17:40:25       2   7105      4      0 
 20250823    17:40:25       3   7033      4      0 
 20250823    17:40:30       0   7033      4      0 
 20250823    17:40:30       1   7105      4      0 
 20250823    17:40:30       2   7105      4      0 
 20250823    17:40:30       3   7033      4      0 
 20250823    17:40:35       0   7033      4      0 
 20250823    17:40:35       1   7105      4      0 
 20250823    17:40:35       2   7105      4      0 
 20250823    17:40:35       3   7033      4      0 
 20250823    17:40:40       0   7033      4      0 
 20250823    17:40:40       1   7105      4      0 
 20250823    17:40:40       2   7105      4      0 
 20250823    17:40:40       3   7033      4      0 
 20250823    17:40:45       0   7033      4      0 
 20250823    17:40:45       1   7105      4      0 
 20250823    17:40:45       2   7105      4      0 
 20250823    17:40:45       3   7033      4      0 
 20250823    17:40:50       0   7033      4      0 
 20250823    17:40:50       1   7105      4      0 
 20250823    17:40:50       2   7105      4      0 
 20250823    17:40:50       3   7033      4      0 
 20250823    17:40:55       0   7033      4      0 
 20250823    17:40:55       1   7105      4      0 
 20250823    17:40:55       2   7105      4      0 
 20250823    17:40:55       3   7033      4      0 
#Date        Time         gpu     fb   bar1   ccpm 
#YYYYMMDD    HH:MM:SS     Idx     MB     MB     MB 
 20250823    17:41:00       0   7033      4      0 
 20250823    17:41:00       1   7105      4      0 
 20250823    17:41:00       2   7105      4      0 
 20250823    17:41:00       3   7033      4      0 
 20250823    17:41:05       0   7033      4      0 
 20250823    17:41:05       1   7105      4      0 
 20250823    17:41:05       2   7105      4      0 
 20250823    17:41:05       3   7033      4      0 
 20250823    17:41:10       0   7033      4      0 
 20250823    17:41:10       1   7105      4      0 
 20250823    17:41:10       2   7105      4      0 
 20250823    17:41:10       3   7033      4      0 
 20250823    17:41:15       0   7033      4      0 
 20250823    17:41:15       1   7105      4      0 
 20250823    17:41:15       2   7105      4      0 
 20250823    17:41:15       3   7033      4      0 
 20250823    17:41:20       0   7033      4      0 
 20250823    17:41:20       1   7105      4      0 
 20250823    17:41:20       2   7105      4      0 
 20250823    17:41:20       3   7033      4      0 
 20250823    17:41:25       0   7033      4      0 
 20250823    17:41:25       1   7105      4      0 
 20250823    17:41:25       2   7105      4      0 
 20250823    17:41:25       3   7033      4      0 
 20250823    17:41:30       0   7033      4      0 
 20250823    17:41:30       1   7105      4      0 
 20250823    17:41:30       2   7105      4      0 
 20250823    17:41:30       3   7033      4      0 
 20250823    17:41:35       0   7033      4      0 
 20250823    17:41:35       1   7105      4      0 
 20250823    17:41:35       2   7105      4      0 
 20250823    17:41:35       3   7033      4      0 
 20250823    17:41:40       0   7033      4      0 
 20250823    17:41:40       1   7105      4      0 
 20250823    17:41:40       2   7105      4      0 
 20250823    17:41:40       3   7033      4      0 
 20250823    17:41:45       0   7033      4      0 
 20250823    17:41:45       1   7105      4      0 
 20250823    17:41:45       2   7105      4      0 
 20250823    17:41:45       3   7033      4      0 
 20250823    17:41:50       0   7033      4      0 
 20250823    17:41:50       1   7105      4      0 
 20250823    17:41:50       2   7105      4      0 
 20250823    17:41:50       3   7033      4      0 
#Date        Time         gpu     fb   bar1   ccpm 
#YYYYMMDD    HH:MM:SS     Idx     MB     MB     MB 
 20250823    17:41:55       0   7033      4      0 
 20250823    17:41:55       1   7105      4      0 
 20250823    17:41:55       2   7105      4      0 
 20250823    17:41:55       3   7033      4      0 
 20250823    17:42:00       0   7033      4      0 
 20250823    17:42:00       1   7105      4      0 
 20250823    17:42:00       2   7105      4      0 
 20250823    17:42:00       3   7033      4      0 
 20250823    17:42:05       0   7033      4      0 
 20250823    17:42:05       1   7105      4      0 
 20250823    17:42:05       2   7105      4      0 
 20250823    17:42:05       3   7033      4      0 
 20250823    17:42:10       0   7033      4      0 
 20250823    17:42:10       1   7105      4      0 
 20250823    17:42:10       2   7105      4      0 
 20250823    17:42:10       3   7033      4      0 
 20250823    17:42:16       0   7033      4      0 
 20250823    17:42:16       1   7105      4      0 
 20250823    17:42:16       2   7105      4      0 
 20250823    17:42:16       3   7033      4      0 
 20250823    17:42:21       0   7033      4      0 
 20250823    17:42:21       1   7105      4      0 
 20250823    17:42:21       2   7105      4      0 
 20250823    17:42:21       3   7033      4      0 
 20250823    17:42:26       0   7033      4      0 
 20250823    17:42:26       1   7105      4      0 
 20250823    17:42:26       2   7105      4      0 
 20250823    17:42:26       3   7033      4      0 
 20250823    17:42:31       0   7033      4      0 
 20250823    17:42:31       1   7105      4      0 
 20250823    17:42:31       2   7105      4      0 
 20250823    17:42:31       3   7033      4      0 
 20250823    17:42:36       0   7033      4      0 
 20250823    17:42:36       1   7105      4      0 
 20250823    17:42:36       2   7105      4      0 
 20250823    17:42:36       3   7033      4      0 
 20250823    17:42:41       0   7033      4      0 
 20250823    17:42:41       1   7105      4      0 
 20250823    17:42:41       2   7105      4      0 
 20250823    17:42:41       3   7033      4      0 
 20250823    17:42:46       0   7033      4      0 
 20250823    17:42:46       1   7105      4      0 
 20250823    17:42:46       2   7105      4      0 
 20250823    17:42:46       3   7033      4      0 
#Date        Time         gpu     fb   bar1   ccpm 
#YYYYMMDD    HH:MM:SS     Idx     MB     MB     MB 
 20250823    17:42:51       0   7033      4      0 
 20250823    17:42:51       1   7105      4      0 
 20250823    17:42:51       2   7105      4      0 
 20250823    17:42:51       3   7033      4      0 
 20250823    17:42:56       0   7033      4      0 
 20250823    17:42:56       1   7105      4      0 
 20250823    17:42:56       2   7105      4      0 
 20250823    17:42:56       3   7033      4      0 
 20250823    17:43:01       0   7033      4      0 
 20250823    17:43:01       1   7105      4      0 
 20250823    17:43:01       2   7105      4      0 
 20250823    17:43:01       3   7033      4      0 
 20250823    17:43:06       0   7033      4      0 
 20250823    17:43:06       1   7105      4      0 
 20250823    17:43:06       2   7105      4      0 
 20250823    17:43:06       3   7033      4      0 
 20250823    17:43:11       0   7033      4      0 
 20250823    17:43:11       1   7105      4      0 
 20250823    17:43:11       2   7105      4      0 
 20250823    17:43:11       3   7033      4      0 
 20250823    17:43:16       0   7033      4      0 
 20250823    17:43:16       1   7105      4      0 
 20250823    17:43:16       2   7105      4      0 
 20250823    17:43:16       3   7033      4      0 
 20250823    17:43:21       0   7033      4      0 
 20250823    17:43:21       1   7105      4      0 
 20250823    17:43:21       2   7105      4      0 
 20250823    17:43:21       3   7033      4      0 
 20250823    17:43:26       0   7033      4      0 
 20250823    17:43:26       1   7105      4      0 
 20250823    17:43:26       2   7105      4      0 
 20250823    17:43:26       3   7033      4      0 
 20250823    17:43:31       0   7033      4      0 
 20250823    17:43:31       1   7105      4      0 
 20250823    17:43:31       2   7105      4      0 
 20250823    17:43:31       3   7033      4      0 
 20250823    17:43:36       0   7033      4      0 
 20250823    17:43:36       1   7105      4      0 
 20250823    17:43:36       2   7105      4      0 
 20250823    17:43:36       3   7033      4      0 
 20250823    17:43:41       0   7033      4      0 
 20250823    17:43:41       1   7105      4      0 
 20250823    17:43:41       2   7105      4      0 
 20250823    17:43:41       3   7033      4      0 
#Date        Time         gpu     fb   bar1   ccpm 
#YYYYMMDD    HH:MM:SS     Idx     MB     MB     MB 
 20250823    17:43:46       0   7033      4      0 
 20250823    17:43:46       1   7105      4      0 
 20250823    17:43:46       2   7105      4      0 
 20250823    17:43:46       3   7033      4      0 
 20250823    17:43:51       0   7033      4      0 
 20250823    17:43:51       1   7105      4      0 
 20250823    17:43:51       2   7105      4      0 
 20250823    17:43:51       3   7033      4      0 
 20250823    17:43:56       0   7033      4      0 
 20250823    17:43:56       1   7105      4      0 
 20250823    17:43:56       2   7105      4      0 
 20250823    17:43:56       3   7033      4      0 
 20250823    17:44:01       0   7033      4      0 
 20250823    17:44:01       1   7105      4      0 
 20250823    17:44:01       2   7105      4      0 
 20250823    17:44:01       3   7033      4      0 
 20250823    17:44:06       0   7033      4      0 
 20250823    17:44:06       1   7105      4      0 
 20250823    17:44:06       2   7105      4      0 
 20250823    17:44:06       3   7033      4      0 
 20250823    17:44:11       0   7033      4      0 
 20250823    17:44:11       1   7105      4      0 
 20250823    17:44:11       2   7105      4      0 
 20250823    17:44:11       3   7033      4      0 
 20250823    17:44:16       0   7033      4      0 
 20250823    17:44:16       1   7105      4      0 
 20250823    17:44:16       2   7105      4      0 
 20250823    17:44:16       3   7033      4      0 
 20250823    17:44:21       0   7033      4      0 
 20250823    17:44:21       1   7105      4      0 
 20250823    17:44:21       2   7105      4      0 
 20250823    17:44:21       3   7033      4      0 
 20250823    17:44:26       0   7033      4      0 
 20250823    17:44:26       1   7105      4      0 
 20250823    17:44:26       2   7105      4      0 
 20250823    17:44:26       3   7033      4      0 
 20250823    17:44:31       0   7033      4      0 
 20250823    17:44:31       1   7105      4      0 
 20250823    17:44:31       2   7105      4      0 
 20250823    17:44:31       3   7033      4      0 
 20250823    17:44:36       0   7033      4      0 
 20250823    17:44:36       1   7105      4      0 
 20250823    17:44:36       2   7105      4      0 
 20250823    17:44:36       3   7033      4      0 
#Date        Time         gpu     fb   bar1   ccpm 
#YYYYMMDD    HH:MM:SS     Idx     MB     MB     MB 
 20250823    17:44:41       0   7033      4      0 
 20250823    17:44:41       1   7105      4      0 
 20250823    17:44:41       2   7105      4      0 
 20250823    17:44:41       3   7033      4      0 
 20250823    17:44:46       0   7033      4      0 
 20250823    17:44:46       1   7105      4      0 
 20250823    17:44:46       2   7105      4      0 
 20250823    17:44:46       3   7033      4      0 
 20250823    17:44:51       0   7033      4      0 
 20250823    17:44:51       1   7105      4      0 
 20250823    17:44:51       2   7105      4      0 
 20250823    17:44:51       3   7033      4      0 
 20250823    17:44:56       0   7033      4      0 
 20250823    17:44:56       1   7105      4      0 
 20250823    17:44:56       2   7105      4      0 
 20250823    17:44:56       3   7033      4      0 
 20250823    17:45:01       0   7033      4      0 
 20250823    17:45:01       1   7105      4      0 
 20250823    17:45:01       2   7105      4      0 
 20250823    17:45:01       3   7033      4      0 
 20250823    17:45:06       0   7033      4      0 
 20250823    17:45:06       1   7105      4      0 
 20250823    17:45:06       2   7105      4      0 
 20250823    17:45:06       3   7033      4      0 
 20250823    17:45:11       0   7033      4      0 
 20250823    17:45:11       1   7105      4      0 
 20250823    17:45:11       2   7105      4      0 
 20250823    17:45:11       3   7033      4      0 
 20250823    17:45:16       0   7033      4      0 
 20250823    17:45:16       1   7105      4      0 
 20250823    17:45:16       2   7105      4      0 
 20250823    17:45:16       3   7033      4      0 
 20250823    17:45:21       0   7033      4      0 
 20250823    17:45:21       1   7105      4      0 
 20250823    17:45:21       2   7105      4      0 
 20250823    17:45:21       3   7033      4      0 
 20250823    17:45:26       0   7033      4      0 
 20250823    17:45:26       1   7105      4      0 
 20250823    17:45:26       2   7105      4      0 
 20250823    17:45:26       3   7033      4      0 
 20250823    17:45:31       0   7033      4      0 
 20250823    17:45:31       1   7105      4      0 
 20250823    17:45:31       2   7105      4      0 
 20250823    17:45:31       3   7033      4      0 
#Date        Time         gpu     fb   bar1   ccpm 
#YYYYMMDD    HH:MM:SS     Idx     MB     MB     MB 
 20250823    17:45:36       0   7033      4      0 
 20250823    17:45:36       1   7105      4      0 
 20250823    17:45:36       2   7105      4      0 
 20250823    17:45:36       3   7033      4      0 
 20250823    17:45:41       0   7033      4      0 
 20250823    17:45:41       1   7105      4      0 
 20250823    17:45:41       2   7105      4      0 
 20250823    17:45:41       3   7033      4      0 
 20250823    17:45:46       0   7033      4      0 
 20250823    17:45:46       1   7105      4      0 
 20250823    17:45:46       2   7105      4      0 
 20250823    17:45:46       3   7033      4      0 
 20250823    17:45:51       0   7033      4      0 
 20250823    17:45:51       1   7105      4      0 
 20250823    17:45:51       2   7105      4      0 
 20250823    17:45:51       3   7033      4      0 
 20250823    17:45:56       0   7033      4      0 
 20250823    17:45:56       1   7105      4      0 
 20250823    17:45:56       2   7105      4      0 
 20250823    17:45:56       3   7033      4      0 
 20250823    17:46:01       0   7033      4      0 
 20250823    17:46:01       1   7105      4      0 
 20250823    17:46:01       2   7105      4      0 
 20250823    17:46:01       3   7033      4      0 
 20250823    17:46:06       0   7033      4      0 
 20250823    17:46:06       1   7105      4      0 
 20250823    17:46:06       2   7105      4      0 
 20250823    17:46:06       3   7033      4      0 
 20250823    17:46:11       0   7033      4      0 
 20250823    17:46:11       1   7105      4      0 
 20250823    17:46:11       2   7105      4      0 
 20250823    17:46:11       3   7033      4      0 
 20250823    17:46:16       0   7033      4      0 
 20250823    17:46:16       1   7105      4      0 
 20250823    17:46:16       2   7105      4      0 
 20250823    17:46:16       3   7033      4      0 
 20250823    17:46:21       0   7033      4      0 
 20250823    17:46:21       1   7105      4      0 
 20250823    17:46:21       2   7105      4      0 
 20250823    17:46:21       3   7033      4      0 
 20250823    17:46:26       0   7033      4      0 
 20250823    17:46:26       1   7105      4      0 
 20250823    17:46:26       2   7105      4      0 
 20250823    17:46:26       3   7033      4      0 
#Date        Time         gpu     fb   bar1   ccpm 
#YYYYMMDD    HH:MM:SS     Idx     MB     MB     MB 
 20250823    17:46:31       0   7033      4      0 
 20250823    17:46:31       1   7105      4      0 
 20250823    17:46:31       2   7105      4      0 
 20250823    17:46:31       3   7033      4      0 
 20250823    17:46:36       0   7033      4      0 
 20250823    17:46:36       1   7105      4      0 
 20250823    17:46:36       2   7105      4      0 
 20250823    17:46:36       3   7033      4      0 
 20250823    17:46:41       0   7033      4      0 
 20250823    17:46:41       1   7105      4      0 
 20250823    17:46:41       2   7105      4      0 
 20250823    17:46:41       3   7033      4      0 
 20250823    17:46:46       0   7033      4      0 
 20250823    17:46:46       1   7105      4      0 
 20250823    17:46:46       2   7105      4      0 
 20250823    17:46:46       3   7033      4      0 
 20250823    17:46:51       0   7033      4      0 
 20250823    17:46:51       1   7105      4      0 
 20250823    17:46:51       2   7105      4      0 
 20250823    17:46:51       3   7033      4      0 
 20250823    17:46:56       0   7033      4      0 
 20250823    17:46:56       1   7105      4      0 
 20250823    17:46:56       2   7105      4      0 
 20250823    17:46:56       3   7033      4      0 
 20250823    17:47:01       0   7033      4      0 
 20250823    17:47:01       1   7105      4      0 
 20250823    17:47:01       2   7105      4      0 
 20250823    17:47:01       3   7033      4      0 
 20250823    17:47:06       0   7033      4      0 
 20250823    17:47:06       1   7105      4      0 
 20250823    17:47:06       2   7105      4      0 
 20250823    17:47:06       3   7033      4      0 
 20250823    17:47:11       0   7033      4      0 
 20250823    17:47:11       1   7105      4      0 
 20250823    17:47:11       2   7105      4      0 
 20250823    17:47:11       3   7033      4      0 
 20250823    17:47:16       0   7033      4      0 
 20250823    17:47:16       1   7105      4      0 
 20250823    17:47:16       2   7105      4      0 
 20250823    17:47:16       3   7033      4      0 
 20250823    17:47:21       0   7033      4      0 
 20250823    17:47:21       1   7105      4      0 
 20250823    17:47:21       2   7105      4      0 
 20250823    17:47:21       3   7033      4      0 
#Date        Time         gpu     fb   bar1   ccpm 
#YYYYMMDD    HH:MM:SS     Idx     MB     MB     MB 
 20250823    17:47:26       0   7033      4      0 
 20250823    17:47:26       1   7105      4      0 
 20250823    17:47:26       2   7105      4      0 
 20250823    17:47:26       3   7033      4      0 
 20250823    17:47:31       0   7033      4      0 
 20250823    17:47:31       1   7105      4      0 
 20250823    17:47:31       2   7105      4      0 
 20250823    17:47:31       3   7033      4      0 
 20250823    17:47:36       0   7033      4      0 
 20250823    17:47:36       1   7105      4      0 
 20250823    17:47:36       2   7105      4      0 
 20250823    17:47:36       3   7033      4      0 
 20250823    17:47:41       0   7033      4      0 
 20250823    17:47:41       1   7105      4      0 
 20250823    17:47:41       2   7105      4      0 
 20250823    17:47:41       3   7033      4      0 
 20250823    17:47:46       0   7033      4      0 
 20250823    17:47:46       1   7105      4      0 
 20250823    17:47:46       2   7105      4      0 
 20250823    17:47:46       3   7033      4      0 
 20250823    17:47:51       0   7033      4      0 
 20250823    17:47:51       1   7105      4      0 
 20250823    17:47:51       2   7105      4      0 
 20250823    17:47:51       3   7033      4      0 
 20250823    17:47:56       0   7033      4      0 
 20250823    17:47:56       1   7105      4      0 
 20250823    17:47:56       2   7105      4      0 
 20250823    17:47:56       3   7033      4      0 
 20250823    17:48:01       0   7033      4      0 
 20250823    17:48:01       1   7105      4      0 
 20250823    17:48:01       2   7105      4      0 
 20250823    17:48:01       3   7033      4      0 
 20250823    17:48:06       0   7033      4      0 
 20250823    17:48:06       1   7105      4      0 
 20250823    17:48:06       2   7105      4      0 
 20250823    17:48:06       3   7033      4      0 
 20250823    17:48:11       0   7033      4      0 
 20250823    17:48:11       1   7105      4      0 
 20250823    17:48:11       2   7105      4      0 
 20250823    17:48:11       3   7033      4      0 
 20250823    17:48:16       0   7033      4      0 
 20250823    17:48:16       1   7105      4      0 
 20250823    17:48:16       2   7105      4      0 
 20250823    17:48:16       3   7033      4      0 
#Date        Time         gpu     fb   bar1   ccpm 
#YYYYMMDD    HH:MM:SS     Idx     MB     MB     MB 
 20250823    17:48:21       0   7033      4      0 
 20250823    17:48:21       1   7105      4      0 
 20250823    17:48:21       2   7105      4      0 
 20250823    17:48:21       3   7033      4      0 
 20250823    17:48:26       0   7033      4      0 
 20250823    17:48:26       1   7105      4      0 
 20250823    17:48:26       2   7105      4      0 
 20250823    17:48:26       3   7033      4      0 
 20250823    17:48:31       0   7033      4      0 
 20250823    17:48:31       1   7105      4      0 
 20250823    17:48:31       2   7105      4      0 
 20250823    17:48:31       3   7033      4      0 
 20250823    17:48:36       0   7033      4      0 
 20250823    17:48:36       1   7105      4      0 
 20250823    17:48:36       2   7105      4      0 
 20250823    17:48:36       3   7033      4      0 
 20250823    17:48:41       0   7033      4      0 
 20250823    17:48:41       1   7105      4      0 
 20250823    17:48:41       2   7105      4      0 
 20250823    17:48:41       3   7033      4      0 
 20250823    17:48:46       0   7033      4      0 
 20250823    17:48:46       1   7105      4      0 
 20250823    17:48:46       2   7105      4      0 
 20250823    17:48:46       3   7033      4      0 
 20250823    17:48:51       0   7033      4      0 
 20250823    17:48:51       1   7105      4      0 
 20250823    17:48:51       2   7105      4      0 
 20250823    17:48:51       3   7033      4      0 
 20250823    17:48:56       0   7033      4      0 
 20250823    17:48:56       1   7105      4      0 
 20250823    17:48:56       2   7105      4      0 
 20250823    17:48:56       3   7033      4      0 
 20250823    17:49:01       0   7033      4      0 
 20250823    17:49:01       1   7105      4      0 
 20250823    17:49:01       2   7105      4      0 
 20250823    17:49:01       3   7033      4      0 
 20250823    17:49:06       0   7033      4      0 
 20250823    17:49:06       1   7105      4      0 
 20250823    17:49:06       2   7105      4      0 
 20250823    17:49:06       3   7033      4      0 
 20250823    17:49:11       0   7033      4      0 
 20250823    17:49:11       1   7105      4      0 
 20250823    17:49:11       2   7105      4      0 
 20250823    17:49:11       3   7033      4      0 
#Date        Time         gpu     fb   bar1   ccpm 
#YYYYMMDD    HH:MM:SS     Idx     MB     MB     MB 
 20250823    17:49:16       0   7033      4      0 
 20250823    17:49:16       1   7105      4      0 
 20250823    17:49:16       2   7105      4      0 
 20250823    17:49:16       3   7033      4      0 
 20250823    17:49:21       0   7033      4      0 
 20250823    17:49:21       1   7105      4      0 
 20250823    17:49:21       2   7105      4      0 
 20250823    17:49:21       3   7033      4      0 
 20250823    17:49:26       0   7033      4      0 
 20250823    17:49:26       1   7105      4      0 
 20250823    17:49:26       2   7105      4      0 
 20250823    17:49:26       3   7033      4      0 
 20250823    17:49:31       0   7033      4      0 
 20250823    17:49:31       1   7105      4      0 
 20250823    17:49:31       2   7105      4      0 
 20250823    17:49:31       3   7033      4      0 
 20250823    17:49:36       0   7033      4      0 
 20250823    17:49:36       1   7105      4      0 
 20250823    17:49:36       2   7105      4      0 
 20250823    17:49:36       3   7033      4      0 
 20250823    17:49:41       0   7033      4      0 
 20250823    17:49:41       1   7105      4      0 
 20250823    17:49:41       2   7105      4      0 
 20250823    17:49:41       3   7033      4      0 
 20250823    17:49:46       0   7033      4      0 
 20250823    17:49:46       1   7105      4      0 
 20250823    17:49:46       2   7105      4      0 
 20250823    17:49:46       3   7033      4      0 
 20250823    17:49:51       0   7033      4      0 
 20250823    17:49:51       1   7105      4      0 
 20250823    17:49:51       2   7105      4      0 
 20250823    17:49:51       3   7033      4      0 
 20250823    17:49:56       0   7033      4      0 
 20250823    17:49:56       1   7105      4      0 
 20250823    17:49:56       2   7105      4      0 
 20250823    17:49:56       3   7033      4      0 
 20250823    17:50:01       0   7033      4      0 
 20250823    17:50:01       1   7105      4      0 
 20250823    17:50:01       2   7105      4      0 
 20250823    17:50:01       3   7033      4      0 
 20250823    17:50:06       0   7033      4      0 
 20250823    17:50:06       1   7105      4      0 
 20250823    17:50:06       2   7105      4      0 
 20250823    17:50:06       3   7033      4      0 
#Date        Time         gpu     fb   bar1   ccpm 
#YYYYMMDD    HH:MM:SS     Idx     MB     MB     MB 
 20250823    17:50:11       0   7033      4      0 
 20250823    17:50:11       1   7105      4      0 
 20250823    17:50:11       2   7105      4      0 
 20250823    17:50:11       3   7033      4      0 
 20250823    17:50:16       0   7033      4      0 
 20250823    17:50:16       1   7105      4      0 
 20250823    17:50:16       2   7105      4      0 
 20250823    17:50:16       3   7033      4      0 
 20250823    17:50:21       0   7033      4      0 
 20250823    17:50:21       1   7105      4      0 
 20250823    17:50:21       2   7105      4      0 
 20250823    17:50:21       3   7033      4      0 
 20250823    17:50:26       0   7033      4      0 
 20250823    17:50:26       1   7105      4      0 
 20250823    17:50:26       2   7105      4      0 
 20250823    17:50:26       3   7033      4      0 
 20250823    17:50:31       0   7033      4      0 
 20250823    17:50:31       1   7105      4      0 
 20250823    17:50:31       2   7105      4      0 
 20250823    17:50:31       3   7033      4      0 
 20250823    17:50:36       0   7033      4      0 
 20250823    17:50:36       1   7105      4      0 
 20250823    17:50:36       2   7105      4      0 
 20250823    17:50:36       3   7033      4      0 
 20250823    17:50:41       0   7033      4      0 
 20250823    17:50:41       1   7105      4      0 
 20250823    17:50:41       2   7105      4      0 
 20250823    17:50:41       3   7033      4      0 
 20250823    17:50:46       0   7033      4      0 
 20250823    17:50:46       1   7105      4      0 
 20250823    17:50:46       2   7105      4      0 
 20250823    17:50:46       3   7033      4      0 
 20250823    17:50:51       0   7033      4      0 
 20250823    17:50:51       1   7105      4      0 
 20250823    17:50:51       2   7105      4      0 
 20250823    17:50:51       3   7033      4      0 
 20250823    17:50:56       0   7033      4      0 
 20250823    17:50:56       1   7105      4      0 
 20250823    17:50:56       2   7105      4      0 
 20250823    17:50:56       3   7033      4      0 
 20250823    17:51:01       0   7033      4      0 
 20250823    17:51:01       1   7105      4      0 
 20250823    17:51:01       2   7105      4      0 
 20250823    17:51:01       3   7033      4      0 
#Date        Time         gpu     fb   bar1   ccpm 
#YYYYMMDD    HH:MM:SS     Idx     MB     MB     MB 
 20250823    17:51:06       0   7033      4      0 
 20250823    17:51:06       1   7105      4      0 
 20250823    17:51:06       2   7105      4      0 
 20250823    17:51:06       3   7033      4      0 
 20250823    17:51:11       0   7033      4      0 
 20250823    17:51:11       1   7105      4      0 
 20250823    17:51:11       2   7105      4      0 
 20250823    17:51:11       3   7033      4      0 
 20250823    17:51:16       0   7033      4      0 
 20250823    17:51:16       1   7105      4      0 
 20250823    17:51:16       2   7105      4      0 
 20250823    17:51:16       3   7033      4      0 
 20250823    17:51:21       0   7033      4      0 
 20250823    17:51:21       1   7105      4      0 
 20250823    17:51:21       2   7105      4      0 
 20250823    17:51:21       3   7033      4      0 
 20250823    17:51:26       0   7033      4      0 
 20250823    17:51:26       1   7105      4      0 
 20250823    17:51:26       2   7105      4      0 
 20250823    17:51:26       3   7033      4      0 
 20250823    17:51:31       0   7033      4      0 
 20250823    17:51:31       1   7105      4      0 
 20250823    17:51:31       2   7105      4      0 
 20250823    17:51:31       3   7033      4      0 
 20250823    17:51:36       0   7033      4      0 
 20250823    17:51:36       1   7105      4      0 
 20250823    17:51:36       2   7105      4      0 
 20250823    17:51:36       3   7033      4      0 
 20250823    17:51:41       0   7033      4      0 
 20250823    17:51:41       1   7105      4      0 
 20250823    17:51:41       2   7105      4      0 
 20250823    17:51:41       3   7033      4      0 
 20250823    17:51:46       0   7033      4      0 
 20250823    17:51:46       1   7105      4      0 
 20250823    17:51:46       2   7105      4      0 
 20250823    17:51:46       3   7033      4      0 
 20250823    17:51:51       0   7033      4      0 
 20250823    17:51:51       1   7105      4      0 
 20250823    17:51:51       2   7105      4      0 
 20250823    17:51:51       3   7033      4      0 
 20250823    17:51:56       0   7033      4      0 
 20250823    17:51:56       1   7105      4      0 
 20250823    17:51:56       2   7105      4      0 
 20250823    17:51:56       3   7033      4      0 
#Date        Time         gpu     fb   bar1   ccpm 
#YYYYMMDD    HH:MM:SS     Idx     MB     MB     MB 
 20250823    17:52:01       0   7033      4      0 
 20250823    17:52:01       1   7105      4      0 
 20250823    17:52:01       2   7105      4      0 
 20250823    17:52:01       3   7033      4      0 
 20250823    17:52:06       0   7033      4      0 
 20250823    17:52:06       1   7105      4      0 
 20250823    17:52:06       2   7105      4      0 
 20250823    17:52:06       3   7033      4      0 
 20250823    17:52:11       0   7033      4      0 
 20250823    17:52:11       1   7105      4      0 
 20250823    17:52:11       2   7105      4      0 
 20250823    17:52:11       3   7033      4      0 
 20250823    17:52:16       0   7033      4      0 
 20250823    17:52:16       1   7105      4      0 
 20250823    17:52:16       2   7105      4      0 
 20250823    17:52:16       3   7033      4      0 
 20250823    17:52:21       0   7033      4      0 
 20250823    17:52:21       1   7105      4      0 
 20250823    17:52:21       2   7105      4      0 
 20250823    17:52:21       3   7033      4      0 
 20250823    17:52:26       0   7033      4      0 
 20250823    17:52:26       1   7105      4      0 
 20250823    17:52:26       2   7105      4      0 
 20250823    17:52:26       3   7033      4      0 
 20250823    17:52:31       0   7033      4      0 
 20250823    17:52:31       1   7105      4      0 
 20250823    17:52:31       2   7105      4      0 
 20250823    17:52:31       3   7033      4      0 
 20250823    17:52:36       0   7033      4      0 
 20250823    17:52:36       1   7105      4      0 
 20250823    17:52:36       2   7105      4      0 
 20250823    17:52:36       3   7033      4      0 
 20250823    17:52:41       0   7033      4      0 
 20250823    17:52:41       1   7105      4      0 
 20250823    17:52:41       2   7105      4      0 
 20250823    17:52:41       3   7033      4      0 
 20250823    17:52:46       0   7033      4      0 
 20250823    17:52:46       1   7105      4      0 
 20250823    17:52:46       2   7105      4      0 
 20250823    17:52:46       3   7033      4      0 
 20250823    17:52:51       0   7033      4      0 
 20250823    17:52:51       1   7105      4      0 
 20250823    17:52:51       2   7105      4      0 
 20250823    17:52:51       3   7033      4      0 
#Date        Time         gpu     fb   bar1   ccpm 
#YYYYMMDD    HH:MM:SS     Idx     MB     MB     MB 
 20250823    17:52:56       0   7033      4      0 
 20250823    17:52:56       1   7105      4      0 
 20250823    17:52:56       2   7105      4      0 
 20250823    17:52:56       3   7033      4      0 
 20250823    17:53:01       0   7033      4      0 
 20250823    17:53:01       1   7105      4      0 
 20250823    17:53:01       2   7105      4      0 
 20250823    17:53:01       3   7033      4      0 
 20250823    17:53:07       0   7033      4      0 
 20250823    17:53:07       1   7105      4      0 
 20250823    17:53:07       2   7105      4      0 
 20250823    17:53:07       3   7033      4      0 
 20250823    17:53:12       0   7033      4      0 
 20250823    17:53:12       1   7105      4      0 
 20250823    17:53:12       2   7105      4      0 
 20250823    17:53:12       3   7033      4      0 
 20250823    17:53:17       0   7033      4      0 
 20250823    17:53:17       1   7105      4      0 
 20250823    17:53:17       2   7105      4      0 
 20250823    17:53:17       3   7033      4      0 
 20250823    17:53:22       0   7033      4      0 
 20250823    17:53:22       1   7105      4      0 
 20250823    17:53:22       2   7105      4      0 
 20250823    17:53:22       3   7033      4      0 
 20250823    17:53:27       0   7033      4      0 
 20250823    17:53:27       1   7105      4      0 
 20250823    17:53:27       2   7105      4      0 
 20250823    17:53:27       3   7033      4      0 
 20250823    17:53:32       0   7033      4      0 
 20250823    17:53:32       1   7105      4      0 
 20250823    17:53:32       2   7105      4      0 
 20250823    17:53:32       3   7033      4      0 
 20250823    17:53:37       0   7033      4      0 
 20250823    17:53:37       1   7105      4      0 
 20250823    17:53:37       2   7105      4      0 
 20250823    17:53:37       3   7033      4      0 
 20250823    17:53:42       0   7033      4      0 
 20250823    17:53:42       1   7105      4      0 
 20250823    17:53:42       2   7105      4      0 
 20250823    17:53:42       3   7033      4      0 
 20250823    17:53:47       0   7033      4      0 
 20250823    17:53:47       1   7105      4      0 
 20250823    17:53:47       2   7105      4      0 
 20250823    17:53:47       3   7033      4      0 
#Date        Time         gpu     fb   bar1   ccpm 
#YYYYMMDD    HH:MM:SS     Idx     MB     MB     MB 
 20250823    17:53:52       0   7033      4      0 
 20250823    17:53:52       1   7105      4      0 
 20250823    17:53:52       2   7105      4      0 
 20250823    17:53:52       3   7033      4      0 
 20250823    17:53:57       0   7033      4      0 
 20250823    17:53:57       1   7105      4      0 
 20250823    17:53:57       2   7105      4      0 
 20250823    17:53:57       3   7033      4      0 
 20250823    17:54:02       0   7033      4      0 
 20250823    17:54:02       1   7105      4      0 
 20250823    17:54:02       2   7105      4      0 
 20250823    17:54:02       3   7033      4      0 
 20250823    17:54:07       0   7033      4      0 
 20250823    17:54:07       1   7105      4      0 
 20250823    17:54:07       2   7105      4      0 
 20250823    17:54:07       3   7033      4      0 
 20250823    17:54:12       0   7033      4      0 
 20250823    17:54:12       1   7105      4      0 
 20250823    17:54:12       2   7105      4      0 
 20250823    17:54:12       3   7033      4      0 
 20250823    17:54:17       0   7033      4      0 
 20250823    17:54:17       1   7105      4      0 
 20250823    17:54:17       2   7105      4      0 
 20250823    17:54:17       3   7033      4      0 
 20250823    17:54:22       0   7033      4      0 
 20250823    17:54:22       1   7105      4      0 
 20250823    17:54:22       2   7105      4      0 
 20250823    17:54:22       3   7033      4      0 
 20250823    17:54:27       0   7033      4      0 
 20250823    17:54:27       1   7105      4      0 
 20250823    17:54:27       2   7105      4      0 
 20250823    17:54:27       3   7033      4      0 
 20250823    17:54:32       0   7033      4      0 
 20250823    17:54:32       1   7105      4      0 
 20250823    17:54:32       2   7105      4      0 
 20250823    17:54:32       3   7033      4      0 
 20250823    17:54:37       0   7033      4      0 
 20250823    17:54:37       1   7105      4      0 
 20250823    17:54:37       2   7105      4      0 
 20250823    17:54:37       3   7033      4      0 
 20250823    17:54:42       0   7033      4      0 
 20250823    17:54:42       1   7105      4      0 
 20250823    17:54:42       2   7105      4      0 
 20250823    17:54:42       3   7033      4      0 
#Date        Time         gpu     fb   bar1   ccpm 
#YYYYMMDD    HH:MM:SS     Idx     MB     MB     MB 
 20250823    17:54:47       0   7033      4      0 
 20250823    17:54:47       1   7105      4      0 
 20250823    17:54:47       2   7105      4      0 
 20250823    17:54:47       3   7033      4      0 
 20250823    17:54:52       0   7033      4      0 
 20250823    17:54:52       1   7105      4      0 
 20250823    17:54:52       2   7105      4      0 
 20250823    17:54:52       3   7033      4      0 
 20250823    17:54:57       0   7033      4      0 
 20250823    17:54:57       1   7105      4      0 
 20250823    17:54:57       2   7105      4      0 
 20250823    17:54:57       3   7033      4      0 
 20250823    17:55:02       0   7033      4      0 
 20250823    17:55:02       1   7105      4      0 
 20250823    17:55:02       2   7105      4      0 
 20250823    17:55:02       3   7033      4      0 
 20250823    17:55:07       0   7033      4      0 
 20250823    17:55:07       1   7105      4      0 
 20250823    17:55:07       2   7105      4      0 
 20250823    17:55:07       3   7033      4      0 
 20250823    17:55:12       0   7033      4      0 
 20250823    17:55:12       1   7105      4      0 
 20250823    17:55:12       2   7105      4      0 
 20250823    17:55:12       3   7033      4      0 
 20250823    17:55:17       0   7033      4      0 
 20250823    17:55:17       1   7105      4      0 
 20250823    17:55:17       2   7105      4      0 
 20250823    17:55:17       3   7033      4      0 
 20250823    17:55:22       0   7033      4      0 
 20250823    17:55:22       1   7105      4      0 
 20250823    17:55:22       2   7105      4      0 
 20250823    17:55:22       3   7033      4      0 
 20250823    17:55:27       0   7033      4      0 
 20250823    17:55:27       1   7105      4      0 
 20250823    17:55:27       2   7105      4      0 
 20250823    17:55:27       3   7033      4      0 
 20250823    17:55:32       0   7033      4      0 
 20250823    17:55:32       1   7105      4      0 
 20250823    17:55:32       2   7105      4      0 
 20250823    17:55:32       3   7033      4      0 
 20250823    17:55:37       0   7033      4      0 
 20250823    17:55:37       1   7105      4      0 
 20250823    17:55:37       2   7105      4      0 
 20250823    17:55:37       3   7033      4      0 
#Date        Time         gpu     fb   bar1   ccpm 
#YYYYMMDD    HH:MM:SS     Idx     MB     MB     MB 
 20250823    17:55:42       0   7033      4      0 
 20250823    17:55:42       1   7105      4      0 
 20250823    17:55:42       2   7105      4      0 
 20250823    17:55:42       3   7033      4      0 
 20250823    17:55:47       0   7033      4      0 
 20250823    17:55:47       1   7105      4      0 
 20250823    17:55:47       2   7105      4      0 
 20250823    17:55:47       3   7033      4      0 
 20250823    17:55:52       0   7033      4      0 
 20250823    17:55:52       1   7105      4      0 
 20250823    17:55:52       2   7105      4      0 
 20250823    17:55:52       3   7033      4      0 
 20250823    17:55:57       0   7033      4      0 
 20250823    17:55:57       1   7105      4      0 
 20250823    17:55:57       2   7105      4      0 
 20250823    17:55:57       3   7033      4      0 
 20250823    17:56:02       0   7033      4      0 
 20250823    17:56:02       1   7105      4      0 
 20250823    17:56:02       2   7105      4      0 
 20250823    17:56:02       3   7033      4      0 
 20250823    17:56:07       0   7033      4      0 
 20250823    17:56:07       1   7105      4      0 
 20250823    17:56:07       2   7105      4      0 
 20250823    17:56:07       3   7033      4      0 
 20250823    17:56:12       0   7033      4      0 
 20250823    17:56:12       1   7105      4      0 
 20250823    17:56:12       2   7105      4      0 
 20250823    17:56:12       3   7033      4      0 
 20250823    17:56:17       0   7033      4      0 
 20250823    17:56:17       1   7105      4      0 
 20250823    17:56:17       2   7105      4      0 
 20250823    17:56:17       3   7033      4      0 
 20250823    17:56:22       0   7033      4      0 
 20250823    17:56:22       1   7105      4      0 
 20250823    17:56:22       2   7105      4      0 
 20250823    17:56:22       3   7033      4      0 
 20250823    17:56:27       0   7033      4      0 
 20250823    17:56:27       1   7105      4      0 
 20250823    17:56:27       2   7105      4      0 
 20250823    17:56:27       3   7033      4      0 
 20250823    17:56:32       0   7033      4      0 
 20250823    17:56:32       1   7105      4      0 
 20250823    17:56:32       2   7105      4      0 
 20250823    17:56:32       3   7033      4      0 
#Date        Time         gpu     fb   bar1   ccpm 
#YYYYMMDD    HH:MM:SS     Idx     MB     MB     MB 
 20250823    17:56:37       0   7033      4      0 
 20250823    17:56:37       1   7105      4      0 
 20250823    17:56:37       2   7105      4      0 
 20250823    17:56:37       3   7033      4      0 
 20250823    17:56:42       0   7033      4      0 
 20250823    17:56:42       1   7105      4      0 
 20250823    17:56:42       2   7105      4      0 
 20250823    17:56:42       3   7033      4      0 
 20250823    17:56:47       0   7033      4      0 
 20250823    17:56:47       1   7105      4      0 
 20250823    17:56:47       2   7105      4      0 
 20250823    17:56:47       3   7033      4      0 
 20250823    17:56:52       0   7033      4      0 
 20250823    17:56:52       1   7105      4      0 
 20250823    17:56:52       2   7105      4      0 
 20250823    17:56:52       3   7033      4      0 
 20250823    17:56:57       0   7033      4      0 
 20250823    17:56:57       1   7105      4      0 
 20250823    17:56:57       2   7105      4      0 
 20250823    17:56:57       3   7033      4      0 
 20250823    17:57:02       0   7033      4      0 
 20250823    17:57:02       1   7105      4      0 
 20250823    17:57:02       2   7105      4      0 
 20250823    17:57:02       3   7033      4      0 
 20250823    17:57:07       0   7033      4      0 
 20250823    17:57:07       1   7105      4      0 
 20250823    17:57:07       2   7105      4      0 
 20250823    17:57:07       3   7033      4      0 
 20250823    17:57:12       0   7033      4      0 
 20250823    17:57:12       1   7105      4      0 
 20250823    17:57:12       2   7105      4      0 
 20250823    17:57:12       3   7033      4      0 
 20250823    17:57:17       0   7033      4      0 
 20250823    17:57:17       1   7105      4      0 
 20250823    17:57:17       2   7105      4      0 
 20250823    17:57:17       3   7033      4      0 
 20250823    17:57:22       0   7033      4      0 
 20250823    17:57:22       1   7105      4      0 
 20250823    17:57:22       2   7105      4      0 
 20250823    17:57:22       3   7033      4      0 
 20250823    17:57:27       0   7033      4      0 
 20250823    17:57:27       1   7105      4      0 
 20250823    17:57:27       2   7105      4      0 
 20250823    17:57:27       3   7033      4      0 
#Date        Time         gpu     fb   bar1   ccpm 
#YYYYMMDD    HH:MM:SS     Idx     MB     MB     MB 
 20250823    17:57:32       0   7033      4      0 
 20250823    17:57:32       1   7105      4      0 
 20250823    17:57:32       2   7105      4      0 
 20250823    17:57:32       3   7033      4      0 
 20250823    17:57:37       0   7033      4      0 
 20250823    17:57:37       1   7105      4      0 
 20250823    17:57:37       2   7105      4      0 
 20250823    17:57:37       3   7033      4      0 
 20250823    17:57:42       0   7033      4      0 
 20250823    17:57:42       1   7105      4      0 
 20250823    17:57:42       2   7105      4      0 
 20250823    17:57:42       3   7033      4      0 
 20250823    17:57:47       0   7033      4      0 
 20250823    17:57:47       1   7105      4      0 
 20250823    17:57:47       2   7105      4      0 
 20250823    17:57:47       3   7033      4      0 
 20250823    17:57:52       0   7033      4      0 
 20250823    17:57:52       1   7105      4      0 
 20250823    17:57:52       2   7105      4      0 
 20250823    17:57:52       3   7033      4      0 
 20250823    17:57:57       0   7033      4      0 
 20250823    17:57:57       1   7105      4      0 
 20250823    17:57:57       2   7105      4      0 
 20250823    17:57:57       3   7033      4      0 
 20250823    17:58:02       0   7033      4      0 
 20250823    17:58:02       1   7105      4      0 
 20250823    17:58:02       2   7105      4      0 
 20250823    17:58:02       3   7033      4      0 
 20250823    17:58:07       0   7033      4      0 
 20250823    17:58:07       1   7105      4      0 
 20250823    17:58:07       2   7105      4      0 
 20250823    17:58:07       3   7033      4      0 
 20250823    17:58:12       0   7033      4      0 
 20250823    17:58:12       1   7105      4      0 
 20250823    17:58:12       2   7105      4      0 
 20250823    17:58:12       3   7033      4      0 
 20250823    17:58:17       0   7033      4      0 
 20250823    17:58:17       1   7105      4      0 
 20250823    17:58:17       2   7105      4      0 
 20250823    17:58:17       3   7033      4      0 
 20250823    17:58:22       0   7033      4      0 
 20250823    17:58:22       1   7105      4      0 
 20250823    17:58:22       2   7105      4      0 
 20250823    17:58:22       3   7033      4      0 
#Date        Time         gpu     fb   bar1   ccpm 
#YYYYMMDD    HH:MM:SS     Idx     MB     MB     MB 
 20250823    17:58:27       0   7033      4      0 
 20250823    17:58:27       1   7105      4      0 
 20250823    17:58:27       2   7105      4      0 
 20250823    17:58:27       3   7033      4      0 
 20250823    17:58:32       0   7033      4      0 
 20250823    17:58:32       1   7105      4      0 
 20250823    17:58:32       2   7105      4      0 
 20250823    17:58:32       3   7033      4      0 
 20250823    17:58:37       0   7033      4      0 
 20250823    17:58:37       1   7105      4      0 
 20250823    17:58:37       2   7105      4      0 
 20250823    17:58:37       3   7033      4      0 
 20250823    17:58:42       0   7033      4      0 
 20250823    17:58:42       1   7105      4      0 
 20250823    17:58:42       2   7105      4      0 
 20250823    17:58:42       3   7033      4      0 
 20250823    17:58:47       0   7033      4      0 
 20250823    17:58:47       1   7105      4      0 
 20250823    17:58:47       2   7105      4      0 
 20250823    17:58:47       3   7033      4      0 
 20250823    17:58:52       0   7033      4      0 
 20250823    17:58:52       1   7105      4      0 
 20250823    17:58:52       2   7105      4      0 
 20250823    17:58:52       3   7033      4      0 
 20250823    17:58:57       0   7033      4      0 
 20250823    17:58:57       1   7105      4      0 
 20250823    17:58:57       2   7105      4      0 
 20250823    17:58:57       3   7033      4      0 
 20250823    17:59:02       0   7033      4      0 
 20250823    17:59:02       1   7105      4      0 
 20250823    17:59:02       2   7105      4      0 
 20250823    17:59:02       3   7033      4      0 
 20250823    17:59:07       0   7033      4      0 
 20250823    17:59:07       1   7105      4      0 
 20250823    17:59:07       2   7105      4      0 
 20250823    17:59:07       3   7033      4      0 
 20250823    17:59:12       0   7033      4      0 
 20250823    17:59:12       1   7105      4      0 
 20250823    17:59:12       2   7105      4      0 
 20250823    17:59:12       3   7033      4      0 
 20250823    17:59:17       0   7033      4      0 
 20250823    17:59:17       1   7105      4      0 
 20250823    17:59:17       2   7105      4      0 
 20250823    17:59:17       3   7033      4      0 
#Date        Time         gpu     fb   bar1   ccpm 
#YYYYMMDD    HH:MM:SS     Idx     MB     MB     MB 
 20250823    17:59:22       0   7033      4      0 
 20250823    17:59:22       1   7105      4      0 
 20250823    17:59:22       2   7105      4      0 
 20250823    17:59:22       3   7033      4      0 
 20250823    17:59:27       0   7033      4      0 
 20250823    17:59:27       1   7105      4      0 
 20250823    17:59:27       2   7105      4      0 
 20250823    17:59:27       3   7033      4      0 
 20250823    17:59:32       0   7033      4      0 
 20250823    17:59:32       1   7105      4      0 
 20250823    17:59:32       2   7105      4      0 
 20250823    17:59:32       3   7033      4      0 
 20250823    17:59:37       0   7033      4      0 
 20250823    17:59:37       1   7105      4      0 
 20250823    17:59:37       2   7105      4      0 
 20250823    17:59:37       3   7033      4      0 
 20250823    17:59:42       0   7033      4      0 
 20250823    17:59:42       1   7105      4      0 
 20250823    17:59:42       2   7105      4      0 
 20250823    17:59:42       3   7033      4      0 
 20250823    17:59:47       0   7033      4      0 
 20250823    17:59:47       1   7105      4      0 
 20250823    17:59:47       2   7105      4      0 
 20250823    17:59:47       3   7033      4      0 
 20250823    17:59:52       0   7033      4      0 
 20250823    17:59:52       1   7105      4      0 
 20250823    17:59:52       2   7105      4      0 
 20250823    17:59:52       3   7033      4      0 
 20250823    17:59:57       0   7033      4      0 
 20250823    17:59:57       1   7105      4      0 
 20250823    17:59:57       2   7105      4      0 
 20250823    17:59:57       3   7033      4      0 
 20250823    18:00:02       0   7033      4      0 
 20250823    18:00:02       1   7105      4      0 
 20250823    18:00:02       2   7105      4      0 
 20250823    18:00:02       3   7033      4      0 
 20250823    18:00:07       0   7033      4      0 
 20250823    18:00:07       1   7105      4      0 
 20250823    18:00:07       2   7105      4      0 
 20250823    18:00:07       3   7033      4      0 
 20250823    18:00:12       0   7033      4      0 
 20250823    18:00:12       1   7105      4      0 
 20250823    18:00:12       2   7105      4      0 
 20250823    18:00:12       3   7033      4      0 
#Date        Time         gpu     fb   bar1   ccpm 
#YYYYMMDD    HH:MM:SS     Idx     MB     MB     MB 
 20250823    18:00:17       0   7033      4      0 
 20250823    18:00:17       1   7105      4      0 
 20250823    18:00:17       2   7105      4      0 
 20250823    18:00:17       3   7033      4      0 
 20250823    18:00:22       0   7033      4      0 
 20250823    18:00:22       1   7105      4      0 
 20250823    18:00:22       2   7105      4      0 
 20250823    18:00:22       3   7033      4      0 
 20250823    18:00:27       0   7033      4      0 
 20250823    18:00:27       1   7105      4      0 
 20250823    18:00:27       2   7105      4      0 
 20250823    18:00:27       3   7033      4      0 
 20250823    18:00:32       0   7033      4      0 
 20250823    18:00:32       1   7105      4      0 
 20250823    18:00:32       2   7105      4      0 
 20250823    18:00:32       3   7033      4      0 
 20250823    18:00:37       0   7033      4      0 
 20250823    18:00:37       1   7105      4      0 
 20250823    18:00:37       2   7105      4      0 
 20250823    18:00:37       3   7033      4      0 
 20250823    18:00:42       0   7033      4      0 
 20250823    18:00:42       1   7105      4      0 
 20250823    18:00:42       2   7105      4      0 
 20250823    18:00:42       3   7033      4      0 
 20250823    18:00:47       0   7033      4      0 
 20250823    18:00:47       1   7105      4      0 
 20250823    18:00:47       2   7105      4      0 
 20250823    18:00:47       3   7033      4      0 
 20250823    18:00:52       0   7033      4      0 
 20250823    18:00:52       1   7105      4      0 
 20250823    18:00:52       2   7105      4      0 
 20250823    18:00:52       3   7033      4      0 
 20250823    18:00:57       0   7033      4      0 
 20250823    18:00:57       1   7105      4      0 
 20250823    18:00:57       2   7105      4      0 
 20250823    18:00:57       3   7033      4      0 
 20250823    18:01:02       0   7033      4      0 
 20250823    18:01:02       1   7105      4      0 
 20250823    18:01:02       2   7105      4      0 
 20250823    18:01:02       3   7033      4      0 
 20250823    18:01:07       0   7033      4      0 
 20250823    18:01:07       1   7105      4      0 
 20250823    18:01:07       2   7105      4      0 
 20250823    18:01:07       3   7033      4      0 
#Date        Time         gpu     fb   bar1   ccpm 
#YYYYMMDD    HH:MM:SS     Idx     MB     MB     MB 
 20250823    18:01:12       0   7033      4      0 
 20250823    18:01:12       1   7105      4      0 
 20250823    18:01:12       2   7105      4      0 
 20250823    18:01:12       3   7033      4      0 
 20250823    18:01:17       0   7033      4      0 
 20250823    18:01:17       1   7105      4      0 
 20250823    18:01:17       2   7105      4      0 
 20250823    18:01:17       3   7033      4      0 
 20250823    18:01:22       0   7033      4      0 
 20250823    18:01:22       1   7105      4      0 
 20250823    18:01:22       2   7105      4      0 
 20250823    18:01:22       3   7033      4      0 
 20250823    18:01:27       0   7033      4      0 
 20250823    18:01:27       1   7105      4      0 
 20250823    18:01:27       2   7105      4      0 
 20250823    18:01:27       3   7033      4      0 
 20250823    18:01:32       0   7033      4      0 
 20250823    18:01:32       1   7105      4      0 
 20250823    18:01:32       2   7105      4      0 
 20250823    18:01:32       3   7033      4      0 
 20250823    18:01:37       0   7033      4      0 
 20250823    18:01:37       1   7105      4      0 
 20250823    18:01:37       2   7105      4      0 
 20250823    18:01:37       3   7033      4      0 
 20250823    18:01:42       0   7033      4      0 
 20250823    18:01:42       1   7105      4      0 
 20250823    18:01:42       2   7105      4      0 
 20250823    18:01:42       3   7033      4      0 
 20250823    18:01:47       0   7033      4      0 
 20250823    18:01:47       1   7105      4      0 
 20250823    18:01:47       2   7105      4      0 
 20250823    18:01:47       3   7033      4      0 
 20250823    18:01:52       0   7033      4      0 
 20250823    18:01:52       1   7105      4      0 
 20250823    18:01:52       2   7105      4      0 
 20250823    18:01:52       3   7033      4      0 
 20250823    18:01:57       0   7033      4      0 
 20250823    18:01:57       1   7105      4      0 
 20250823    18:01:57       2   7105      4      0 
 20250823    18:01:57       3   7033      4      0 
 20250823    18:02:02       0   7033      4      0 
 20250823    18:02:02       1   7105      4      0 
 20250823    18:02:02       2   7105      4      0 
 20250823    18:02:02       3   7033      4      0 
#Date        Time         gpu     fb   bar1   ccpm 
#YYYYMMDD    HH:MM:SS     Idx     MB     MB     MB 
 20250823    18:02:07       0   7033      4      0 
 20250823    18:02:07       1   7105      4      0 
 20250823    18:02:07       2   7105      4      0 
 20250823    18:02:07       3   7033      4      0 
 20250823    18:02:12       0   7033      4      0 
 20250823    18:02:12       1   7105      4      0 
 20250823    18:02:12       2   7105      4      0 
 20250823    18:02:12       3   7033      4      0 
 20250823    18:02:17       0   7033      4      0 
 20250823    18:02:17       1   7105      4      0 
 20250823    18:02:17       2   7105      4      0 
 20250823    18:02:17       3   7033      4      0 
 20250823    18:02:22       0   7033      4      0 
 20250823    18:02:22       1   7105      4      0 
 20250823    18:02:22       2   7105      4      0 
 20250823    18:02:22       3   7033      4      0 
 20250823    18:02:27       0   7033      4      0 
 20250823    18:02:27       1   7105      4      0 
 20250823    18:02:27       2   7105      4      0 
 20250823    18:02:27       3   7033      4      0 
 20250823    18:02:32       0   7033      4      0 
 20250823    18:02:32       1   7105      4      0 
 20250823    18:02:32       2   7105      4      0 
 20250823    18:02:32       3   7033      4      0 
 20250823    18:02:37       0   7033      4      0 
 20250823    18:02:37       1   7105      4      0 
 20250823    18:02:37       2   7105      4      0 
 20250823    18:02:37       3   7033      4      0 
 20250823    18:02:42       0   7033      4      0 
 20250823    18:02:42       1   7105      4      0 
 20250823    18:02:42       2   7105      4      0 
 20250823    18:02:42       3   7033      4      0 
 20250823    18:02:47       0   7033      4      0 
 20250823    18:02:47       1   7105      4      0 
 20250823    18:02:47       2   7105      4      0 
 20250823    18:02:47       3   7033      4      0 
 20250823    18:02:52       0   7033      4      0 
 20250823    18:02:52       1   7105      4      0 
 20250823    18:02:52       2   7105      4      0 
 20250823    18:02:52       3   7033      4      0 
 20250823    18:02:57       0   7033      4      0 
 20250823    18:02:57       1   7105      4      0 
 20250823    18:02:57       2   7105      4      0 
 20250823    18:02:57       3   7033      4      0 
#Date        Time         gpu     fb   bar1   ccpm 
#YYYYMMDD    HH:MM:SS     Idx     MB     MB     MB 
 20250823    18:03:02       0   7033      4      0 
 20250823    18:03:02       1   7105      4      0 
 20250823    18:03:02       2   7105      4      0 
 20250823    18:03:02       3   7033      4      0 
 20250823    18:03:07       0   7033      4      0 
 20250823    18:03:07       1   7105      4      0 
 20250823    18:03:07       2   7105      4      0 
 20250823    18:03:07       3   7033      4      0 
 20250823    18:03:13       0   7033      4      0 
 20250823    18:03:13       1   7105      4      0 
 20250823    18:03:13       2   7105      4      0 
 20250823    18:03:13       3   7033      4      0 
 20250823    18:03:18       0   7033      4      0 
 20250823    18:03:18       1   7105      4      0 
 20250823    18:03:18       2   7105      4      0 
 20250823    18:03:18       3   7033      4      0 
 20250823    18:03:23       0   7033      4      0 
 20250823    18:03:23       1   7105      4      0 
 20250823    18:03:23       2   7105      4      0 
 20250823    18:03:23       3   7033      4      0 
 20250823    18:03:28       0   7033      4      0 
 20250823    18:03:28       1   7105      4      0 
 20250823    18:03:28       2   7105      4      0 
 20250823    18:03:28       3   7033      4      0 
 20250823    18:03:33       0   7033      4      0 
 20250823    18:03:33       1   7105      4      0 
 20250823    18:03:33       2   7105      4      0 
 20250823    18:03:33       3   7033      4      0 
 20250823    18:03:38       0   7033      4      0 
 20250823    18:03:38       1   7105      4      0 
 20250823    18:03:38       2   7105      4      0 
 20250823    18:03:38       3   7033      4      0 
 20250823    18:03:43       0   7033      4      0 
 20250823    18:03:43       1   7105      4      0 
 20250823    18:03:43       2   7105      4      0 
 20250823    18:03:43       3   7033      4      0 
 20250823    18:03:48       0   7033      4      0 
 20250823    18:03:48       1   7105      4      0 
 20250823    18:03:48       2   7105      4      0 
 20250823    18:03:48       3   7033      4      0 
 20250823    18:03:53       0   7033      4      0 
 20250823    18:03:53       1   7105      4      0 
 20250823    18:03:53       2   7105      4      0 
 20250823    18:03:53       3   7033      4      0 
#Date        Time         gpu     fb   bar1   ccpm 
#YYYYMMDD    HH:MM:SS     Idx     MB     MB     MB 
 20250823    18:03:58       0   7033      4      0 
 20250823    18:03:58       1   7105      4      0 
 20250823    18:03:58       2   7105      4      0 
 20250823    18:03:58       3   7033      4      0 
 20250823    18:04:03       0   7033      4      0 
 20250823    18:04:03       1   7105      4      0 
 20250823    18:04:03       2   7105      4      0 
 20250823    18:04:03       3   7033      4      0 
 20250823    18:04:08       0   7033      4      0 
 20250823    18:04:08       1   7105      4      0 
 20250823    18:04:08       2   7105      4      0 
 20250823    18:04:08       3   7033      4      0 
 20250823    18:04:13       0   7033      4      0 
 20250823    18:04:13       1   7105      4      0 
 20250823    18:04:13       2   7105      4      0 
 20250823    18:04:13       3   7033      4      0 
 20250823    18:04:18       0   7033      4      0 
 20250823    18:04:18       1   7105      4      0 
 20250823    18:04:18       2   7105      4      0 
 20250823    18:04:18       3   7033      4      0 
 20250823    18:04:23       0   7033      4      0 
 20250823    18:04:23       1   7105      4      0 
 20250823    18:04:23       2   7105      4      0 
 20250823    18:04:23       3   7033      4      0 
 20250823    18:04:28       0   7033      4      0 
 20250823    18:04:28       1   7105      4      0 
 20250823    18:04:28       2   7105      4      0 
 20250823    18:04:28       3   7033      4      0 
 20250823    18:04:33       0   7033      4      0 
 20250823    18:04:33       1   7105      4      0 
 20250823    18:04:33       2   7105      4      0 
 20250823    18:04:33       3   7033      4      0 
 20250823    18:04:38       0   7033      4      0 
 20250823    18:04:38       1   7105      4      0 
 20250823    18:04:38       2   7105      4      0 
 20250823    18:04:38       3   7033      4      0 
 20250823    18:04:43       0   7033      4      0 
 20250823    18:04:43       1   7105      4      0 
 20250823    18:04:43       2   7105      4      0 
 20250823    18:04:43       3   7033      4      0 
 20250823    18:04:48       0   7033      4      0 
 20250823    18:04:48       1   7105      4      0 
 20250823    18:04:48       2   7105      4      0 
 20250823    18:04:48       3   7033      4      0 
#Date        Time         gpu     fb   bar1   ccpm 
#YYYYMMDD    HH:MM:SS     Idx     MB     MB     MB 
 20250823    18:04:53       0   7033      4      0 
 20250823    18:04:53       1   7105      4      0 
 20250823    18:04:53       2   7105      4      0 
 20250823    18:04:53       3   7033      4      0 
 20250823    18:04:58       0   7033      4      0 
 20250823    18:04:58       1   7105      4      0 
 20250823    18:04:58       2   7105      4      0 
 20250823    18:04:58       3   7033      4      0 
 20250823    18:05:03       0   7033      4      0 
 20250823    18:05:03       1   7105      4      0 
 20250823    18:05:03       2   7105      4      0 
 20250823    18:05:03       3   7033      4      0 
 20250823    18:05:08       0   7033      4      0 
 20250823    18:05:08       1   7105      4      0 
 20250823    18:05:08       2   7105      4      0 
 20250823    18:05:08       3   7033      4      0 
 20250823    18:05:13       0   7033      4      0 
 20250823    18:05:13       1   7105      4      0 
 20250823    18:05:13       2   7105      4      0 
 20250823    18:05:13       3   7033      4      0 
 20250823    18:05:18       0   7033      4      0 
 20250823    18:05:18       1   7105      4      0 
 20250823    18:05:18       2   7105      4      0 
 20250823    18:05:18       3   7033      4      0 
 20250823    18:05:23       0   7033      4      0 
 20250823    18:05:23       1   7105      4      0 
 20250823    18:05:23       2   7105      4      0 
 20250823    18:05:23       3   7033      4      0 
 20250823    18:05:28       0   7033      4      0 
 20250823    18:05:28       1   7105      4      0 
 20250823    18:05:28       2   7105      4      0 
 20250823    18:05:28       3   7033      4      0 
 20250823    18:05:33       0   7033      4      0 
 20250823    18:05:33       1   7105      4      0 
 20250823    18:05:33       2   7105      4      0 
 20250823    18:05:33       3   7033      4      0 
 20250823    18:05:38       0   7033      4      0 
 20250823    18:05:38       1   7105      4      0 
 20250823    18:05:38       2   7105      4      0 
 20250823    18:05:38       3   7033      4      0 
 20250823    18:05:43       0   7033      4      0 
 20250823    18:05:43       1   7105      4      0 
 20250823    18:05:43       2   7105      4      0 
 20250823    18:05:43       3   7033      4      0 
#Date        Time         gpu     fb   bar1   ccpm 
#YYYYMMDD    HH:MM:SS     Idx     MB     MB     MB 
 20250823    18:05:48       0   7033      4      0 
 20250823    18:05:48       1   7105      4      0 
 20250823    18:05:48       2   7105      4      0 
 20250823    18:05:48       3   7033      4      0 
 20250823    18:05:53       0   7033      4      0 
 20250823    18:05:53       1   7105      4      0 
 20250823    18:05:53       2   7105      4      0 
 20250823    18:05:53       3   7033      4      0 
 20250823    18:05:58       0   7033      4      0 
 20250823    18:05:58       1   7105      4      0 
 20250823    18:05:58       2   7105      4      0 
 20250823    18:05:58       3   7033      4      0 
 20250823    18:06:03       0   7033      4      0 
 20250823    18:06:03       1   7105      4      0 
 20250823    18:06:03       2   7105      4      0 
 20250823    18:06:03       3   7033      4      0 
 20250823    18:06:08       0   7033      4      0 
 20250823    18:06:08       1   7105      4      0 
 20250823    18:06:08       2   7105      4      0 
 20250823    18:06:08       3   7033      4      0 
 20250823    18:06:13       0   7033      4      0 
 20250823    18:06:13       1   7105      4      0 
 20250823    18:06:13       2   7105      4      0 
 20250823    18:06:13       3   7033      4      0 
 20250823    18:06:18       0   7033      4      0 
 20250823    18:06:18       1   7105      4      0 
 20250823    18:06:18       2   7105      4      0 
 20250823    18:06:18       3   7033      4      0 
 20250823    18:06:23       0   7033      4      0 
 20250823    18:06:23       1   7105      4      0 
 20250823    18:06:23       2   7105      4      0 
 20250823    18:06:23       3   7033      4      0 
 20250823    18:06:28       0   7033      4      0 
 20250823    18:06:28       1   7105      4      0 
 20250823    18:06:28       2   7105      4      0 
 20250823    18:06:28       3   7033      4      0 
 20250823    18:06:33       0   7033      4      0 
 20250823    18:06:33       1   7105      4      0 
 20250823    18:06:33       2   7105      4      0 
 20250823    18:06:33       3   7033      4      0 
 20250823    18:06:38       0   7033      4      0 
 20250823    18:06:38       1   7105      4      0 
 20250823    18:06:38       2   7105      4      0 
 20250823    18:06:38       3   7033      4      0 
#Date        Time         gpu     fb   bar1   ccpm 
#YYYYMMDD    HH:MM:SS     Idx     MB     MB     MB 
 20250823    18:06:43       0   7033      4      0 
 20250823    18:06:43       1   7105      4      0 
 20250823    18:06:43       2   7105      4      0 
 20250823    18:06:43       3   7033      4      0 
 20250823    18:06:48       0   7033      4      0 
 20250823    18:06:48       1   7105      4      0 
 20250823    18:06:48       2   7105      4      0 
 20250823    18:06:48       3   7033      4      0 
 20250823    18:06:53       0   7033      4      0 
 20250823    18:06:53       1   7105      4      0 
 20250823    18:06:53       2   7105      4      0 
 20250823    18:06:53       3   7033      4      0 
 20250823    18:06:58       0   7033      4      0 
 20250823    18:06:58       1   7105      4      0 
 20250823    18:06:58       2   7105      4      0 
 20250823    18:06:58       3   7033      4      0 
 20250823    18:07:03       0   7033      4      0 
 20250823    18:07:03       1   7105      4      0 
 20250823    18:07:03       2   7105      4      0 
 20250823    18:07:03       3   7033      4      0 
 20250823    18:07:08       0   7033      4      0 
 20250823    18:07:08       1   7105      4      0 
 20250823    18:07:08       2   7105      4      0 
 20250823    18:07:08       3   7033      4      0 
 20250823    18:07:13       0   7033      4      0 
 20250823    18:07:13       1   7105      4      0 
 20250823    18:07:13       2   7105      4      0 
 20250823    18:07:13       3   7033      4      0 
 20250823    18:07:18       0   7033      4      0 
 20250823    18:07:18       1   7105      4      0 
 20250823    18:07:18       2   7105      4      0 
 20250823    18:07:18       3   7033      4      0 
 20250823    18:07:23       0   7033      4      0 
 20250823    18:07:23       1   7105      4      0 
 20250823    18:07:23       2   7105      4      0 
 20250823    18:07:23       3   7033      4      0 
 20250823    18:07:28       0   7033      4      0 
 20250823    18:07:28       1   7105      4      0 
 20250823    18:07:28       2   7105      4      0 
 20250823    18:07:28       3   7033      4      0 
 20250823    18:07:33       0   7033      4      0 
 20250823    18:07:33       1   7105      4      0 
 20250823    18:07:33       2   7105      4      0 
 20250823    18:07:33       3   7033      4      0 
#Date        Time         gpu     fb   bar1   ccpm 
#YYYYMMDD    HH:MM:SS     Idx     MB     MB     MB 
 20250823    18:07:38       0   7033      4      0 
 20250823    18:07:38       1   7105      4      0 
 20250823    18:07:38       2   7105      4      0 
 20250823    18:07:38       3   7033      4      0 
 20250823    18:07:43       0   7033      4      0 
 20250823    18:07:43       1   7105      4      0 
 20250823    18:07:43       2   7105      4      0 
 20250823    18:07:43       3   7033      4      0 
 20250823    18:07:48       0   7033      4      0 
 20250823    18:07:48       1   7105      4      0 
 20250823    18:07:48       2   7105      4      0 
 20250823    18:07:48       3   7033      4      0 
 20250823    18:07:53       0   7033      4      0 
 20250823    18:07:53       1   7105      4      0 
 20250823    18:07:53       2   7105      4      0 
 20250823    18:07:53       3   7033      4      0 
 20250823    18:07:58       0   7033      4      0 
 20250823    18:07:58       1   7105      4      0 
 20250823    18:07:58       2   7105      4      0 
 20250823    18:07:58       3   7033      4      0 
 20250823    18:08:03       0   7033      4      0 
 20250823    18:08:03       1   7105      4      0 
 20250823    18:08:03       2   7105      4      0 
 20250823    18:08:03       3   7033      4      0 
 20250823    18:08:08       0   7033      4      0 
 20250823    18:08:08       1   7105      4      0 
 20250823    18:08:08       2   7105      4      0 
 20250823    18:08:08       3   7033      4      0 
 20250823    18:08:13       0   7033      4      0 
 20250823    18:08:13       1   7105      4      0 
 20250823    18:08:13       2   7105      4      0 
 20250823    18:08:13       3   7033      4      0 
 20250823    18:08:18       0   7033      4      0 
 20250823    18:08:18       1   7105      4      0 
 20250823    18:08:18       2   7105      4      0 
 20250823    18:08:18       3   7033      4      0 
 20250823    18:08:23       0   7033      4      0 
 20250823    18:08:23       1   7105      4      0 
 20250823    18:08:23       2   7105      4      0 
 20250823    18:08:23       3   7033      4      0 
 20250823    18:08:28       0   7033      4      0 
 20250823    18:08:28       1   7105      4      0 
 20250823    18:08:28       2   7105      4      0 
 20250823    18:08:28       3   7033      4      0 
#Date        Time         gpu     fb   bar1   ccpm 
#YYYYMMDD    HH:MM:SS     Idx     MB     MB     MB 
 20250823    18:08:33       0   7033      4      0 
 20250823    18:08:33       1   7105      4      0 
 20250823    18:08:33       2   7105      4      0 
 20250823    18:08:33       3   7033      4      0 
 20250823    18:08:38       0   7033      4      0 
 20250823    18:08:38       1   7105      4      0 
 20250823    18:08:38       2   7105      4      0 
 20250823    18:08:38       3   7033      4      0 
 20250823    18:08:43       0   7033      4      0 
 20250823    18:08:43       1   7105      4      0 
 20250823    18:08:43       2   7105      4      0 
 20250823    18:08:43       3   7033      4      0 
 20250823    18:08:48       0   7033      4      0 
 20250823    18:08:48       1   7105      4      0 
 20250823    18:08:48       2   7105      4      0 
 20250823    18:08:48       3   7033      4      0 
 20250823    18:08:53       0   7033      4      0 
 20250823    18:08:53       1   7105      4      0 
 20250823    18:08:53       2   7105      4      0 
 20250823    18:08:53       3   7033      4      0 
 20250823    18:08:58       0   7033      4      0 
 20250823    18:08:58       1   7105      4      0 
 20250823    18:08:58       2   7105      4      0 
 20250823    18:08:58       3   7033      4      0 
 20250823    18:09:03       0   7033      4      0 
 20250823    18:09:03       1   7105      4      0 
 20250823    18:09:03       2   7105      4      0 
 20250823    18:09:03       3   7033      4      0 
 20250823    18:09:08       0   7033      4      0 
 20250823    18:09:08       1   7105      4      0 
 20250823    18:09:08       2   7105      4      0 
 20250823    18:09:08       3   7033      4      0 
 20250823    18:09:13       0   7033      4      0 
 20250823    18:09:13       1   7105      4      0 
 20250823    18:09:13       2   7105      4      0 
 20250823    18:09:13       3   7033      4      0 
 20250823    18:09:18       0   7033      4      0 
 20250823    18:09:18       1   7105      4      0 
 20250823    18:09:18       2   7105      4      0 
 20250823    18:09:18       3   7033      4      0 
 20250823    18:09:23       0   7033      4      0 
 20250823    18:09:23       1   7105      4      0 
 20250823    18:09:23       2   7105      4      0 
 20250823    18:09:23       3   7033      4      0 
#Date        Time         gpu     fb   bar1   ccpm 
#YYYYMMDD    HH:MM:SS     Idx     MB     MB     MB 
 20250823    18:09:28       0   7033      4      0 
 20250823    18:09:28       1   7105      4      0 
 20250823    18:09:28       2   7105      4      0 
 20250823    18:09:28       3   7033      4      0 
 20250823    18:09:33       0   7033      4      0 
 20250823    18:09:33       1   7105      4      0 
 20250823    18:09:33       2   7105      4      0 
 20250823    18:09:33       3   7033      4      0 
 20250823    18:09:38       0   7033      4      0 
 20250823    18:09:38       1   7105      4      0 
 20250823    18:09:38       2   7105      4      0 
 20250823    18:09:38       3   7033      4      0 
 20250823    18:09:43       0   7033      4      0 
 20250823    18:09:43       1   7105      4      0 
 20250823    18:09:43       2   7105      4      0 
 20250823    18:09:43       3   7033      4      0 
 20250823    18:09:48       0   7033      4      0 
 20250823    18:09:48       1   7105      4      0 
 20250823    18:09:48       2   7105      4      0 
 20250823    18:09:48       3   7033      4      0 
 20250823    18:09:53       0   7033      4      0 
 20250823    18:09:53       1   7105      4      0 
 20250823    18:09:53       2   7105      4      0 
 20250823    18:09:53       3   7033      4      0 
 20250823    18:09:58       0      4      2      0 
 20250823    18:09:58       1      4      2      0 
 20250823    18:09:58       2      4      2      0 
 20250823    18:09:58       3      4      2      0 
