#Date        Time         gpu     fb   bar1   ccpm 
#YYYYMMDD    HH:MM:SS     Idx     MB     MB     MB 
 20250824    18:12:08       0      0      1      0 
 20250824    18:12:08       1      0      1      0 
 20250824    18:12:08       2      0      1      0 
 20250824    18:12:08       3      0      1      0 
 20250824    18:12:13       0      4      2      0 
 20250824    18:12:13       1      4      2      0 
 20250824    18:12:13       2      4      2      0 
 20250824    18:12:13       3      4      2      0 
 20250824    18:12:18       0      4      2      0 
 20250824    18:12:18       1      4      2      0 
 20250824    18:12:18       2      4      2      0 
 20250824    18:12:18       3      4      2      0 
 20250824    18:12:23       0      4      2      0 
 20250824    18:12:23       1    425      4      0 
 20250824    18:12:23       2    425      4      0 
 20250824    18:12:23       3    425      4      0 
 20250824    18:12:28       0      4      2      0 
 20250824    18:12:28       1    425      4      0 
 20250824    18:12:28       2    425      4      0 
 20250824    18:12:28       3    425      4      0 
 20250824    18:12:33       0      4      2      0 
 20250824    18:12:33       1    425      4      0 
 20250824    18:12:33       2    425      4      0 
 20250824    18:12:33       3    425      4      0 
 20250824    18:12:38       0      4      2      0 
 20250824    18:12:38       1    425      4      0 
 20250824    18:12:38       2    425      4      0 
 20250824    18:12:38       3    425      4      0 
 20250824    18:12:43       0      4      2      0 
 20250824    18:12:43       1    425      4      0 
 20250824    18:12:43       2    425      4      0 
 20250824    18:12:43       3    425      4      0 
 20250824    18:12:48       0      4      2      0 
 20250824    18:12:48       1    425      4      0 
 20250824    18:12:48       2    425      4      0 
 20250824    18:12:48       3    425      4      0 
 20250824    18:12:53       0      4      2      0 
 20250824    18:12:53       1    425      4      0 
 20250824    18:12:53       2    425      4      0 
 20250824    18:12:53       3    425      4      0 
 20250824    18:12:58       0      4      2      0 
 20250824    18:12:58       1    425      4      0 
 20250824    18:12:58       2    425      4      0 
 20250824    18:12:58       3    425      4      0 
#Date        Time         gpu     fb   bar1   ccpm 
#YYYYMMDD    HH:MM:SS     Idx     MB     MB     MB 
 20250824    18:13:03       0      4      2      0 
 20250824    18:13:03       1    425      4      0 
 20250824    18:13:03       2    425      4      0 
 20250824    18:13:03       3    425      4      0 
 20250824    18:13:08       0      4      2      0 
 20250824    18:13:08       1    425      4      0 
 20250824    18:13:08       2    425      4      0 
 20250824    18:13:08       3    425      4      0 
 20250824    18:13:13       0      4      2      0 
 20250824    18:13:13       1    425      4      0 
 20250824    18:13:13       2    425      4      0 
 20250824    18:13:13       3    425      4      0 
 20250824    18:13:18       0      4      2      0 
 20250824    18:13:18       1    425      4      0 
 20250824    18:13:18       2    425      4      0 
 20250824    18:13:18       3    425      4      0 
 20250824    18:13:23       0      4      2      0 
 20250824    18:13:23       1    425      4      0 
 20250824    18:13:23       2    425      4      0 
 20250824    18:13:23       3    425      4      0 
 20250824    18:13:28       0      4      2      0 
 20250824    18:13:28       1    425      4      0 
 20250824    18:13:28       2    425      4      0 
 20250824    18:13:28       3    425      4      0 
 20250824    18:13:33       0      4      2      0 
 20250824    18:13:33       1    425      4      0 
 20250824    18:13:33       2    425      4      0 
 20250824    18:13:33       3    425      4      0 
 20250824    18:13:38       0      4      2      0 
 20250824    18:13:38       1    425      4      0 
 20250824    18:13:38       2    425      4      0 
 20250824    18:13:38       3    425      4      0 
 20250824    18:13:43       0      4      2      0 
 20250824    18:13:43       1    425      4      0 
 20250824    18:13:43       2    425      4      0 
 20250824    18:13:43       3    425      4      0 
 20250824    18:13:48       0      4      2      0 
 20250824    18:13:48       1    425      4      0 
 20250824    18:13:48       2    425      4      0 
 20250824    18:13:48       3    425      4      0 
 20250824    18:13:53       0      4      2      0 
 20250824    18:13:53       1    425      4      0 
 20250824    18:13:53       2    425      4      0 
 20250824    18:13:53       3    425      4      0 
#Date        Time         gpu     fb   bar1   ccpm 
#YYYYMMDD    HH:MM:SS     Idx     MB     MB     MB 
 20250824    18:13:58       0      4      2      0 
 20250824    18:13:58       1    425      4      0 
 20250824    18:13:58       2    425      4      0 
 20250824    18:13:58       3    425      4      0 
 20250824    18:14:03       0      4      2      0 
 20250824    18:14:03       1    425      4      0 
 20250824    18:14:03       2    425      4      0 
 20250824    18:14:03       3    425      4      0 
 20250824    18:14:08       0      4      2      0 
 20250824    18:14:08       1    425      4      0 
 20250824    18:14:08       2    425      4      0 
 20250824    18:14:08       3    425      4      0 
 20250824    18:14:13       0      4      2      0 
 20250824    18:14:13       1    425      4      0 
 20250824    18:14:13       2    425      4      0 
 20250824    18:14:13       3    425      4      0 
 20250824    18:14:18       0      4      2      0 
 20250824    18:14:18       1    425      4      0 
 20250824    18:14:18       2    425      4      0 
 20250824    18:14:18       3    425      4      0 
 20250824    18:14:23       0      4      2      0 
 20250824    18:14:23       1    425      4      0 
 20250824    18:14:23       2    425      4      0 
 20250824    18:14:23       3    425      4      0 
 20250824    18:14:28       0      4      2      0 
 20250824    18:14:28       1    425      4      0 
 20250824    18:14:28       2    425      4      0 
 20250824    18:14:28       3    425      4      0 
 20250824    18:14:33       0      4      2      0 
 20250824    18:14:33       1    425      4      0 
 20250824    18:14:33       2    425      4      0 
 20250824    18:14:33       3    425      4      0 
 20250824    18:14:38       0      4      2      0 
 20250824    18:14:38       1    425      4      0 
 20250824    18:14:38       2    425      4      0 
 20250824    18:14:38       3    425      4      0 
 20250824    18:14:43       0      4      2      0 
 20250824    18:14:43       1    425      4      0 
 20250824    18:14:43       2    425      4      0 
 20250824    18:14:43       3    425      4      0 
 20250824    18:14:48       0      4      2      0 
 20250824    18:14:48       1    425      4      0 
 20250824    18:14:48       2    425      4      0 
 20250824    18:14:48       3    425      4      0 
#Date        Time         gpu     fb   bar1   ccpm 
#YYYYMMDD    HH:MM:SS     Idx     MB     MB     MB 
 20250824    18:14:53       0      4      2      0 
 20250824    18:14:53       1    425      4      0 
 20250824    18:14:53       2    425      4      0 
 20250824    18:14:53       3    425      4      0 
 20250824    18:14:58       0      4      2      0 
 20250824    18:14:58       1    425      4      0 
 20250824    18:14:58       2    425      4      0 
 20250824    18:14:58       3    425      4      0 
 20250824    18:15:03       0      4      2      0 
 20250824    18:15:03       1    425      4      0 
 20250824    18:15:03       2    425      4      0 
 20250824    18:15:03       3    425      4      0 
 20250824    18:15:08       0      4      2      0 
 20250824    18:15:08       1    425      4      0 
 20250824    18:15:08       2    425      4      0 
 20250824    18:15:08       3    425      4      0 
 20250824    18:15:13       0      4      2      0 
 20250824    18:15:13       1    425      4      0 
 20250824    18:15:13       2    425      4      0 
 20250824    18:15:13       3    425      4      0 
 20250824    18:15:18       0      4      2      0 
 20250824    18:15:18       1    425      4      0 
 20250824    18:15:18       2    425      4      0 
 20250824    18:15:18       3    425      4      0 
 20250824    18:15:23       0      4      2      0 
 20250824    18:15:23       1    425      4      0 
 20250824    18:15:23       2    425      4      0 
 20250824    18:15:23       3    425      4      0 
 20250824    18:15:28       0      4      2      0 
 20250824    18:15:28       1    425      4      0 
 20250824    18:15:28       2    425      4      0 
 20250824    18:15:28       3    425      4      0 
 20250824    18:15:33       0      4      2      0 
 20250824    18:15:33       1    425      4      0 
 20250824    18:15:33       2    425      4      0 
 20250824    18:15:33       3    425      4      0 
 20250824    18:15:38       0      4      2      0 
 20250824    18:15:38       1    425      4      0 
 20250824    18:15:38       2    425      4      0 
 20250824    18:15:38       3    425      4      0 
 20250824    18:15:43       0      4      2      0 
 20250824    18:15:43       1    425      4      0 
 20250824    18:15:43       2    425      4      0 
 20250824    18:15:43       3    425      4      0 
#Date        Time         gpu     fb   bar1   ccpm 
#YYYYMMDD    HH:MM:SS     Idx     MB     MB     MB 
 20250824    18:15:48       0      4      2      0 
 20250824    18:15:48       1    425      4      0 
 20250824    18:15:48       2    425      4      0 
 20250824    18:15:48       3    425      4      0 
 20250824    18:15:53       0      4      2      0 
 20250824    18:15:53       1    425      4      0 
 20250824    18:15:53       2    425      4      0 
 20250824    18:15:53       3    425      4      0 
 20250824    18:15:58       0      4      2      0 
 20250824    18:15:58       1    425      4      0 
 20250824    18:15:58       2    425      4      0 
 20250824    18:15:58       3    425      4      0 
 20250824    18:16:03       0      4      2      0 
 20250824    18:16:03       1    425      4      0 
 20250824    18:16:03       2    425      4      0 
 20250824    18:16:03       3    425      4      0 
 20250824    18:16:08       0      4      2      0 
 20250824    18:16:08       1    425      4      0 
 20250824    18:16:08       2    425      4      0 
 20250824    18:16:08       3    425      4      0 
 20250824    18:16:13       0      4      2      0 
 20250824    18:16:13       1    425      4      0 
 20250824    18:16:13       2    425      4      0 
 20250824    18:16:13       3    425      4      0 
 20250824    18:16:18       0      4      2      0 
 20250824    18:16:18       1    425      4      0 
 20250824    18:16:18       2    425      4      0 
 20250824    18:16:18       3    425      4      0 
 20250824    18:16:23       0      4      2      0 
 20250824    18:16:23       1    425      4      0 
 20250824    18:16:23       2    425      4      0 
 20250824    18:16:23       3    425      4      0 
 20250824    18:16:28       0      4      2      0 
 20250824    18:16:28       1    425      4      0 
 20250824    18:16:28       2    425      4      0 
 20250824    18:16:28       3    425      4      0 
 20250824    18:16:33       0      4      2      0 
 20250824    18:16:33       1    425      4      0 
 20250824    18:16:33       2    425      4      0 
 20250824    18:16:33       3    425      4      0 
 20250824    18:16:38       0      4      2      0 
 20250824    18:16:38       1    425      4      0 
 20250824    18:16:38       2    425      4      0 
 20250824    18:16:38       3    425      4      0 
#Date        Time         gpu     fb   bar1   ccpm 
#YYYYMMDD    HH:MM:SS     Idx     MB     MB     MB 
 20250824    18:16:43       0      4      2      0 
 20250824    18:16:43       1    425      4      0 
 20250824    18:16:43       2    425      4      0 
 20250824    18:16:43       3    425      4      0 
 20250824    18:16:48       0      4      2      0 
 20250824    18:16:48       1    425      4      0 
 20250824    18:16:48       2    425      4      0 
 20250824    18:16:48       3    425      4      0 
 20250824    18:16:53       0      4      2      0 
 20250824    18:16:53       1    425      4      0 
 20250824    18:16:53       2    425      4      0 
 20250824    18:16:53       3    425      4      0 
 20250824    18:16:58       0      4      2      0 
 20250824    18:16:58       1    425      4      0 
 20250824    18:16:58       2    425      4      0 
 20250824    18:16:58       3    425      4      0 
 20250824    18:17:03       0      4      2      0 
 20250824    18:17:03       1    425      4      0 
 20250824    18:17:03       2    425      4      0 
 20250824    18:17:03       3    425      4      0 
 20250824    18:17:08       0      4      2      0 
 20250824    18:17:08       1    425      4      0 
 20250824    18:17:08       2    425      4      0 
 20250824    18:17:08       3    425      4      0 
 20250824    18:17:13       0      4      2      0 
 20250824    18:17:13       1    425      4      0 
 20250824    18:17:13       2    425      4      0 
 20250824    18:17:13       3    425      4      0 
 20250824    18:17:18       0      4      2      0 
 20250824    18:17:18       1    425      4      0 
 20250824    18:17:18       2    425      4      0 
 20250824    18:17:18       3    425      4      0 
 20250824    18:17:23       0      4      2      0 
 20250824    18:17:23       1    425      4      0 
 20250824    18:17:23       2    425      4      0 
 20250824    18:17:23       3    425      4      0 
 20250824    18:17:28       0      4      2      0 
 20250824    18:17:28       1    425      4      0 
 20250824    18:17:28       2    425      4      0 
 20250824    18:17:28       3    425      4      0 
 20250824    18:17:33       0      4      2      0 
 20250824    18:17:33       1    425      4      0 
 20250824    18:17:33       2    425      4      0 
 20250824    18:17:33       3    425      4      0 
#Date        Time         gpu     fb   bar1   ccpm 
#YYYYMMDD    HH:MM:SS     Idx     MB     MB     MB 
 20250824    18:17:38       0      4      2      0 
 20250824    18:17:38       1    425      4      0 
 20250824    18:17:38       2    425      4      0 
 20250824    18:17:38       3    425      4      0 
 20250824    18:17:43       0      4      2      0 
 20250824    18:17:43       1    425      4      0 
 20250824    18:17:43       2    425      4      0 
 20250824    18:17:43       3    425      4      0 
 20250824    18:17:48       0      4      2      0 
 20250824    18:17:48       1    425      4      0 
 20250824    18:17:48       2    425      4      0 
 20250824    18:17:48       3    425      4      0 
 20250824    18:17:53       0      4      2      0 
 20250824    18:17:53       1    425      4      0 
 20250824    18:17:53       2    425      4      0 
 20250824    18:17:53       3    425      4      0 
 20250824    18:17:58       0      4      2      0 
 20250824    18:17:58       1    425      4      0 
 20250824    18:17:58       2    425      4      0 
 20250824    18:17:58       3    425      4      0 
 20250824    18:18:03       0      4      2      0 
 20250824    18:18:03       1    425      4      0 
 20250824    18:18:03       2    425      4      0 
 20250824    18:18:03       3    425      4      0 
 20250824    18:18:08       0      4      2      0 
 20250824    18:18:08       1    425      4      0 
 20250824    18:18:08       2    425      4      0 
 20250824    18:18:08       3    425      4      0 
 20250824    18:18:13       0      4      2      0 
 20250824    18:18:13       1    425      4      0 
 20250824    18:18:13       2    425      4      0 
 20250824    18:18:13       3    425      4      0 
 20250824    18:18:18       0      4      2      0 
 20250824    18:18:18       1    425      4      0 
 20250824    18:18:18       2    425      4      0 
 20250824    18:18:18       3    425      4      0 
 20250824    18:18:23       0      4      2      0 
 20250824    18:18:23       1    425      4      0 
 20250824    18:18:23       2    425      4      0 
 20250824    18:18:23       3    425      4      0 
 20250824    18:18:28       0      4      2      0 
 20250824    18:18:28       1    425      4      0 
 20250824    18:18:28       2    425      4      0 
 20250824    18:18:28       3    425      4      0 
#Date        Time         gpu     fb   bar1   ccpm 
#YYYYMMDD    HH:MM:SS     Idx     MB     MB     MB 
 20250824    18:18:33       0      4      2      0 
 20250824    18:18:33       1    425      4      0 
 20250824    18:18:33       2    425      4      0 
 20250824    18:18:33       3    425      4      0 
 20250824    18:18:38       0      4      2      0 
 20250824    18:18:38       1    425      4      0 
 20250824    18:18:38       2    425      4      0 
 20250824    18:18:38       3    425      4      0 
 20250824    18:18:43       0      4      2      0 
 20250824    18:18:43       1    425      4      0 
 20250824    18:18:43       2    425      4      0 
 20250824    18:18:43       3    425      4      0 
 20250824    18:18:48       0      4      2      0 
 20250824    18:18:48       1    425      4      0 
 20250824    18:18:48       2    425      4      0 
 20250824    18:18:48       3    425      4      0 
 20250824    18:18:53       0      4      2      0 
 20250824    18:18:53       1    425      4      0 
 20250824    18:18:53       2    425      4      0 
 20250824    18:18:53       3    425      4      0 
 20250824    18:18:58       0      4      2      0 
 20250824    18:18:58       1    425      4      0 
 20250824    18:18:58       2    425      4      0 
 20250824    18:18:58       3    425      4      0 
 20250824    18:19:03       0      4      2      0 
 20250824    18:19:03       1    425      4      0 
 20250824    18:19:03       2    425      4      0 
 20250824    18:19:03       3    425      4      0 
 20250824    18:19:08       0      4      2      0 
 20250824    18:19:08       1    425      4      0 
 20250824    18:19:08       2    425      4      0 
 20250824    18:19:08       3    425      4      0 
 20250824    18:19:13       0      4      2      0 
 20250824    18:19:13       1    425      4      0 
 20250824    18:19:13       2    425      4      0 
 20250824    18:19:13       3    503      4      0 
 20250824    18:19:18       0    553      4      0 
 20250824    18:19:18       1    425      4      0 
 20250824    18:19:18       2    425      4      0 
 20250824    18:19:18       3    553      4      0 
 20250824    18:19:23       0    553      4      0 
 20250824    18:19:23       1    425      4      0 
 20250824    18:19:23       2    425      4      0 
 20250824    18:19:23       3    553      4      0 
#Date        Time         gpu     fb   bar1   ccpm 
#YYYYMMDD    HH:MM:SS     Idx     MB     MB     MB 
 20250824    18:19:28       0    553      4      0 
 20250824    18:19:28       1    425      4      0 
 20250824    18:19:28       2    553      4      0 
 20250824    18:19:28       3    553      4      0 
 20250824    18:19:33       0    553      4      0 
 20250824    18:19:33       1    425      4      0 
 20250824    18:19:33       2    553      4      0 
 20250824    18:19:33       3    553      4      0 
 20250824    18:19:38       0    553      4      0 
 20250824    18:19:38       1    425      4      0 
 20250824    18:19:38       2    553      4      0 
 20250824    18:19:38       3    553      4      0 
 20250824    18:19:43       0    553      4      0 
 20250824    18:19:43       1    425      4      0 
 20250824    18:19:43       2    553      4      0 
 20250824    18:19:43       3    553      4      0 
 20250824    18:19:48       0    553      4      0 
 20250824    18:19:48       1    425      4      0 
 20250824    18:19:48       2    553      4      0 
 20250824    18:19:48       3    553      4      0 
 20250824    18:19:53       0   1637      4      0 
 20250824    18:19:53       1   1709      4      0 
 20250824    18:19:53       2   1709      4      0 
 20250824    18:19:53       3   1637      4      0 
 20250824    18:19:58       0   1637      4      0 
 20250824    18:19:58       1   1709      4      0 
 20250824    18:19:58       2   1709      4      0 
 20250824    18:19:58       3   1637      4      0 
 20250824    18:20:03       0   1637      4      0 
 20250824    18:20:03       1   1709      4      0 
 20250824    18:20:03       2   1709      4      0 
 20250824    18:20:03       3   1637      4      0 
 20250824    18:20:08       0   1637      4      0 
 20250824    18:20:08       1   1709      4      0 
 20250824    18:20:08       2   1709      4      0 
 20250824    18:20:08       3   1637      4      0 
 20250824    18:20:13       0   1637      4      0 
 20250824    18:20:13       1   1709      4      0 
 20250824    18:20:13       2   1709      4      0 
 20250824    18:20:13       3   1637      4      0 
 20250824    18:20:18       0  18087      4      0 
 20250824    18:20:18       1   1715      4      0 
 20250824    18:20:18       2   1709      4      0 
 20250824    18:20:18       3   1637      4      0 
#Date        Time         gpu     fb   bar1   ccpm 
#YYYYMMDD    HH:MM:SS     Idx     MB     MB     MB 
 20250824    18:20:23       0  18097      4      0 
 20250824    18:20:23       1   5611      4      0 
 20250824    18:20:23       2   1709      4      0 
 20250824    18:20:23       3  18085      4      0 
 20250824    18:20:28       0  18099      4      0 
 20250824    18:20:28       1  18175      4      0 
 20250824    18:20:28       2  18161      4      0 
 20250824    18:20:28       3  18097      4      0 
 20250824    18:20:33       0  18099      4      0 
 20250824    18:20:33       1  18175      4      0 
 20250824    18:20:33       2  18173      4      0 
 20250824    18:20:33       3  18101      4      0 
 20250824    18:20:38       0  18099      4      0 
 20250824    18:20:38       1  18175      4      0 
 20250824    18:20:38       2  18177      4      0 
 20250824    18:20:38       3  18101      4      0 
 20250824    18:20:43       0  18099      4      0 
 20250824    18:20:43       1  18175      4      0 
 20250824    18:20:43       2  18177      4      0 
 20250824    18:20:43       3  18101      4      0 
 20250824    18:20:48       0  18099      4      0 
 20250824    18:20:48       1  18175      4      0 
 20250824    18:20:48       2  18177      4      0 
 20250824    18:20:48       3  18101      4      0 
 20250824    18:20:53       0  18099      4      0 
 20250824    18:20:53       1  18175      4      0 
 20250824    18:20:53       2  18177      4      0 
 20250824    18:20:53       3  18101      4      0 
 20250824    18:20:58       0  18099      4      0 
 20250824    18:20:58       1  18175      4      0 
 20250824    18:20:58       2  18177      4      0 
 20250824    18:20:58       3  18101      4      0 
 20250824    18:21:04       0  18099      4      0 
 20250824    18:21:04       1  18175      4      0 
 20250824    18:21:04       2  18177      4      0 
 20250824    18:21:04       3  18101      4      0 
 20250824    18:21:09       0  18099      4      0 
 20250824    18:21:09       1  18175      4      0 
 20250824    18:21:09       2  18177      4      0 
 20250824    18:21:09       3  18101      4      0 
 20250824    18:21:14       0  18099      4      0 
 20250824    18:21:14       1  18175      4      0 
 20250824    18:21:14       2  18177      4      0 
 20250824    18:21:14       3  18101      4      0 
#Date        Time         gpu     fb   bar1   ccpm 
#YYYYMMDD    HH:MM:SS     Idx     MB     MB     MB 
 20250824    18:21:19       0  18099      4      0 
 20250824    18:21:19       1  18175      4      0 
 20250824    18:21:19       2  18177      4      0 
 20250824    18:21:19       3  18101      4      0 
 20250824    18:21:24       0  18099      4      0 
 20250824    18:21:24       1  18175      4      0 
 20250824    18:21:24       2  18177      4      0 
 20250824    18:21:24       3  18101      4      0 
 20250824    18:21:29       0  18099      4      0 
 20250824    18:21:29       1  18175      4      0 
 20250824    18:21:29       2  18177      4      0 
 20250824    18:21:29       3  18101      4      0 
 20250824    18:21:34       0  18099      4      0 
 20250824    18:21:34       1  18175      4      0 
 20250824    18:21:34       2  18177      4      0 
 20250824    18:21:34       3  18101      4      0 
 20250824    18:21:39       0  18099      4      0 
 20250824    18:21:39       1  18175      4      0 
 20250824    18:21:39       2  18177      4      0 
 20250824    18:21:39       3  18101      4      0 
 20250824    18:21:44       0  18099      4      0 
 20250824    18:21:44       1  18175      4      0 
 20250824    18:21:44       2  18177      4      0 
 20250824    18:21:44       3  18103      4      0 
 20250824    18:21:49       0  18099      4      0 
 20250824    18:21:49       1  18175      4      0 
 20250824    18:21:49       2  18177      4      0 
 20250824    18:21:49       3  18103      4      0 
 20250824    18:21:54       0  18099      4      0 
 20250824    18:21:54       1  18175      4      0 
 20250824    18:21:54       2  18177      4      0 
 20250824    18:21:54       3  18103      4      0 
 20250824    18:21:59       0  18099      4      0 
 20250824    18:21:59       1  18175      4      0 
 20250824    18:21:59       2  18177      4      0 
 20250824    18:21:59       3  18103      4      0 
 20250824    18:22:04       0  18099      4      0 
 20250824    18:22:04       1  18175      4      0 
 20250824    18:22:04       2  18177      4      0 
 20250824    18:22:04       3  18103      4      0 
 20250824    18:22:09       0  18099      4      0 
 20250824    18:22:09       1  18175      4      0 
 20250824    18:22:09       2  18177      4      0 
 20250824    18:22:09       3  18103      4      0 
#Date        Time         gpu     fb   bar1   ccpm 
#YYYYMMDD    HH:MM:SS     Idx     MB     MB     MB 
 20250824    18:22:14       0  18099      4      0 
 20250824    18:22:14       1  18175      4      0 
 20250824    18:22:14       2  18177      4      0 
 20250824    18:22:14       3  18103      4      0 
 20250824    18:22:19       0  18099      4      0 
 20250824    18:22:19       1  18175      4      0 
 20250824    18:22:19       2  18177      4      0 
 20250824    18:22:19       3  18103      4      0 
 20250824    18:22:24       0  18099      4      0 
 20250824    18:22:24       1  18175      4      0 
 20250824    18:22:24       2  18177      4      0 
 20250824    18:22:24       3  18103      4      0 
 20250824    18:22:29       0  18099      4      0 
 20250824    18:22:29       1  18175      4      0 
 20250824    18:22:29       2  18177      4      0 
 20250824    18:22:29       3  18103      4      0 
 20250824    18:22:34       0  18099      4      0 
 20250824    18:22:34       1  18175      4      0 
 20250824    18:22:34       2  18177      4      0 
 20250824    18:22:34       3  18103      4      0 
 20250824    18:22:39       0  18099      4      0 
 20250824    18:22:39       1  18175      4      0 
 20250824    18:22:39       2  18177      4      0 
 20250824    18:22:39       3  18103      4      0 
 20250824    18:22:44       0  18099      4      0 
 20250824    18:22:44       1  18175      4      0 
 20250824    18:22:44       2  18177      4      0 
 20250824    18:22:44       3  18103      4      0 
 20250824    18:22:49       0  18099      4      0 
 20250824    18:22:49       1  18175      4      0 
 20250824    18:22:49       2  18177      4      0 
 20250824    18:22:49       3  18103      4      0 
 20250824    18:22:54       0  18099      4      0 
 20250824    18:22:54       1  18175      4      0 
 20250824    18:22:54       2  18177      4      0 
 20250824    18:22:54       3  18103      4      0 
 20250824    18:22:59       0  18099      4      0 
 20250824    18:22:59       1  18175      4      0 
 20250824    18:22:59       2  18177      4      0 
 20250824    18:22:59       3  18103      4      0 
 20250824    18:23:04       0  18099      4      0 
 20250824    18:23:04       1  18175      4      0 
 20250824    18:23:04       2  18177      4      0 
 20250824    18:23:04       3  18103      4      0 
#Date        Time         gpu     fb   bar1   ccpm 
#YYYYMMDD    HH:MM:SS     Idx     MB     MB     MB 
 20250824    18:23:09       0  18099      4      0 
 20250824    18:23:09       1  18175      4      0 
 20250824    18:23:09       2  18177      4      0 
 20250824    18:23:09       3  18103      4      0 
 20250824    18:23:14       0  18099      4      0 
 20250824    18:23:14       1  18175      4      0 
 20250824    18:23:14       2  18177      4      0 
 20250824    18:23:14       3  18103      4      0 
 20250824    18:23:19       0  18099      4      0 
 20250824    18:23:19       1  18175      4      0 
 20250824    18:23:19       2  18177      4      0 
 20250824    18:23:19       3  18103      4      0 
 20250824    18:23:24       0  18099      4      0 
 20250824    18:23:24       1  18175      4      0 
 20250824    18:23:24       2  18177      4      0 
 20250824    18:23:24       3  18103      4      0 
 20250824    18:23:29       0  18099      4      0 
 20250824    18:23:29       1  18175      4      0 
 20250824    18:23:29       2  18177      4      0 
 20250824    18:23:29       3  18103      4      0 
 20250824    18:23:34       0  18099      4      0 
 20250824    18:23:34       1  18175      4      0 
 20250824    18:23:34       2  18177      4      0 
 20250824    18:23:34       3  18103      4      0 
 20250824    18:23:39       0  18099      4      0 
 20250824    18:23:39       1  18175      4      0 
 20250824    18:23:39       2  18177      4      0 
 20250824    18:23:39       3  18103      4      0 
 20250824    18:23:44       0  18099      4      0 
 20250824    18:23:44       1  18175      4      0 
 20250824    18:23:44       2  18177      4      0 
 20250824    18:23:44       3  18103      4      0 
 20250824    18:23:49       0  18099      4      0 
 20250824    18:23:49       1  18175      4      0 
 20250824    18:23:49       2  18177      4      0 
 20250824    18:23:49       3  18103      4      0 
 20250824    18:23:54       0  18099      4      0 
 20250824    18:23:54       1  18175      4      0 
 20250824    18:23:54       2  18177      4      0 
 20250824    18:23:54       3  18103      4      0 
 20250824    18:23:59       0  18099      4      0 
 20250824    18:23:59       1  18175      4      0 
 20250824    18:23:59       2  18177      4      0 
 20250824    18:23:59       3  18103      4      0 
#Date        Time         gpu     fb   bar1   ccpm 
#YYYYMMDD    HH:MM:SS     Idx     MB     MB     MB 
 20250824    18:24:04       0  18099      4      0 
 20250824    18:24:04       1  18175      4      0 
 20250824    18:24:04       2  18177      4      0 
 20250824    18:24:04       3  18103      4      0 
 20250824    18:24:09       0  18099      4      0 
 20250824    18:24:09       1  18175      4      0 
 20250824    18:24:09       2  18177      4      0 
 20250824    18:24:09       3  18103      4      0 
 20250824    18:24:14       0  18099      4      0 
 20250824    18:24:14       1  18175      4      0 
 20250824    18:24:14       2  18177      4      0 
 20250824    18:24:14       3  18103      4      0 
 20250824    18:24:19       0  18099      4      0 
 20250824    18:24:19       1  18175      4      0 
 20250824    18:24:19       2  18177      4      0 
 20250824    18:24:19       3  18103      4      0 
 20250824    18:24:24       0  18099      4      0 
 20250824    18:24:24       1  18175      4      0 
 20250824    18:24:24       2  18177      4      0 
 20250824    18:24:24       3  18103      4      0 
 20250824    18:24:29       0  18099      4      0 
 20250824    18:24:29       1  18175      4      0 
 20250824    18:24:29       2  18177      4      0 
 20250824    18:24:29       3  18103      4      0 
 20250824    18:24:34       0  18099      4      0 
 20250824    18:24:34       1  18175      4      0 
 20250824    18:24:34       2  18177      4      0 
 20250824    18:24:34       3  18103      4      0 
 20250824    18:24:39       0  18099      4      0 
 20250824    18:24:39       1  18175      4      0 
 20250824    18:24:39       2  18177      4      0 
 20250824    18:24:39       3  18103      4      0 
 20250824    18:24:44       0  18099      4      0 
 20250824    18:24:44       1  18175      4      0 
 20250824    18:24:44       2  18177      4      0 
 20250824    18:24:44       3  18103      4      0 
 20250824    18:24:49       0  18099      4      0 
 20250824    18:24:49       1  18175      4      0 
 20250824    18:24:49       2  18177      4      0 
 20250824    18:24:49       3  18103      4      0 
 20250824    18:24:54       0  18099      4      0 
 20250824    18:24:54       1  18175      4      0 
 20250824    18:24:54       2  18177      4      0 
 20250824    18:24:54       3  18103      4      0 
#Date        Time         gpu     fb   bar1   ccpm 
#YYYYMMDD    HH:MM:SS     Idx     MB     MB     MB 
 20250824    18:24:59       0  18099      4      0 
 20250824    18:24:59       1  18175      4      0 
 20250824    18:24:59       2  18177      4      0 
 20250824    18:24:59       3  18103      4      0 
 20250824    18:25:04       0  18099      4      0 
 20250824    18:25:04       1  18175      4      0 
 20250824    18:25:04       2  18177      4      0 
 20250824    18:25:04       3  18103      4      0 
 20250824    18:25:09       0  18099      4      0 
 20250824    18:25:09       1  18175      4      0 
 20250824    18:25:09       2  18177      4      0 
 20250824    18:25:09       3  18103      4      0 
 20250824    18:25:14       0  18099      4      0 
 20250824    18:25:14       1  18175      4      0 
 20250824    18:25:14       2  18177      4      0 
 20250824    18:25:14       3  18103      4      0 
 20250824    18:25:19       0  18099      4      0 
 20250824    18:25:19       1  18175      4      0 
 20250824    18:25:19       2  18177      4      0 
 20250824    18:25:19       3  18103      4      0 
 20250824    18:25:24       0  18099      4      0 
 20250824    18:25:24       1  18175      4      0 
 20250824    18:25:24       2  18177      4      0 
 20250824    18:25:24       3  18103      4      0 
 20250824    18:25:29       0  18099      4      0 
 20250824    18:25:29       1  18175      4      0 
 20250824    18:25:29       2  18177      4      0 
 20250824    18:25:29       3  18103      4      0 
 20250824    18:25:34       0  18099      4      0 
 20250824    18:25:34       1  18175      4      0 
 20250824    18:25:34       2  18177      4      0 
 20250824    18:25:34       3  18103      4      0 
 20250824    18:25:39       0  18099      4      0 
 20250824    18:25:39       1  18175      4      0 
 20250824    18:25:39       2  18177      4      0 
 20250824    18:25:39       3  18103      4      0 
 20250824    18:25:44       0  18099      4      0 
 20250824    18:25:44       1  18175      4      0 
 20250824    18:25:44       2  18177      4      0 
 20250824    18:25:44       3  18103      4      0 
 20250824    18:25:49       0  18099      4      0 
 20250824    18:25:49       1  18175      4      0 
 20250824    18:25:49       2  18177      4      0 
 20250824    18:25:49       3  18103      4      0 
#Date        Time         gpu     fb   bar1   ccpm 
#YYYYMMDD    HH:MM:SS     Idx     MB     MB     MB 
 20250824    18:25:54       0  18099      4      0 
 20250824    18:25:54       1  18175      4      0 
 20250824    18:25:54       2  18177      4      0 
 20250824    18:25:54       3  18103      4      0 
 20250824    18:25:59       0  18099      4      0 
 20250824    18:25:59       1  18175      4      0 
 20250824    18:25:59       2  18177      4      0 
 20250824    18:25:59       3  18103      4      0 
 20250824    18:26:04       0  18099      4      0 
 20250824    18:26:04       1  18175      4      0 
 20250824    18:26:04       2  18177      4      0 
 20250824    18:26:04       3  18103      4      0 
 20250824    18:26:09       0  18101      4      0 
 20250824    18:26:09       1  18175      4      0 
 20250824    18:26:09       2  18177      4      0 
 20250824    18:26:09       3  18103      4      0 
 20250824    18:26:14       0  18101      4      0 
 20250824    18:26:14       1  18175      4      0 
 20250824    18:26:14       2  18177      4      0 
 20250824    18:26:14       3  18103      4      0 
 20250824    18:26:19       0  18101      4      0 
 20250824    18:26:19       1  18175      4      0 
 20250824    18:26:19       2  18177      4      0 
 20250824    18:26:19       3  18103      4      0 
 20250824    18:26:24       0  18101      4      0 
 20250824    18:26:24       1  18175      4      0 
 20250824    18:26:24       2  18177      4      0 
 20250824    18:26:24       3  18103      4      0 
 20250824    18:26:29       0  18101      4      0 
 20250824    18:26:29       1  18175      4      0 
 20250824    18:26:29       2  18177      4      0 
 20250824    18:26:29       3  18103      4      0 
 20250824    18:26:34       0  18101      4      0 
 20250824    18:26:34       1  18175      4      0 
 20250824    18:26:34       2  18177      4      0 
 20250824    18:26:34       3  18103      4      0 
 20250824    18:26:39       0  18101      4      0 
 20250824    18:26:39       1  18175      4      0 
 20250824    18:26:39       2  18177      4      0 
 20250824    18:26:39       3  18103      4      0 
 20250824    18:26:44       0  18101      4      0 
 20250824    18:26:44       1  18175      4      0 
 20250824    18:26:44       2  18177      4      0 
 20250824    18:26:44       3  18103      4      0 
#Date        Time         gpu     fb   bar1   ccpm 
#YYYYMMDD    HH:MM:SS     Idx     MB     MB     MB 
 20250824    18:26:49       0  18101      4      0 
 20250824    18:26:49       1  18175      4      0 
 20250824    18:26:49       2  18177      4      0 
 20250824    18:26:49       3  18103      4      0 
 20250824    18:26:54       0  18101      4      0 
 20250824    18:26:54       1  18175      4      0 
 20250824    18:26:54       2  18177      4      0 
 20250824    18:26:54       3  18103      4      0 
 20250824    18:26:59       0  18101      4      0 
 20250824    18:26:59       1  18175      4      0 
 20250824    18:26:59       2  18177      4      0 
 20250824    18:26:59       3  18103      4      0 
 20250824    18:27:04       0  18101      4      0 
 20250824    18:27:04       1  18175      4      0 
 20250824    18:27:04       2  18177      4      0 
 20250824    18:27:04       3  18103      4      0 
 20250824    18:27:09       0  18101      4      0 
 20250824    18:27:09       1  18175      4      0 
 20250824    18:27:09       2  18177      4      0 
 20250824    18:27:09       3  18103      4      0 
 20250824    18:27:14       0  18101      4      0 
 20250824    18:27:14       1  18175      4      0 
 20250824    18:27:14       2  18177      4      0 
 20250824    18:27:14       3  18103      4      0 
 20250824    18:27:19       0  18101      4      0 
 20250824    18:27:19       1  18175      4      0 
 20250824    18:27:19       2  18177      4      0 
 20250824    18:27:19       3  18103      4      0 
 20250824    18:27:24       0  18101      4      0 
 20250824    18:27:24       1  18175      4      0 
 20250824    18:27:24       2  18177      4      0 
 20250824    18:27:24       3  18103      4      0 
 20250824    18:27:29       0  18101      4      0 
 20250824    18:27:29       1  18175      4      0 
 20250824    18:27:29       2  18177      4      0 
 20250824    18:27:29       3  18103      4      0 
 20250824    18:27:34       0  18101      4      0 
 20250824    18:27:34       1  18175      4      0 
 20250824    18:27:34       2  18177      4      0 
 20250824    18:27:34       3  18103      4      0 
 20250824    18:27:39       0  18101      4      0 
 20250824    18:27:39       1  18175      4      0 
 20250824    18:27:39       2  18177      4      0 
 20250824    18:27:39       3  18103      4      0 
#Date        Time         gpu     fb   bar1   ccpm 
#YYYYMMDD    HH:MM:SS     Idx     MB     MB     MB 
 20250824    18:27:44       0  18101      4      0 
 20250824    18:27:44       1  18175      4      0 
 20250824    18:27:44       2  18177      4      0 
 20250824    18:27:44       3  18103      4      0 
 20250824    18:27:49       0  18101      4      0 
 20250824    18:27:49       1  18175      4      0 
 20250824    18:27:49       2  18177      4      0 
 20250824    18:27:49       3  18103      4      0 
 20250824    18:27:54       0  18101      4      0 
 20250824    18:27:54       1  18175      4      0 
 20250824    18:27:54       2  18177      4      0 
 20250824    18:27:54       3  18103      4      0 
 20250824    18:27:59       0  18101      4      0 
 20250824    18:27:59       1  18175      4      0 
 20250824    18:27:59       2  18177      4      0 
 20250824    18:27:59       3  18103      4      0 
 20250824    18:28:04       0  18101      4      0 
 20250824    18:28:04       1  18175      4      0 
 20250824    18:28:04       2  18177      4      0 
 20250824    18:28:04       3  18103      4      0 
 20250824    18:28:09       0  18101      4      0 
 20250824    18:28:09       1  18175      4      0 
 20250824    18:28:09       2  18177      4      0 
 20250824    18:28:09       3  18103      4      0 
 20250824    18:28:14       0  18101      4      0 
 20250824    18:28:14       1  18175      4      0 
 20250824    18:28:14       2  18177      4      0 
 20250824    18:28:14       3  18103      4      0 
 20250824    18:28:19       0  18101      4      0 
 20250824    18:28:19       1  18175      4      0 
 20250824    18:28:19       2  18177      4      0 
 20250824    18:28:19       3  18103      4      0 
 20250824    18:28:24       0  18101      4      0 
 20250824    18:28:24       1  18175      4      0 
 20250824    18:28:24       2  18177      4      0 
 20250824    18:28:24       3  18103      4      0 
 20250824    18:28:29       0  18101      4      0 
 20250824    18:28:29       1  18175      4      0 
 20250824    18:28:29       2  18177      4      0 
 20250824    18:28:29       3  18103      4      0 
 20250824    18:28:34       0  18101      4      0 
 20250824    18:28:34       1  18175      4      0 
 20250824    18:28:34       2  18177      4      0 
 20250824    18:28:34       3  18103      4      0 
#Date        Time         gpu     fb   bar1   ccpm 
#YYYYMMDD    HH:MM:SS     Idx     MB     MB     MB 
 20250824    18:28:39       0  18101      4      0 
 20250824    18:28:39       1  18175      4      0 
 20250824    18:28:39       2  18177      4      0 
 20250824    18:28:39       3  18103      4      0 
 20250824    18:28:44       0  18101      4      0 
 20250824    18:28:44       1  18175      4      0 
 20250824    18:28:44       2  18177      4      0 
 20250824    18:28:44       3  18103      4      0 
 20250824    18:28:49       0  18101      4      0 
 20250824    18:28:49       1  18175      4      0 
 20250824    18:28:49       2  18177      4      0 
 20250824    18:28:49       3  18103      4      0 
 20250824    18:28:54       0  18101      4      0 
 20250824    18:28:54       1  18175      4      0 
 20250824    18:28:54       2  18177      4      0 
 20250824    18:28:54       3  18103      4      0 
 20250824    18:28:59       0  18101      4      0 
 20250824    18:28:59       1  18175      4      0 
 20250824    18:28:59       2  18177      4      0 
 20250824    18:28:59       3  18103      4      0 
 20250824    18:29:04       0  18101      4      0 
 20250824    18:29:04       1  18175      4      0 
 20250824    18:29:04       2  18177      4      0 
 20250824    18:29:04       3  18103      4      0 
 20250824    18:29:09       0  18101      4      0 
 20250824    18:29:09       1  18175      4      0 
 20250824    18:29:09       2  18177      4      0 
 20250824    18:29:09       3  18103      4      0 
 20250824    18:29:14       0  18101      4      0 
 20250824    18:29:14       1  18175      4      0 
 20250824    18:29:14       2  18177      4      0 
 20250824    18:29:14       3  18103      4      0 
 20250824    18:29:19       0  18101      4      0 
 20250824    18:29:19       1  18175      4      0 
 20250824    18:29:19       2  18177      4      0 
 20250824    18:29:19       3  18103      4      0 
 20250824    18:29:24       0  18101      4      0 
 20250824    18:29:24       1  18175      4      0 
 20250824    18:29:24       2  18177      4      0 
 20250824    18:29:24       3  18103      4      0 
 20250824    18:29:29       0  18101      4      0 
 20250824    18:29:29       1  18175      4      0 
 20250824    18:29:29       2  18177      4      0 
 20250824    18:29:29       3  18103      4      0 
#Date        Time         gpu     fb   bar1   ccpm 
#YYYYMMDD    HH:MM:SS     Idx     MB     MB     MB 
 20250824    18:29:34       0  18101      4      0 
 20250824    18:29:34       1  18175      4      0 
 20250824    18:29:34       2  18177      4      0 
 20250824    18:29:34       3  18103      4      0 
 20250824    18:29:39       0  18101      4      0 
 20250824    18:29:39       1  18175      4      0 
 20250824    18:29:39       2  18177      4      0 
 20250824    18:29:39       3  18103      4      0 
 20250824    18:29:44       0  18101      4      0 
 20250824    18:29:44       1  18175      4      0 
 20250824    18:29:44       2  18177      4      0 
 20250824    18:29:44       3  18103      4      0 
 20250824    18:29:49       0  18101      4      0 
 20250824    18:29:49       1  18175      4      0 
 20250824    18:29:49       2  18177      4      0 
 20250824    18:29:49       3  18103      4      0 
 20250824    18:29:54       0  18101      4      0 
 20250824    18:29:54       1  18175      4      0 
 20250824    18:29:54       2  18177      4      0 
 20250824    18:29:54       3  18103      4      0 
 20250824    18:29:59       0  18101      4      0 
 20250824    18:29:59       1  18175      4      0 
 20250824    18:29:59       2  18177      4      0 
 20250824    18:29:59       3  18103      4      0 
 20250824    18:30:04       0  18101      4      0 
 20250824    18:30:04       1  18175      4      0 
 20250824    18:30:04       2  18177      4      0 
 20250824    18:30:04       3  18103      4      0 
 20250824    18:30:09       0  18101      4      0 
 20250824    18:30:09       1  18175      4      0 
 20250824    18:30:09       2  18177      4      0 
 20250824    18:30:09       3  18103      4      0 
 20250824    18:30:14       0  18101      4      0 
 20250824    18:30:14       1  18175      4      0 
 20250824    18:30:14       2  18177      4      0 
 20250824    18:30:14       3  18103      4      0 
 20250824    18:30:19       0  18101      4      0 
 20250824    18:30:19       1  18175      4      0 
 20250824    18:30:19       2  18177      4      0 
 20250824    18:30:19       3  18103      4      0 
 20250824    18:30:24       0  18101      4      0 
 20250824    18:30:24       1  18175      4      0 
 20250824    18:30:24       2  18177      4      0 
 20250824    18:30:24       3  18103      4      0 
#Date        Time         gpu     fb   bar1   ccpm 
#YYYYMMDD    HH:MM:SS     Idx     MB     MB     MB 
 20250824    18:30:29       0  18101      4      0 
 20250824    18:30:29       1  18175      4      0 
 20250824    18:30:29       2  18177      4      0 
 20250824    18:30:29       3  18103      4      0 
 20250824    18:30:34       0  18101      4      0 
 20250824    18:30:34       1  18175      4      0 
 20250824    18:30:34       2  18177      4      0 
 20250824    18:30:34       3  18103      4      0 
 20250824    18:30:39       0  18101      4      0 
 20250824    18:30:39       1  18175      4      0 
 20250824    18:30:39       2  18177      4      0 
 20250824    18:30:39       3  18103      4      0 
 20250824    18:30:44       0  18101      4      0 
 20250824    18:30:44       1  18175      4      0 
 20250824    18:30:44       2  18177      4      0 
 20250824    18:30:44       3  18103      4      0 
 20250824    18:30:49       0  18101      4      0 
 20250824    18:30:49       1  18175      4      0 
 20250824    18:30:49       2  18177      4      0 
 20250824    18:30:49       3  18103      4      0 
 20250824    18:30:54       0  18101      4      0 
 20250824    18:30:54       1  18175      4      0 
 20250824    18:30:54       2  18177      4      0 
 20250824    18:30:54       3  18103      4      0 
 20250824    18:30:59       0  18101      4      0 
 20250824    18:30:59       1  18175      4      0 
 20250824    18:30:59       2  18177      4      0 
 20250824    18:30:59       3  18103      4      0 
 20250824    18:31:04       0  18101      4      0 
 20250824    18:31:04       1  18175      4      0 
 20250824    18:31:04       2  18177      4      0 
 20250824    18:31:04       3  18103      4      0 
 20250824    18:31:09       0  18101      4      0 
 20250824    18:31:09       1  18175      4      0 
 20250824    18:31:09       2  18177      4      0 
 20250824    18:31:09       3  18103      4      0 
 20250824    18:31:14       0  18101      4      0 
 20250824    18:31:14       1  18175      4      0 
 20250824    18:31:14       2  18177      4      0 
 20250824    18:31:14       3  18103      4      0 
 20250824    18:31:19       0  18101      4      0 
 20250824    18:31:19       1  18175      4      0 
 20250824    18:31:19       2  18177      4      0 
 20250824    18:31:19       3  18103      4      0 
#Date        Time         gpu     fb   bar1   ccpm 
#YYYYMMDD    HH:MM:SS     Idx     MB     MB     MB 
 20250824    18:31:24       0  18101      4      0 
 20250824    18:31:24       1  18175      4      0 
 20250824    18:31:24       2  18177      4      0 
 20250824    18:31:24       3  18103      4      0 
 20250824    18:31:29       0  18101      4      0 
 20250824    18:31:29       1  18175      4      0 
 20250824    18:31:29       2  18177      4      0 
 20250824    18:31:29       3  18103      4      0 
 20250824    18:31:34       0  18101      4      0 
 20250824    18:31:34       1  18175      4      0 
 20250824    18:31:34       2  18177      4      0 
 20250824    18:31:34       3  18103      4      0 
 20250824    18:31:39       0  18101      4      0 
 20250824    18:31:39       1  18175      4      0 
 20250824    18:31:39       2  18177      4      0 
 20250824    18:31:39       3  18103      4      0 
 20250824    18:31:44       0  18101      4      0 
 20250824    18:31:44       1  18175      4      0 
 20250824    18:31:44       2  18177      4      0 
 20250824    18:31:44       3  18103      4      0 
 20250824    18:31:49       0  18101      4      0 
 20250824    18:31:49       1  18175      4      0 
 20250824    18:31:49       2  18177      4      0 
 20250824    18:31:49       3  18103      4      0 
 20250824    18:31:54       0  18101      4      0 
 20250824    18:31:54       1  18175      4      0 
 20250824    18:31:54       2  18177      4      0 
 20250824    18:31:54       3  18103      4      0 
 20250824    18:31:59       0  18101      4      0 
 20250824    18:31:59       1  18175      4      0 
 20250824    18:31:59       2  18177      4      0 
 20250824    18:31:59       3  18103      4      0 
 20250824    18:32:04       0  18101      4      0 
 20250824    18:32:04       1  18175      4      0 
 20250824    18:32:04       2  18177      4      0 
 20250824    18:32:04       3  18103      4      0 
 20250824    18:32:09       0  18101      4      0 
 20250824    18:32:09       1  18175      4      0 
 20250824    18:32:09       2  18177      4      0 
 20250824    18:32:09       3  18103      4      0 
 20250824    18:32:14       0  18101      4      0 
 20250824    18:32:14       1  18175      4      0 
 20250824    18:32:14       2  18177      4      0 
 20250824    18:32:14       3  18103      4      0 
#Date        Time         gpu     fb   bar1   ccpm 
#YYYYMMDD    HH:MM:SS     Idx     MB     MB     MB 
 20250824    18:32:19       0  18101      4      0 
 20250824    18:32:19       1  18175      4      0 
 20250824    18:32:19       2  18177      4      0 
 20250824    18:32:19       3  18103      4      0 
 20250824    18:32:24       0  18101      4      0 
 20250824    18:32:24       1  18175      4      0 
 20250824    18:32:24       2  18177      4      0 
 20250824    18:32:24       3  18103      4      0 
 20250824    18:32:29       0  18101      4      0 
 20250824    18:32:29       1  18175      4      0 
 20250824    18:32:29       2  18177      4      0 
 20250824    18:32:29       3  18103      4      0 
 20250824    18:32:34       0  18101      4      0 
 20250824    18:32:34       1  18175      4      0 
 20250824    18:32:34       2  18177      4      0 
 20250824    18:32:34       3  18103      4      0 
 20250824    18:32:39       0  18101      4      0 
 20250824    18:32:39       1  18175      4      0 
 20250824    18:32:39       2  18177      4      0 
 20250824    18:32:39       3  18103      4      0 
 20250824    18:32:44       0  18101      4      0 
 20250824    18:32:44       1  18175      4      0 
 20250824    18:32:44       2  18177      4      0 
 20250824    18:32:44       3  18103      4      0 
 20250824    18:32:49       0  18101      4      0 
 20250824    18:32:49       1  18175      4      0 
 20250824    18:32:49       2  18177      4      0 
 20250824    18:32:49       3  18103      4      0 
 20250824    18:32:54       0  18101      4      0 
 20250824    18:32:54       1  18175      4      0 
 20250824    18:32:54       2  18177      4      0 
 20250824    18:32:54       3  18103      4      0 
 20250824    18:32:59       0  18101      4      0 
 20250824    18:32:59       1  18175      4      0 
 20250824    18:32:59       2  18177      4      0 
 20250824    18:32:59       3  18103      4      0 
 20250824    18:33:04       0  18101      4      0 
 20250824    18:33:04       1  18175      4      0 
 20250824    18:33:04       2  18177      4      0 
 20250824    18:33:04       3  18103      4      0 
 20250824    18:33:09       0  18101      4      0 
 20250824    18:33:09       1  18175      4      0 
 20250824    18:33:09       2  18177      4      0 
 20250824    18:33:09       3  18103      4      0 
#Date        Time         gpu     fb   bar1   ccpm 
#YYYYMMDD    HH:MM:SS     Idx     MB     MB     MB 
 20250824    18:33:14       0  18101      4      0 
 20250824    18:33:14       1  18175      4      0 
 20250824    18:33:14       2  18177      4      0 
 20250824    18:33:14       3  18103      4      0 
 20250824    18:33:19       0  18101      4      0 
 20250824    18:33:19       1  18175      4      0 
 20250824    18:33:19       2  18177      4      0 
 20250824    18:33:19       3  18103      4      0 
 20250824    18:33:24       0  18101      4      0 
 20250824    18:33:24       1  18175      4      0 
 20250824    18:33:24       2  18177      4      0 
 20250824    18:33:24       3  18103      4      0 
 20250824    18:33:29       0  18101      4      0 
 20250824    18:33:29       1  18175      4      0 
 20250824    18:33:29       2  18177      4      0 
 20250824    18:33:29       3  18103      4      0 
 20250824    18:33:34       0  18101      4      0 
 20250824    18:33:34       1  18175      4      0 
 20250824    18:33:34       2  18177      4      0 
 20250824    18:33:34       3  18103      4      0 
 20250824    18:33:39       0  18101      4      0 
 20250824    18:33:39       1  18175      4      0 
 20250824    18:33:39       2  18177      4      0 
 20250824    18:33:39       3  18103      4      0 
 20250824    18:33:44       0  18101      4      0 
 20250824    18:33:44       1  18175      4      0 
 20250824    18:33:44       2  18177      4      0 
 20250824    18:33:44       3  18103      4      0 
 20250824    18:33:49       0  18101      4      0 
 20250824    18:33:49       1  18175      4      0 
 20250824    18:33:49       2  18177      4      0 
 20250824    18:33:49       3  18103      4      0 
 20250824    18:33:54       0  18101      4      0 
 20250824    18:33:54       1  18175      4      0 
 20250824    18:33:54       2  18177      4      0 
 20250824    18:33:54       3  18103      4      0 
 20250824    18:33:59       0  18101      4      0 
 20250824    18:33:59       1  18175      4      0 
 20250824    18:33:59       2  18177      4      0 
 20250824    18:33:59       3  18103      4      0 
 20250824    18:34:04       0  18101      4      0 
 20250824    18:34:04       1  18175      4      0 
 20250824    18:34:04       2  18177      4      0 
 20250824    18:34:04       3  18103      4      0 
#Date        Time         gpu     fb   bar1   ccpm 
#YYYYMMDD    HH:MM:SS     Idx     MB     MB     MB 
 20250824    18:34:09       0  18101      4      0 
 20250824    18:34:09       1  18175      4      0 
 20250824    18:34:09       2  18177      4      0 
 20250824    18:34:09       3  18103      4      0 
 20250824    18:34:14       0  18101      4      0 
 20250824    18:34:14       1  18175      4      0 
 20250824    18:34:14       2  18177      4      0 
 20250824    18:34:14       3  18103      4      0 
 20250824    18:34:19       0  18101      4      0 
 20250824    18:34:19       1  18175      4      0 
 20250824    18:34:19       2  18177      4      0 
 20250824    18:34:19       3  18103      4      0 
 20250824    18:34:24       0  18101      4      0 
 20250824    18:34:24       1  18175      4      0 
 20250824    18:34:24       2  18177      4      0 
 20250824    18:34:24       3  18103      4      0 
 20250824    18:34:29       0  18101      4      0 
 20250824    18:34:29       1  18175      4      0 
 20250824    18:34:29       2  18177      4      0 
 20250824    18:34:29       3  18103      4      0 
 20250824    18:34:34       0  18101      4      0 
 20250824    18:34:34       1  18175      4      0 
 20250824    18:34:34       2  18177      4      0 
 20250824    18:34:34       3  18103      4      0 
 20250824    18:34:39       0  18101      4      0 
 20250824    18:34:39       1  18175      4      0 
 20250824    18:34:39       2  18177      4      0 
 20250824    18:34:39       3  18103      4      0 
 20250824    18:34:44       0  18101      4      0 
 20250824    18:34:44       1  18175      4      0 
 20250824    18:34:44       2  18177      4      0 
 20250824    18:34:44       3  18103      4      0 
 20250824    18:34:49       0  18101      4      0 
 20250824    18:34:49       1  18175      4      0 
 20250824    18:34:49       2  18177      4      0 
 20250824    18:34:49       3  18103      4      0 
 20250824    18:34:54       0  18101      4      0 
 20250824    18:34:54       1  18175      4      0 
 20250824    18:34:54       2  18177      4      0 
 20250824    18:34:54       3  18103      4      0 
 20250824    18:34:59       0  18101      4      0 
 20250824    18:34:59       1  18175      4      0 
 20250824    18:34:59       2  18177      4      0 
 20250824    18:34:59       3  18103      4      0 
#Date        Time         gpu     fb   bar1   ccpm 
#YYYYMMDD    HH:MM:SS     Idx     MB     MB     MB 
 20250824    18:35:04       0  18101      4      0 
 20250824    18:35:04       1  18175      4      0 
 20250824    18:35:04       2  18177      4      0 
 20250824    18:35:04       3  18103      4      0 
 20250824    18:35:09       0  18101      4      0 
 20250824    18:35:09       1  18175      4      0 
 20250824    18:35:09       2  18177      4      0 
 20250824    18:35:09       3  18103      4      0 
 20250824    18:35:14       0  18101      4      0 
 20250824    18:35:14       1  18175      4      0 
 20250824    18:35:14       2  18177      4      0 
 20250824    18:35:14       3  18103      4      0 
 20250824    18:35:19       0  18101      4      0 
 20250824    18:35:19       1  18175      4      0 
 20250824    18:35:19       2  18177      4      0 
 20250824    18:35:19       3  18103      4      0 
 20250824    18:35:24       0  18101      4      0 
 20250824    18:35:24       1  18175      4      0 
 20250824    18:35:24       2  18177      4      0 
 20250824    18:35:24       3  18103      4      0 
 20250824    18:35:29       0  18101      4      0 
 20250824    18:35:29       1  18175      4      0 
 20250824    18:35:29       2  18177      4      0 
 20250824    18:35:29       3  18103      4      0 
 20250824    18:35:34       0  18101      4      0 
 20250824    18:35:34       1  18175      4      0 
 20250824    18:35:34       2  18177      4      0 
 20250824    18:35:34       3  18103      4      0 
 20250824    18:35:39       0  18101      4      0 
 20250824    18:35:39       1  18175      4      0 
 20250824    18:35:39       2  18177      4      0 
 20250824    18:35:39       3  18103      4      0 
 20250824    18:35:44       0  18101      4      0 
 20250824    18:35:44       1  18175      4      0 
 20250824    18:35:44       2  18177      4      0 
 20250824    18:35:44       3  18103      4      0 
 20250824    18:35:49       0  18101      4      0 
 20250824    18:35:49       1  18175      4      0 
 20250824    18:35:49       2  18177      4      0 
 20250824    18:35:49       3  18103      4      0 
 20250824    18:35:54       0  18101      4      0 
 20250824    18:35:54       1  18175      4      0 
 20250824    18:35:54       2  18177      4      0 
 20250824    18:35:54       3  18103      4      0 
#Date        Time         gpu     fb   bar1   ccpm 
#YYYYMMDD    HH:MM:SS     Idx     MB     MB     MB 
 20250824    18:35:59       0  18101      4      0 
 20250824    18:35:59       1  18175      4      0 
 20250824    18:35:59       2  18177      4      0 
 20250824    18:35:59       3  18103      4      0 
 20250824    18:36:04       0  18101      4      0 
 20250824    18:36:04       1  18175      4      0 
 20250824    18:36:04       2  18177      4      0 
 20250824    18:36:04       3  18103      4      0 
 20250824    18:36:09       0  18101      4      0 
 20250824    18:36:09       1  18175      4      0 
 20250824    18:36:09       2  18177      4      0 
 20250824    18:36:09       3  18103      4      0 
 20250824    18:36:14       0  18101      4      0 
 20250824    18:36:14       1  18175      4      0 
 20250824    18:36:14       2  18177      4      0 
 20250824    18:36:14       3  18103      4      0 
 20250824    18:36:19       0  18101      4      0 
 20250824    18:36:19       1  18175      4      0 
 20250824    18:36:19       2  18177      4      0 
 20250824    18:36:19       3  18103      4      0 
 20250824    18:36:24       0  18101      4      0 
 20250824    18:36:24       1  18175      4      0 
 20250824    18:36:24       2  18177      4      0 
 20250824    18:36:24       3  18103      4      0 
 20250824    18:36:29       0  18101      4      0 
 20250824    18:36:29       1  18175      4      0 
 20250824    18:36:29       2  18177      4      0 
 20250824    18:36:29       3  18103      4      0 
 20250824    18:36:34       0  18101      4      0 
 20250824    18:36:34       1  18175      4      0 
 20250824    18:36:34       2  18177      4      0 
 20250824    18:36:34       3  18103      4      0 
 20250824    18:36:39       0  18101      4      0 
 20250824    18:36:39       1  18175      4      0 
 20250824    18:36:39       2  18177      4      0 
 20250824    18:36:39       3  18103      4      0 
 20250824    18:36:44       0  18101      4      0 
 20250824    18:36:44       1  18175      4      0 
 20250824    18:36:44       2  18177      4      0 
 20250824    18:36:44       3  18103      4      0 
 20250824    18:36:49       0  18101      4      0 
 20250824    18:36:49       1  18175      4      0 
 20250824    18:36:49       2  18177      4      0 
 20250824    18:36:49       3  18103      4      0 
#Date        Time         gpu     fb   bar1   ccpm 
#YYYYMMDD    HH:MM:SS     Idx     MB     MB     MB 
 20250824    18:36:54       0  18101      4      0 
 20250824    18:36:54       1  18175      4      0 
 20250824    18:36:54       2  18177      4      0 
 20250824    18:36:54       3  18103      4      0 
 20250824    18:36:59       0  18101      4      0 
 20250824    18:36:59       1  18175      4      0 
 20250824    18:36:59       2  18177      4      0 
 20250824    18:36:59       3  18103      4      0 
 20250824    18:37:04       0  18101      4      0 
 20250824    18:37:04       1  18175      4      0 
 20250824    18:37:04       2  18177      4      0 
 20250824    18:37:04       3  18103      4      0 
 20250824    18:37:09       0  18101      4      0 
 20250824    18:37:09       1  18175      4      0 
 20250824    18:37:09       2  18177      4      0 
 20250824    18:37:09       3  18103      4      0 
 20250824    18:37:14       0  18101      4      0 
 20250824    18:37:14       1  18175      4      0 
 20250824    18:37:14       2  18177      4      0 
 20250824    18:37:14       3  18103      4      0 
 20250824    18:37:20       0  18101      4      0 
 20250824    18:37:20       1  18175      4      0 
 20250824    18:37:20       2  18177      4      0 
 20250824    18:37:20       3  18103      4      0 
 20250824    18:37:25       0  18101      4      0 
 20250824    18:37:25       1  18175      4      0 
 20250824    18:37:25       2  18177      4      0 
 20250824    18:37:25       3  18103      4      0 
 20250824    18:37:30       0  18101      4      0 
 20250824    18:37:30       1  18175      4      0 
 20250824    18:37:30       2  18177      4      0 
 20250824    18:37:30       3  18103      4      0 
 20250824    18:37:35       0  18101      4      0 
 20250824    18:37:35       1  18175      4      0 
 20250824    18:37:35       2  18177      4      0 
 20250824    18:37:35       3  18103      4      0 
 20250824    18:37:40       0  18101      4      0 
 20250824    18:37:40       1  18175      4      0 
 20250824    18:37:40       2  18177      4      0 
 20250824    18:37:40       3  18103      4      0 
 20250824    18:37:45       0  18101      4      0 
 20250824    18:37:45       1  18175      4      0 
 20250824    18:37:45       2  18177      4      0 
 20250824    18:37:45       3  18103      4      0 
#Date        Time         gpu     fb   bar1   ccpm 
#YYYYMMDD    HH:MM:SS     Idx     MB     MB     MB 
 20250824    18:37:50       0  18101      4      0 
 20250824    18:37:50       1  18175      4      0 
 20250824    18:37:50       2  18177      4      0 
 20250824    18:37:50       3  18103      4      0 
 20250824    18:37:55       0  18101      4      0 
 20250824    18:37:55       1  18175      4      0 
 20250824    18:37:55       2  18177      4      0 
 20250824    18:37:55       3  18103      4      0 
 20250824    18:38:00       0  18101      4      0 
 20250824    18:38:00       1  18175      4      0 
 20250824    18:38:00       2  18177      4      0 
 20250824    18:38:00       3  18103      4      0 
 20250824    18:38:05       0  18101      4      0 
 20250824    18:38:05       1  18175      4      0 
 20250824    18:38:05       2  18177      4      0 
 20250824    18:38:05       3  18103      4      0 
 20250824    18:38:10       0  18101      4      0 
 20250824    18:38:10       1  18175      4      0 
 20250824    18:38:10       2  18177      4      0 
 20250824    18:38:10       3  18103      4      0 
 20250824    18:38:15       0  18101      4      0 
 20250824    18:38:15       1  18175      4      0 
 20250824    18:38:15       2  18177      4      0 
 20250824    18:38:15       3  18103      4      0 
 20250824    18:38:20       0  18101      4      0 
 20250824    18:38:20       1  18175      4      0 
 20250824    18:38:20       2  18177      4      0 
 20250824    18:38:20       3  18103      4      0 
 20250824    18:38:25       0  18101      4      0 
 20250824    18:38:25       1  18175      4      0 
 20250824    18:38:25       2  18177      4      0 
 20250824    18:38:25       3  18103      4      0 
 20250824    18:38:30       0  18101      4      0 
 20250824    18:38:30       1  18175      4      0 
 20250824    18:38:30       2  18177      4      0 
 20250824    18:38:30       3  18103      4      0 
 20250824    18:38:35       0  18101      4      0 
 20250824    18:38:35       1  18175      4      0 
 20250824    18:38:35       2  18177      4      0 
 20250824    18:38:35       3  18103      4      0 
 20250824    18:38:40       0  18101      4      0 
 20250824    18:38:40       1  18175      4      0 
 20250824    18:38:40       2  18177      4      0 
 20250824    18:38:40       3  18103      4      0 
#Date        Time         gpu     fb   bar1   ccpm 
#YYYYMMDD    HH:MM:SS     Idx     MB     MB     MB 
 20250824    18:38:45       0  18101      4      0 
 20250824    18:38:45       1  18175      4      0 
 20250824    18:38:45       2  18177      4      0 
 20250824    18:38:45       3  18103      4      0 
 20250824    18:38:50       0  18101      4      0 
 20250824    18:38:50       1  18175      4      0 
 20250824    18:38:50       2  18177      4      0 
 20250824    18:38:50       3  18103      4      0 
 20250824    18:38:55       0  18101      4      0 
 20250824    18:38:55       1  18175      4      0 
 20250824    18:38:55       2  18177      4      0 
 20250824    18:38:55       3  18103      4      0 
 20250824    18:39:00       0  18101      4      0 
 20250824    18:39:00       1  18175      4      0 
 20250824    18:39:00       2  18177      4      0 
 20250824    18:39:00       3  18103      4      0 
 20250824    18:39:05       0  18101      4      0 
 20250824    18:39:05       1  18175      4      0 
 20250824    18:39:05       2  18177      4      0 
 20250824    18:39:05       3  18103      4      0 
 20250824    18:39:10       0  18101      4      0 
 20250824    18:39:10       1  18175      4      0 
 20250824    18:39:10       2  18177      4      0 
 20250824    18:39:10       3  18103      4      0 
 20250824    18:39:15       0  18101      4      0 
 20250824    18:39:15       1  18175      4      0 
 20250824    18:39:15       2  18177      4      0 
 20250824    18:39:15       3  18103      4      0 
 20250824    18:39:20       0  18101      4      0 
 20250824    18:39:20       1  18175      4      0 
 20250824    18:39:20       2  18177      4      0 
 20250824    18:39:20       3  18103      4      0 
 20250824    18:39:25       0  18101      4      0 
 20250824    18:39:25       1  18175      4      0 
 20250824    18:39:25       2  18177      4      0 
 20250824    18:39:25       3  18103      4      0 
 20250824    18:39:30       0  18101      4      0 
 20250824    18:39:30       1  18175      4      0 
 20250824    18:39:30       2  18177      4      0 
 20250824    18:39:30       3  18103      4      0 
 20250824    18:39:35       0  18101      4      0 
 20250824    18:39:35       1  18175      4      0 
 20250824    18:39:35       2  18177      4      0 
 20250824    18:39:35       3  18103      4      0 
#Date        Time         gpu     fb   bar1   ccpm 
#YYYYMMDD    HH:MM:SS     Idx     MB     MB     MB 
 20250824    18:39:40       0  18101      4      0 
 20250824    18:39:40       1  18175      4      0 
 20250824    18:39:40       2  18177      4      0 
 20250824    18:39:40       3  18103      4      0 
 20250824    18:39:45       0  18101      4      0 
 20250824    18:39:45       1  18175      4      0 
 20250824    18:39:45       2  18177      4      0 
 20250824    18:39:45       3  18103      4      0 
 20250824    18:39:50       0  18101      4      0 
 20250824    18:39:50       1  18175      4      0 
 20250824    18:39:50       2  18177      4      0 
 20250824    18:39:50       3  18103      4      0 
 20250824    18:39:55       0  18101      4      0 
 20250824    18:39:55       1  18175      4      0 
 20250824    18:39:55       2  18177      4      0 
 20250824    18:39:55       3  18103      4      0 
 20250824    18:40:00       0  18101      4      0 
 20250824    18:40:00       1  18175      4      0 
 20250824    18:40:00       2  18177      4      0 
 20250824    18:40:00       3  18103      4      0 
 20250824    18:40:05       0  18101      4      0 
 20250824    18:40:05       1  18175      4      0 
 20250824    18:40:05       2  18177      4      0 
 20250824    18:40:05       3  18103      4      0 
 20250824    18:40:10       0  18101      4      0 
 20250824    18:40:10       1  18175      4      0 
 20250824    18:40:10       2  18177      4      0 
 20250824    18:40:10       3  18103      4      0 
 20250824    18:40:15       0  18101      4      0 
 20250824    18:40:15       1  18175      4      0 
 20250824    18:40:15       2  18177      4      0 
 20250824    18:40:15       3  18103      4      0 
 20250824    18:40:20       0  18101      4      0 
 20250824    18:40:20       1  18175      4      0 
 20250824    18:40:20       2  18177      4      0 
 20250824    18:40:20       3  18103      4      0 
 20250824    18:40:25       0  18101      4      0 
 20250824    18:40:25       1  18175      4      0 
 20250824    18:40:25       2  18177      4      0 
 20250824    18:40:25       3  18103      4      0 
 20250824    18:40:30       0  18101      4      0 
 20250824    18:40:30       1  18175      4      0 
 20250824    18:40:30       2  18177      4      0 
 20250824    18:40:30       3  18103      4      0 
#Date        Time         gpu     fb   bar1   ccpm 
#YYYYMMDD    HH:MM:SS     Idx     MB     MB     MB 
 20250824    18:40:35       0  18101      4      0 
 20250824    18:40:35       1  18175      4      0 
 20250824    18:40:35       2  18177      4      0 
 20250824    18:40:35       3  18103      4      0 
 20250824    18:40:40       0  18101      4      0 
 20250824    18:40:40       1  18175      4      0 
 20250824    18:40:40       2  18177      4      0 
 20250824    18:40:40       3  18103      4      0 
 20250824    18:40:45       0  18101      4      0 
 20250824    18:40:45       1  18175      4      0 
 20250824    18:40:45       2  18177      4      0 
 20250824    18:40:45       3  18103      4      0 
 20250824    18:40:50       0  18101      4      0 
 20250824    18:40:50       1  18175      4      0 
 20250824    18:40:50       2  18177      4      0 
 20250824    18:40:50       3  18103      4      0 
 20250824    18:40:55       0  18101      4      0 
 20250824    18:40:55       1  18175      4      0 
 20250824    18:40:55       2  18177      4      0 
 20250824    18:40:55       3  18103      4      0 
 20250824    18:41:00       0  18101      4      0 
 20250824    18:41:00       1  18175      4      0 
 20250824    18:41:00       2  18177      4      0 
 20250824    18:41:00       3  18103      4      0 
 20250824    18:41:05       0  18101      4      0 
 20250824    18:41:05       1  18175      4      0 
 20250824    18:41:05       2  18177      4      0 
 20250824    18:41:05       3  18103      4      0 
 20250824    18:41:10       0  18101      4      0 
 20250824    18:41:10       1  18175      4      0 
 20250824    18:41:10       2  18177      4      0 
 20250824    18:41:10       3  18103      4      0 
 20250824    18:41:15       0  18101      4      0 
 20250824    18:41:15       1  18175      4      0 
 20250824    18:41:15       2  18177      4      0 
 20250824    18:41:15       3  18103      4      0 
 20250824    18:41:20       0  18101      4      0 
 20250824    18:41:20       1  18175      4      0 
 20250824    18:41:20       2  18177      4      0 
 20250824    18:41:20       3  18103      4      0 
 20250824    18:41:25       0  18101      4      0 
 20250824    18:41:25       1  18175      4      0 
 20250824    18:41:25       2  18177      4      0 
 20250824    18:41:25       3  18103      4      0 
#Date        Time         gpu     fb   bar1   ccpm 
#YYYYMMDD    HH:MM:SS     Idx     MB     MB     MB 
 20250824    18:41:30       0  18101      4      0 
 20250824    18:41:30       1  18175      4      0 
 20250824    18:41:30       2  18177      4      0 
 20250824    18:41:30       3  18103      4      0 
 20250824    18:41:35       0  18101      4      0 
 20250824    18:41:35       1  18175      4      0 
 20250824    18:41:35       2  18177      4      0 
 20250824    18:41:35       3  18103      4      0 
 20250824    18:41:40       0  18101      4      0 
 20250824    18:41:40       1  18175      4      0 
 20250824    18:41:40       2  18177      4      0 
 20250824    18:41:40       3  18103      4      0 
 20250824    18:41:45       0  18101      4      0 
 20250824    18:41:45       1  18175      4      0 
 20250824    18:41:45       2  18177      4      0 
 20250824    18:41:45       3  18103      4      0 
 20250824    18:41:50       0  18101      4      0 
 20250824    18:41:50       1  18175      4      0 
 20250824    18:41:50       2  18177      4      0 
 20250824    18:41:50       3  18103      4      0 
 20250824    18:41:55       0  18101      4      0 
 20250824    18:41:55       1  18175      4      0 
 20250824    18:41:55       2  18177      4      0 
 20250824    18:41:55       3  18103      4      0 
 20250824    18:42:00       0  18101      4      0 
 20250824    18:42:00       1  18175      4      0 
 20250824    18:42:00       2  18177      4      0 
 20250824    18:42:00       3  18103      4      0 
 20250824    18:42:05       0  18101      4      0 
 20250824    18:42:05       1  18175      4      0 
 20250824    18:42:05       2  18177      4      0 
 20250824    18:42:05       3  18103      4      0 
 20250824    18:42:10       0  18101      4      0 
 20250824    18:42:10       1  18175      4      0 
 20250824    18:42:10       2  18177      4      0 
 20250824    18:42:10       3  18103      4      0 
 20250824    18:42:15       0  18101      4      0 
 20250824    18:42:15       1  18175      4      0 
 20250824    18:42:15       2  18177      4      0 
 20250824    18:42:15       3  18103      4      0 
 20250824    18:42:20       0  18101      4      0 
 20250824    18:42:20       1  18175      4      0 
 20250824    18:42:20       2  18177      4      0 
 20250824    18:42:20       3  18103      4      0 
#Date        Time         gpu     fb   bar1   ccpm 
#YYYYMMDD    HH:MM:SS     Idx     MB     MB     MB 
 20250824    18:42:25       0  18101      4      0 
 20250824    18:42:25       1  18175      4      0 
 20250824    18:42:25       2  18177      4      0 
 20250824    18:42:25       3  18103      4      0 
 20250824    18:42:30       0  18101      4      0 
 20250824    18:42:30       1  18175      4      0 
 20250824    18:42:30       2  18177      4      0 
 20250824    18:42:30       3  18103      4      0 
 20250824    18:42:35       0  18101      4      0 
 20250824    18:42:35       1  18175      4      0 
 20250824    18:42:35       2  18177      4      0 
 20250824    18:42:35       3  18103      4      0 
 20250824    18:42:40       0  18101      4      0 
 20250824    18:42:40       1  18175      4      0 
 20250824    18:42:40       2  18177      4      0 
 20250824    18:42:40       3  18103      4      0 
 20250824    18:42:45       0  18101      4      0 
 20250824    18:42:45       1  18175      4      0 
 20250824    18:42:45       2  18177      4      0 
 20250824    18:42:45       3  18103      4      0 
 20250824    18:42:50       0  18101      4      0 
 20250824    18:42:50       1  18175      4      0 
 20250824    18:42:50       2  18177      4      0 
 20250824    18:42:50       3  18103      4      0 
 20250824    18:42:55       0  18101      4      0 
 20250824    18:42:55       1  18175      4      0 
 20250824    18:42:55       2  18177      4      0 
 20250824    18:42:55       3  18103      4      0 
 20250824    18:43:00       0  18101      4      0 
 20250824    18:43:00       1  18175      4      0 
 20250824    18:43:00       2  18177      4      0 
 20250824    18:43:00       3  18103      4      0 
 20250824    18:43:05       0  18101      4      0 
 20250824    18:43:05       1  18175      4      0 
 20250824    18:43:05       2  18177      4      0 
 20250824    18:43:05       3  18103      4      0 
 20250824    18:43:10       0  18101      4      0 
 20250824    18:43:10       1  18175      4      0 
 20250824    18:43:10       2  18177      4      0 
 20250824    18:43:10       3  18103      4      0 
 20250824    18:43:15       0  18101      4      0 
 20250824    18:43:15       1  18175      4      0 
 20250824    18:43:15       2  18177      4      0 
 20250824    18:43:15       3  18103      4      0 
#Date        Time         gpu     fb   bar1   ccpm 
#YYYYMMDD    HH:MM:SS     Idx     MB     MB     MB 
 20250824    18:43:20       0  18101      4      0 
 20250824    18:43:20       1  18175      4      0 
 20250824    18:43:20       2  18177      4      0 
 20250824    18:43:20       3  18103      4      0 
 20250824    18:43:25       0  18101      4      0 
 20250824    18:43:25       1  18175      4      0 
 20250824    18:43:25       2  18177      4      0 
 20250824    18:43:25       3  18103      4      0 
 20250824    18:43:30       0  18101      4      0 
 20250824    18:43:30       1  18175      4      0 
 20250824    18:43:30       2  18177      4      0 
 20250824    18:43:30       3  18103      4      0 
 20250824    18:43:35       0  18101      4      0 
 20250824    18:43:35       1  18175      4      0 
 20250824    18:43:35       2  18177      4      0 
 20250824    18:43:35       3  18103      4      0 
 20250824    18:43:40       0  18101      4      0 
 20250824    18:43:40       1  18175      4      0 
 20250824    18:43:40       2  18177      4      0 
 20250824    18:43:40       3  18103      4      0 
 20250824    18:43:45       0  18101      4      0 
 20250824    18:43:45       1  18175      4      0 
 20250824    18:43:45       2  18177      4      0 
 20250824    18:43:45       3  18103      4      0 
 20250824    18:43:50       0  18101      4      0 
 20250824    18:43:50       1  18175      4      0 
 20250824    18:43:50       2  18177      4      0 
 20250824    18:43:50       3  18103      4      0 
 20250824    18:43:55       0  18101      4      0 
 20250824    18:43:55       1  18175      4      0 
 20250824    18:43:55       2  18177      4      0 
 20250824    18:43:55       3  18103      4      0 
 20250824    18:44:00       0  18101      4      0 
 20250824    18:44:00       1  18175      4      0 
 20250824    18:44:00       2  18177      4      0 
 20250824    18:44:00       3  18103      4      0 
 20250824    18:44:05       0  18101      4      0 
 20250824    18:44:05       1  18175      4      0 
 20250824    18:44:05       2  18177      4      0 
 20250824    18:44:05       3  18103      4      0 
 20250824    18:44:10       0  18101      4      0 
 20250824    18:44:10       1  18175      4      0 
 20250824    18:44:10       2  18177      4      0 
 20250824    18:44:10       3  18103      4      0 
#Date        Time         gpu     fb   bar1   ccpm 
#YYYYMMDD    HH:MM:SS     Idx     MB     MB     MB 
 20250824    18:44:15       0  18101      4      0 
 20250824    18:44:15       1  18175      4      0 
 20250824    18:44:15       2  18177      4      0 
 20250824    18:44:15       3  18103      4      0 
 20250824    18:44:20       0  18101      4      0 
 20250824    18:44:20       1  18175      4      0 
 20250824    18:44:20       2  18177      4      0 
 20250824    18:44:20       3  18103      4      0 
 20250824    18:44:25       0  18101      4      0 
 20250824    18:44:25       1  18175      4      0 
 20250824    18:44:25       2  18177      4      0 
 20250824    18:44:25       3  18103      4      0 
 20250824    18:44:30       0  18101      4      0 
 20250824    18:44:30       1  18175      4      0 
 20250824    18:44:30       2  18177      4      0 
 20250824    18:44:30       3  18103      4      0 
 20250824    18:44:35       0  18101      4      0 
 20250824    18:44:35       1  18175      4      0 
 20250824    18:44:35       2  18177      4      0 
 20250824    18:44:35       3  18103      4      0 
 20250824    18:44:40       0  18101      4      0 
 20250824    18:44:40       1  18175      4      0 
 20250824    18:44:40       2  18177      4      0 
 20250824    18:44:40       3  18103      4      0 
 20250824    18:44:45       0  18101      4      0 
 20250824    18:44:45       1  18175      4      0 
 20250824    18:44:45       2  18177      4      0 
 20250824    18:44:45       3  18103      4      0 
 20250824    18:44:50       0  18101      4      0 
 20250824    18:44:50       1  18175      4      0 
 20250824    18:44:50       2  18177      4      0 
 20250824    18:44:50       3  18103      4      0 
 20250824    18:44:55       0  18101      4      0 
 20250824    18:44:55       1  18175      4      0 
 20250824    18:44:55       2  18177      4      0 
 20250824    18:44:55       3  18103      4      0 
 20250824    18:45:00       0  18101      4      0 
 20250824    18:45:00       1  18175      4      0 
 20250824    18:45:00       2  18177      4      0 
 20250824    18:45:00       3  18103      4      0 
 20250824    18:45:05       0  18101      4      0 
 20250824    18:45:05       1  18175      4      0 
 20250824    18:45:05       2  18177      4      0 
 20250824    18:45:05       3  18103      4      0 
#Date        Time         gpu     fb   bar1   ccpm 
#YYYYMMDD    HH:MM:SS     Idx     MB     MB     MB 
 20250824    18:45:10       0  18101      4      0 
 20250824    18:45:10       1  18175      4      0 
 20250824    18:45:10       2  18177      4      0 
 20250824    18:45:10       3  18103      4      0 
 20250824    18:45:15       0  18101      4      0 
 20250824    18:45:15       1  18175      4      0 
 20250824    18:45:15       2  18177      4      0 
 20250824    18:45:15       3  18103      4      0 
 20250824    18:45:20       0  18101      4      0 
 20250824    18:45:20       1  18175      4      0 
 20250824    18:45:20       2  18177      4      0 
 20250824    18:45:20       3  18103      4      0 
 20250824    18:45:25       0  18101      4      0 
 20250824    18:45:25       1  18175      4      0 
 20250824    18:45:25       2  18177      4      0 
 20250824    18:45:25       3  18103      4      0 
 20250824    18:45:30       0  18101      4      0 
 20250824    18:45:30       1  18175      4      0 
 20250824    18:45:30       2  18177      4      0 
 20250824    18:45:30       3  18103      4      0 
 20250824    18:45:35       0  18101      4      0 
 20250824    18:45:35       1  18175      4      0 
 20250824    18:45:35       2  18177      4      0 
 20250824    18:45:35       3  18103      4      0 
 20250824    18:45:40       0  18101      4      0 
 20250824    18:45:40       1  18175      4      0 
 20250824    18:45:40       2  18177      4      0 
 20250824    18:45:40       3  18103      4      0 
 20250824    18:45:45       0  18101      4      0 
 20250824    18:45:45       1  18175      4      0 
 20250824    18:45:45       2  18177      4      0 
 20250824    18:45:45       3  18103      4      0 
 20250824    18:45:50       0  18101      4      0 
 20250824    18:45:50       1  18175      4      0 
 20250824    18:45:50       2  18177      4      0 
 20250824    18:45:50       3  18103      4      0 
 20250824    18:45:55       0  18101      4      0 
 20250824    18:45:55       1  18175      4      0 
 20250824    18:45:55       2  18177      4      0 
 20250824    18:45:55       3  18103      4      0 
 20250824    18:46:00       0  18101      4      0 
 20250824    18:46:00       1  18175      4      0 
 20250824    18:46:00       2  18177      4      0 
 20250824    18:46:00       3  18103      4      0 
#Date        Time         gpu     fb   bar1   ccpm 
#YYYYMMDD    HH:MM:SS     Idx     MB     MB     MB 
 20250824    18:46:05       0  18101      4      0 
 20250824    18:46:05       1  18175      4      0 
 20250824    18:46:05       2  18177      4      0 
 20250824    18:46:05       3  18103      4      0 
 20250824    18:46:10       0  18101      4      0 
 20250824    18:46:10       1  18175      4      0 
 20250824    18:46:10       2  18177      4      0 
 20250824    18:46:10       3  18103      4      0 
 20250824    18:46:15       0  18101      4      0 
 20250824    18:46:15       1  18175      4      0 
 20250824    18:46:15       2  18177      4      0 
 20250824    18:46:15       3  18103      4      0 
 20250824    18:46:20       0  18101      4      0 
 20250824    18:46:20       1  18175      4      0 
 20250824    18:46:20       2  18177      4      0 
 20250824    18:46:20       3  18103      4      0 
 20250824    18:46:25       0  18101      4      0 
 20250824    18:46:25       1  18175      4      0 
 20250824    18:46:25       2  18177      4      0 
 20250824    18:46:25       3  18103      4      0 
 20250824    18:46:30       0  18101      4      0 
 20250824    18:46:30       1  18175      4      0 
 20250824    18:46:30       2  18177      4      0 
 20250824    18:46:30       3  18103      4      0 
 20250824    18:46:35       0  18101      4      0 
 20250824    18:46:35       1  18175      4      0 
 20250824    18:46:35       2  18177      4      0 
 20250824    18:46:35       3  18103      4      0 
 20250824    18:46:40       0  18101      4      0 
 20250824    18:46:40       1  18175      4      0 
 20250824    18:46:40       2  18177      4      0 
 20250824    18:46:40       3  18103      4      0 
 20250824    18:46:45       0  18101      4      0 
 20250824    18:46:45       1  18175      4      0 
 20250824    18:46:45       2  18177      4      0 
 20250824    18:46:45       3  18103      4      0 
 20250824    18:46:50       0  18101      4      0 
 20250824    18:46:50       1  18175      4      0 
 20250824    18:46:50       2  18177      4      0 
 20250824    18:46:50       3  18103      4      0 
 20250824    18:46:55       0  18101      4      0 
 20250824    18:46:55       1  18175      4      0 
 20250824    18:46:55       2  18177      4      0 
 20250824    18:46:55       3  18103      4      0 
#Date        Time         gpu     fb   bar1   ccpm 
#YYYYMMDD    HH:MM:SS     Idx     MB     MB     MB 
 20250824    18:47:00       0  18101      4      0 
 20250824    18:47:00       1  18175      4      0 
 20250824    18:47:00       2  18177      4      0 
 20250824    18:47:00       3  18103      4      0 
 20250824    18:47:05       0  18101      4      0 
 20250824    18:47:05       1  18175      4      0 
 20250824    18:47:05       2  18177      4      0 
 20250824    18:47:05       3  18103      4      0 
 20250824    18:47:10       0  18101      4      0 
 20250824    18:47:10       1  18175      4      0 
 20250824    18:47:10       2  18177      4      0 
 20250824    18:47:10       3  18103      4      0 
 20250824    18:47:15       0  18101      4      0 
 20250824    18:47:15       1  18175      4      0 
 20250824    18:47:15       2  18177      4      0 
 20250824    18:47:15       3  18103      4      0 
 20250824    18:47:20       0  18101      4      0 
 20250824    18:47:20       1  18175      4      0 
 20250824    18:47:20       2  18177      4      0 
 20250824    18:47:20       3  18103      4      0 
 20250824    18:47:25       0  18101      4      0 
 20250824    18:47:25       1  18175      4      0 
 20250824    18:47:25       2  18177      4      0 
 20250824    18:47:25       3  18103      4      0 
 20250824    18:47:30       0  18101      4      0 
 20250824    18:47:30       1  18175      4      0 
 20250824    18:47:30       2  18177      4      0 
 20250824    18:47:30       3  18103      4      0 
 20250824    18:47:35       0  18101      4      0 
 20250824    18:47:35       1  18175      4      0 
 20250824    18:47:35       2  18177      4      0 
 20250824    18:47:35       3  18103      4      0 
 20250824    18:47:40       0  18101      4      0 
 20250824    18:47:40       1  18175      4      0 
 20250824    18:47:40       2  18177      4      0 
 20250824    18:47:40       3  18103      4      0 
 20250824    18:47:45       0  18101      4      0 
 20250824    18:47:45       1  18175      4      0 
 20250824    18:47:45       2  18177      4      0 
 20250824    18:47:45       3  18103      4      0 
 20250824    18:47:50       0  18101      4      0 
 20250824    18:47:50       1  18175      4      0 
 20250824    18:47:50       2  18177      4      0 
 20250824    18:47:50       3  18103      4      0 
#Date        Time         gpu     fb   bar1   ccpm 
#YYYYMMDD    HH:MM:SS     Idx     MB     MB     MB 
 20250824    18:47:55       0  18101      4      0 
 20250824    18:47:55       1  18175      4      0 
 20250824    18:47:55       2  18177      4      0 
 20250824    18:47:55       3  18103      4      0 
 20250824    18:48:00       0  18101      4      0 
 20250824    18:48:00       1  18175      4      0 
 20250824    18:48:00       2  18177      4      0 
 20250824    18:48:00       3  18103      4      0 
 20250824    18:48:05       0  18101      4      0 
 20250824    18:48:05       1  18175      4      0 
 20250824    18:48:05       2  18177      4      0 
 20250824    18:48:05       3  18103      4      0 
 20250824    18:48:10       0  18101      4      0 
 20250824    18:48:10       1  18175      4      0 
 20250824    18:48:10       2  18177      4      0 
 20250824    18:48:10       3  18103      4      0 
 20250824    18:48:15       0  18101      4      0 
 20250824    18:48:15       1  18175      4      0 
 20250824    18:48:15       2  18177      4      0 
 20250824    18:48:15       3  18103      4      0 
 20250824    18:48:20       0  18101      4      0 
 20250824    18:48:20       1  18175      4      0 
 20250824    18:48:20       2  18177      4      0 
 20250824    18:48:20       3  18103      4      0 
 20250824    18:48:25       0  18101      4      0 
 20250824    18:48:25       1  18175      4      0 
 20250824    18:48:25       2  18177      4      0 
 20250824    18:48:25       3  18103      4      0 
 20250824    18:48:30       0  18101      4      0 
 20250824    18:48:30       1  18175      4      0 
 20250824    18:48:30       2  18177      4      0 
 20250824    18:48:30       3  18103      4      0 
 20250824    18:48:35       0  18101      4      0 
 20250824    18:48:35       1  18175      4      0 
 20250824    18:48:35       2  18177      4      0 
 20250824    18:48:35       3  18103      4      0 
 20250824    18:48:40       0  18101      4      0 
 20250824    18:48:40       1  18175      4      0 
 20250824    18:48:40       2  18177      4      0 
 20250824    18:48:40       3  18103      4      0 
 20250824    18:48:45       0  18101      4      0 
 20250824    18:48:45       1  18175      4      0 
 20250824    18:48:45       2  18177      4      0 
 20250824    18:48:45       3  18103      4      0 
#Date        Time         gpu     fb   bar1   ccpm 
#YYYYMMDD    HH:MM:SS     Idx     MB     MB     MB 
 20250824    18:48:50       0  18101      4      0 
 20250824    18:48:50       1  18175      4      0 
 20250824    18:48:50       2  18177      4      0 
 20250824    18:48:50       3  18103      4      0 
 20250824    18:48:55       0  18101      4      0 
 20250824    18:48:55       1  18175      4      0 
 20250824    18:48:55       2  18177      4      0 
 20250824    18:48:55       3  18103      4      0 
 20250824    18:49:00       0  18101      4      0 
 20250824    18:49:00       1  18175      4      0 
 20250824    18:49:00       2  18177      4      0 
 20250824    18:49:00       3  18103      4      0 
 20250824    18:49:05       0  18101      4      0 
 20250824    18:49:05       1  18175      4      0 
 20250824    18:49:05       2  18177      4      0 
 20250824    18:49:05       3  18103      4      0 
 20250824    18:49:10       0  18101      4      0 
 20250824    18:49:10       1  18175      4      0 
 20250824    18:49:10       2  18177      4      0 
 20250824    18:49:10       3  18103      4      0 
 20250824    18:49:15       0  18101      4      0 
 20250824    18:49:15       1  18175      4      0 
 20250824    18:49:15       2  18177      4      0 
 20250824    18:49:15       3  18103      4      0 
 20250824    18:49:20       0  18101      4      0 
 20250824    18:49:20       1  18175      4      0 
 20250824    18:49:20       2  18177      4      0 
 20250824    18:49:20       3  18103      4      0 
 20250824    18:49:25       0  18101      4      0 
 20250824    18:49:25       1  18175      4      0 
 20250824    18:49:25       2  18177      4      0 
 20250824    18:49:25       3  18103      4      0 
 20250824    18:49:30       0  18101      4      0 
 20250824    18:49:30       1  18175      4      0 
 20250824    18:49:30       2  18177      4      0 
 20250824    18:49:30       3  18103      4      0 
 20250824    18:49:35       0  18101      4      0 
 20250824    18:49:35       1  18175      4      0 
 20250824    18:49:35       2  18177      4      0 
 20250824    18:49:35       3  18103      4      0 
 20250824    18:49:40       0  18101      4      0 
 20250824    18:49:40       1  18175      4      0 
 20250824    18:49:40       2  18177      4      0 
 20250824    18:49:40       3  18103      4      0 
#Date        Time         gpu     fb   bar1   ccpm 
#YYYYMMDD    HH:MM:SS     Idx     MB     MB     MB 
 20250824    18:49:45       0  18101      4      0 
 20250824    18:49:45       1  18175      4      0 
 20250824    18:49:45       2  18177      4      0 
 20250824    18:49:45       3  18103      4      0 
 20250824    18:49:50       0  18101      4      0 
 20250824    18:49:50       1  18175      4      0 
 20250824    18:49:50       2  18177      4      0 
 20250824    18:49:50       3  18103      4      0 
 20250824    18:49:55       0  18101      4      0 
 20250824    18:49:55       1  18175      4      0 
 20250824    18:49:55       2  18177      4      0 
 20250824    18:49:55       3  18103      4      0 
 20250824    18:50:00       0  18101      4      0 
 20250824    18:50:00       1  18175      4      0 
 20250824    18:50:00       2  18177      4      0 
 20250824    18:50:00       3  18103      4      0 
 20250824    18:50:05       0  18101      4      0 
 20250824    18:50:05       1  18175      4      0 
 20250824    18:50:05       2  18177      4      0 
 20250824    18:50:05       3  18103      4      0 
 20250824    18:50:10       0  18101      4      0 
 20250824    18:50:10       1  18175      4      0 
 20250824    18:50:10       2  18177      4      0 
 20250824    18:50:10       3  18103      4      0 
 20250824    18:50:15       0  18101      4      0 
 20250824    18:50:15       1  18175      4      0 
 20250824    18:50:15       2  18177      4      0 
 20250824    18:50:15       3  18103      4      0 
 20250824    18:50:20       0  18101      4      0 
 20250824    18:50:20       1  18175      4      0 
 20250824    18:50:20       2  18177      4      0 
 20250824    18:50:20       3  18103      4      0 
 20250824    18:50:25       0  18101      4      0 
 20250824    18:50:25       1  18175      4      0 
 20250824    18:50:25       2  18177      4      0 
 20250824    18:50:25       3  18103      4      0 
 20250824    18:50:30       0  18101      4      0 
 20250824    18:50:30       1  18175      4      0 
 20250824    18:50:30       2  18177      4      0 
 20250824    18:50:30       3  18103      4      0 
 20250824    18:50:35       0  18101      4      0 
 20250824    18:50:35       1  18175      4      0 
 20250824    18:50:35       2  18177      4      0 
 20250824    18:50:35       3  18103      4      0 
#Date        Time         gpu     fb   bar1   ccpm 
#YYYYMMDD    HH:MM:SS     Idx     MB     MB     MB 
 20250824    18:50:40       0  18101      4      0 
 20250824    18:50:40       1  18175      4      0 
 20250824    18:50:40       2  18177      4      0 
 20250824    18:50:40       3  18103      4      0 
 20250824    18:50:45       0  18101      4      0 
 20250824    18:50:45       1  18175      4      0 
 20250824    18:50:45       2  18177      4      0 
 20250824    18:50:45       3  18103      4      0 
 20250824    18:50:50       0  18101      4      0 
 20250824    18:50:50       1  18175      4      0 
 20250824    18:50:50       2  18177      4      0 
 20250824    18:50:50       3  18103      4      0 
 20250824    18:50:55       0  18101      4      0 
 20250824    18:50:55       1  18175      4      0 
 20250824    18:50:55       2  18177      4      0 
 20250824    18:50:55       3  18103      4      0 
 20250824    18:51:00       0  18101      4      0 
 20250824    18:51:00       1  18175      4      0 
 20250824    18:51:00       2  18177      4      0 
 20250824    18:51:00       3  18103      4      0 
 20250824    18:51:05       0  18101      4      0 
 20250824    18:51:05       1  18175      4      0 
 20250824    18:51:05       2  18177      4      0 
 20250824    18:51:05       3  18103      4      0 
 20250824    18:51:10       0  18101      4      0 
 20250824    18:51:10       1  18175      4      0 
 20250824    18:51:10       2  18177      4      0 
 20250824    18:51:10       3  18103      4      0 
 20250824    18:51:15       0  18101      4      0 
 20250824    18:51:15       1  18175      4      0 
 20250824    18:51:15       2  18177      4      0 
 20250824    18:51:15       3  18103      4      0 
 20250824    18:51:20       0      4      2      0 
 20250824    18:51:20       1      4      2      0 
 20250824    18:51:20       2  17083      4      0 
 20250824    18:51:20       3  17083      4      0 
 20250824    18:51:28       0      4      2      0 
 20250824    18:51:28       1      4      2      0 
 20250824    18:51:28       2      4      2      0 
 20250824    18:51:28       3      4      2      0 
