#Date        Time         gpu     fb   bar1   ccpm 
#YYYYMMDD    HH:MM:SS     Idx     MB     MB     MB 
 20250825    20:55:12       0      0      1      0 
 20250825    20:55:12       1      0      1      0 
 20250825    20:55:12       2      0      1      0 
 20250825    20:55:12       3      0      1      0 
 20250825    20:55:17       0      0      1      0 
 20250825    20:55:17       1      0      1      0 
 20250825    20:55:17       2      0      1      0 
 20250825    20:55:17       3      0      1      0 
 20250825    20:55:22       0      4      2      0 
 20250825    20:55:22       1      4      2      0 
 20250825    20:55:22       2      4      2      0 
 20250825    20:55:22       3      4      2      0 
 20250825    20:55:27       0      4      2      0 
 20250825    20:55:27       1      4      2      0 
 20250825    20:55:27       2      4      2      0 
 20250825    20:55:27       3      4      2      0 
 20250825    20:55:32       0      4      2      0 
 20250825    20:55:32       1      4      2      0 
 20250825    20:55:32       2      4      2      0 
 20250825    20:55:32       3      4      2      0 
 20250825    20:55:37       0      4      2      0 
 20250825    20:55:37       1      4      2      0 
 20250825    20:55:37       2      4      2      0 
 20250825    20:55:37       3      4      2      0 
 20250825    20:55:42       0      4      2      0 
 20250825    20:55:42       1      4      2      0 
 20250825    20:55:42       2      4      2      0 
 20250825    20:55:42       3      4      2      0 
 20250825    20:55:47       0      4      2      0 
 20250825    20:55:47       1      4      2      0 
 20250825    20:55:47       2      4      2      0 
 20250825    20:55:47       3      4      2      0 
 20250825    20:55:52       0      4      2      0 
 20250825    20:55:52       1    425      4      0 
 20250825    20:55:52       2    425      4      0 
 20250825    20:55:52       3    425      4      0 
 20250825    20:55:57       0      4      2      0 
 20250825    20:55:57       1    425      4      0 
 20250825    20:55:57       2    425      4      0 
 20250825    20:55:57       3    425      4      0 
 20250825    20:56:02       0      4      2      0 
 20250825    20:56:02       1    425      4      0 
 20250825    20:56:02       2    425      4      0 
 20250825    20:56:02       3    425      4      0 
#Date        Time         gpu     fb   bar1   ccpm 
#YYYYMMDD    HH:MM:SS     Idx     MB     MB     MB 
 20250825    20:56:07       0      4      2      0 
 20250825    20:56:07       1    425      4      0 
 20250825    20:56:07       2    425      4      0 
 20250825    20:56:07       3    425      4      0 
 20250825    20:56:12       0      4      2      0 
 20250825    20:56:12       1    425      4      0 
 20250825    20:56:12       2    425      4      0 
 20250825    20:56:12       3    425      4      0 
 20250825    20:56:17       0      4      2      0 
 20250825    20:56:17       1    425      4      0 
 20250825    20:56:17       2    425      4      0 
 20250825    20:56:17       3    425      4      0 
 20250825    20:56:22       0      4      2      0 
 20250825    20:56:22       1    425      4      0 
 20250825    20:56:22       2    425      4      0 
 20250825    20:56:22       3    425      4      0 
 20250825    20:56:27       0      4      2      0 
 20250825    20:56:27       1    425      4      0 
 20250825    20:56:27       2    425      4      0 
 20250825    20:56:27       3    425      4      0 
 20250825    20:56:32       0      4      2      0 
 20250825    20:56:32       1    425      4      0 
 20250825    20:56:32       2    425      4      0 
 20250825    20:56:32       3    425      4      0 
 20250825    20:56:37       0      4      2      0 
 20250825    20:56:37       1    425      4      0 
 20250825    20:56:37       2    425      4      0 
 20250825    20:56:37       3    425      4      0 
 20250825    20:56:42       0      4      2      0 
 20250825    20:56:42       1    425      4      0 
 20250825    20:56:42       2    425      4      0 
 20250825    20:56:42       3    425      4      0 
 20250825    20:56:47       0      4      2      0 
 20250825    20:56:47       1    425      4      0 
 20250825    20:56:47       2    425      4      0 
 20250825    20:56:47       3    425      4      0 
 20250825    20:56:52       0      4      2      0 
 20250825    20:56:52       1    425      4      0 
 20250825    20:56:52       2    425      4      0 
 20250825    20:56:52       3    425      4      0 
 20250825    20:56:57       0      4      2      0 
 20250825    20:56:57       1    425      4      0 
 20250825    20:56:57       2    425      4      0 
 20250825    20:56:57       3    425      4      0 
#Date        Time         gpu     fb   bar1   ccpm 
#YYYYMMDD    HH:MM:SS     Idx     MB     MB     MB 
 20250825    20:57:02       0      4      2      0 
 20250825    20:57:02       1    425      4      0 
 20250825    20:57:02       2    425      4      0 
 20250825    20:57:02       3    425      4      0 
 20250825    20:57:07       0      4      2      0 
 20250825    20:57:07       1    425      4      0 
 20250825    20:57:07       2    425      4      0 
 20250825    20:57:07       3    425      4      0 
 20250825    20:57:12       0      4      2      0 
 20250825    20:57:12       1    425      4      0 
 20250825    20:57:12       2    425      4      0 
 20250825    20:57:12       3    425      4      0 
 20250825    20:57:17       0      4      2      0 
 20250825    20:57:17       1    425      4      0 
 20250825    20:57:17       2    425      4      0 
 20250825    20:57:17       3    425      4      0 
 20250825    20:57:22       0      4      2      0 
 20250825    20:57:22       1    425      4      0 
 20250825    20:57:22       2    425      4      0 
 20250825    20:57:22       3    425      4      0 
 20250825    20:57:27       0      4      2      0 
 20250825    20:57:27       1    425      4      0 
 20250825    20:57:27       2    425      4      0 
 20250825    20:57:27       3    425      4      0 
 20250825    20:57:32       0      4      2      0 
 20250825    20:57:32       1    425      4      0 
 20250825    20:57:32       2    425      4      0 
 20250825    20:57:32       3    425      4      0 
 20250825    20:57:37       0      4      2      0 
 20250825    20:57:37       1    425      4      0 
 20250825    20:57:37       2    425      4      0 
 20250825    20:57:37       3    425      4      0 
 20250825    20:57:42       0      4      2      0 
 20250825    20:57:42       1    425      4      0 
 20250825    20:57:42       2    425      4      0 
 20250825    20:57:42       3    425      4      0 
 20250825    20:57:47       0      4      2      0 
 20250825    20:57:47       1    425      4      0 
 20250825    20:57:47       2    425      4      0 
 20250825    20:57:47       3    425      4      0 
 20250825    20:57:52       0      4      2      0 
 20250825    20:57:52       1    425      4      0 
 20250825    20:57:52       2    425      4      0 
 20250825    20:57:52       3    425      4      0 
#Date        Time         gpu     fb   bar1   ccpm 
#YYYYMMDD    HH:MM:SS     Idx     MB     MB     MB 
 20250825    20:57:57       0      4      2      0 
 20250825    20:57:57       1    425      4      0 
 20250825    20:57:57       2    425      4      0 
 20250825    20:57:57       3    425      4      0 
 20250825    20:58:02       0      4      2      0 
 20250825    20:58:02       1    425      4      0 
 20250825    20:58:02       2    425      4      0 
 20250825    20:58:02       3    425      4      0 
 20250825    20:58:07       0      4      2      0 
 20250825    20:58:07       1    425      4      0 
 20250825    20:58:07       2    425      4      0 
 20250825    20:58:07       3    425      4      0 
 20250825    20:58:12       0      4      2      0 
 20250825    20:58:12       1    425      4      0 
 20250825    20:58:12       2    425      4      0 
 20250825    20:58:12       3    425      4      0 
 20250825    20:58:17       0      4      2      0 
 20250825    20:58:17       1    425      4      0 
 20250825    20:58:17       2    425      4      0 
 20250825    20:58:17       3    425      4      0 
 20250825    20:58:22       0      4      2      0 
 20250825    20:58:22       1    425      4      0 
 20250825    20:58:22       2    425      4      0 
 20250825    20:58:22       3    425      4      0 
 20250825    20:58:27       0      4      2      0 
 20250825    20:58:27       1    425      4      0 
 20250825    20:58:27       2    425      4      0 
 20250825    20:58:27       3    425      4      0 
 20250825    20:58:32       0      4      2      0 
 20250825    20:58:32       1    425      4      0 
 20250825    20:58:32       2    425      4      0 
 20250825    20:58:32       3    425      4      0 
 20250825    20:58:37       0      4      2      0 
 20250825    20:58:37       1    425      4      0 
 20250825    20:58:37       2    425      4      0 
 20250825    20:58:37       3    425      4      0 
 20250825    20:58:42       0      4      2      0 
 20250825    20:58:42       1    425      4      0 
 20250825    20:58:42       2    425      4      0 
 20250825    20:58:42       3    425      4      0 
 20250825    20:58:47       0      4      2      0 
 20250825    20:58:47       1    425      4      0 
 20250825    20:58:47       2    425      4      0 
 20250825    20:58:47       3    425      4      0 
#Date        Time         gpu     fb   bar1   ccpm 
#YYYYMMDD    HH:MM:SS     Idx     MB     MB     MB 
 20250825    20:58:52       0      4      2      0 
 20250825    20:58:52       1    425      4      0 
 20250825    20:58:52       2    425      4      0 
 20250825    20:58:52       3    425      4      0 
 20250825    20:58:57       0      4      2      0 
 20250825    20:58:57       1    425      4      0 
 20250825    20:58:57       2    425      4      0 
 20250825    20:58:57       3    425      4      0 
 20250825    20:59:02       0      4      2      0 
 20250825    20:59:02       1    425      4      0 
 20250825    20:59:02       2    425      4      0 
 20250825    20:59:02       3    425      4      0 
 20250825    20:59:07       0      4      2      0 
 20250825    20:59:07       1    425      4      0 
 20250825    20:59:07       2    425      4      0 
 20250825    20:59:07       3    425      4      0 
 20250825    20:59:12       0      4      2      0 
 20250825    20:59:12       1    425      4      0 
 20250825    20:59:12       2    425      4      0 
 20250825    20:59:12       3    425      4      0 
 20250825    20:59:17       0      4      2      0 
 20250825    20:59:17       1    425      4      0 
 20250825    20:59:17       2    425      4      0 
 20250825    20:59:17       3    425      4      0 
 20250825    20:59:22       0      4      2      0 
 20250825    20:59:22       1    425      4      0 
 20250825    20:59:22       2    425      4      0 
 20250825    20:59:22       3    425      4      0 
 20250825    20:59:27       0      4      2      0 
 20250825    20:59:27       1    425      4      0 
 20250825    20:59:27       2    425      4      0 
 20250825    20:59:27       3    425      4      0 
 20250825    20:59:32       0      4      2      0 
 20250825    20:59:32       1    425      4      0 
 20250825    20:59:32       2    425      4      0 
 20250825    20:59:32       3    425      4      0 
 20250825    20:59:37       0      4      2      0 
 20250825    20:59:37       1    425      4      0 
 20250825    20:59:37       2    425      4      0 
 20250825    20:59:37       3    425      4      0 
 20250825    20:59:42       0      4      2      0 
 20250825    20:59:42       1    425      4      0 
 20250825    20:59:42       2    425      4      0 
 20250825    20:59:42       3    425      4      0 
#Date        Time         gpu     fb   bar1   ccpm 
#YYYYMMDD    HH:MM:SS     Idx     MB     MB     MB 
 20250825    20:59:47       0      4      2      0 
 20250825    20:59:47       1    425      4      0 
 20250825    20:59:47       2    425      4      0 
 20250825    20:59:47       3    425      4      0 
 20250825    20:59:52       0      4      2      0 
 20250825    20:59:52       1    425      4      0 
 20250825    20:59:52       2    425      4      0 
 20250825    20:59:52       3    425      4      0 
 20250825    20:59:57       0      4      2      0 
 20250825    20:59:57       1    425      4      0 
 20250825    20:59:57       2    425      4      0 
 20250825    20:59:57       3    425      4      0 
 20250825    21:00:02       0      4      2      0 
 20250825    21:00:02       1    425      4      0 
 20250825    21:00:02       2    425      4      0 
 20250825    21:00:02       3    425      4      0 
 20250825    21:00:07       0      4      2      0 
 20250825    21:00:07       1    425      4      0 
 20250825    21:00:07       2    425      4      0 
 20250825    21:00:07       3    425      4      0 
 20250825    21:00:12       0      4      2      0 
 20250825    21:00:12       1    425      4      0 
 20250825    21:00:12       2    425      4      0 
 20250825    21:00:12       3    425      4      0 
 20250825    21:00:17       0      4      2      0 
 20250825    21:00:17       1    425      4      0 
 20250825    21:00:17       2    425      4      0 
 20250825    21:00:17       3    425      4      0 
 20250825    21:00:22       0      4      2      0 
 20250825    21:00:22       1    425      4      0 
 20250825    21:00:22       2    425      4      0 
 20250825    21:00:22       3    425      4      0 
 20250825    21:00:27       0      4      2      0 
 20250825    21:00:27       1    425      4      0 
 20250825    21:00:27       2    425      4      0 
 20250825    21:00:27       3    425      4      0 
 20250825    21:00:32       0      4      2      0 
 20250825    21:00:32       1    425      4      0 
 20250825    21:00:32       2    425      4      0 
 20250825    21:00:32       3    425      4      0 
 20250825    21:00:37       0      4      2      0 
 20250825    21:00:37       1    425      4      0 
 20250825    21:00:37       2    425      4      0 
 20250825    21:00:37       3    425      4      0 
#Date        Time         gpu     fb   bar1   ccpm 
#YYYYMMDD    HH:MM:SS     Idx     MB     MB     MB 
 20250825    21:00:42       0      4      2      0 
 20250825    21:00:42       1    425      4      0 
 20250825    21:00:42       2    425      4      0 
 20250825    21:00:42       3    425      4      0 
 20250825    21:00:47       0      4      2      0 
 20250825    21:00:47       1    425      4      0 
 20250825    21:00:47       2    425      4      0 
 20250825    21:00:47       3    425      4      0 
 20250825    21:00:52       0      4      2      0 
 20250825    21:00:52       1    425      4      0 
 20250825    21:00:52       2    425      4      0 
 20250825    21:00:52       3    425      4      0 
 20250825    21:00:57       0      4      2      0 
 20250825    21:00:57       1    425      4      0 
 20250825    21:00:57       2    425      4      0 
 20250825    21:00:57       3    425      4      0 
 20250825    21:01:02       0      4      2      0 
 20250825    21:01:02       1    425      4      0 
 20250825    21:01:02       2    425      4      0 
 20250825    21:01:02       3    425      4      0 
 20250825    21:01:07       0      4      2      0 
 20250825    21:01:07       1    425      4      0 
 20250825    21:01:07       2    425      4      0 
 20250825    21:01:07       3    425      4      0 
 20250825    21:01:12       0      4      2      0 
 20250825    21:01:12       1    425      4      0 
 20250825    21:01:12       2    425      4      0 
 20250825    21:01:12       3    425      4      0 
 20250825    21:01:17       0      4      2      0 
 20250825    21:01:17       1    425      4      0 
 20250825    21:01:17       2    425      4      0 
 20250825    21:01:17       3    425      4      0 
 20250825    21:01:22       0      4      2      0 
 20250825    21:01:22       1    425      4      0 
 20250825    21:01:22       2    425      4      0 
 20250825    21:01:22       3    425      4      0 
 20250825    21:01:27       0      4      2      0 
 20250825    21:01:27       1    425      4      0 
 20250825    21:01:27       2    425      4      0 
 20250825    21:01:27       3    425      4      0 
 20250825    21:01:32       0      4      2      0 
 20250825    21:01:32       1    425      4      0 
 20250825    21:01:32       2    425      4      0 
 20250825    21:01:32       3    425      4      0 
#Date        Time         gpu     fb   bar1   ccpm 
#YYYYMMDD    HH:MM:SS     Idx     MB     MB     MB 
 20250825    21:01:37       0      4      2      0 
 20250825    21:01:37       1    425      4      0 
 20250825    21:01:37       2    425      4      0 
 20250825    21:01:37       3    425      4      0 
 20250825    21:01:42       0      4      2      0 
 20250825    21:01:42       1    425      4      0 
 20250825    21:01:42       2    425      4      0 
 20250825    21:01:42       3    425      4      0 
 20250825    21:01:47       0      4      2      0 
 20250825    21:01:47       1    425      4      0 
 20250825    21:01:47       2    425      4      0 
 20250825    21:01:47       3    425      4      0 
 20250825    21:01:52       0      4      2      0 
 20250825    21:01:52       1    425      4      0 
 20250825    21:01:52       2    425      4      0 
 20250825    21:01:52       3    425      4      0 
 20250825    21:01:57       0      4      2      0 
 20250825    21:01:57       1    425      4      0 
 20250825    21:01:57       2    425      4      0 
 20250825    21:01:57       3    425      4      0 
 20250825    21:02:02       0      4      2      0 
 20250825    21:02:02       1    425      4      0 
 20250825    21:02:02       2    425      4      0 
 20250825    21:02:02       3    425      4      0 
 20250825    21:02:07       0      4      2      0 
 20250825    21:02:07       1    425      4      0 
 20250825    21:02:07       2    425      4      0 
 20250825    21:02:07       3    425      4      0 
 20250825    21:02:12       0      4      2      0 
 20250825    21:02:12       1    425      4      0 
 20250825    21:02:12       2    425      4      0 
 20250825    21:02:12       3    425      4      0 
 20250825    21:02:17       0      4      2      0 
 20250825    21:02:17       1    425      4      0 
 20250825    21:02:17       2    425      4      0 
 20250825    21:02:17       3    425      4      0 
 20250825    21:02:22       0      4      2      0 
 20250825    21:02:22       1    425      4      0 
 20250825    21:02:22       2    425      4      0 
 20250825    21:02:22       3    425      4      0 
 20250825    21:02:27       0      4      2      0 
 20250825    21:02:27       1    425      4      0 
 20250825    21:02:27       2    425      4      0 
 20250825    21:02:27       3    425      4      0 
#Date        Time         gpu     fb   bar1   ccpm 
#YYYYMMDD    HH:MM:SS     Idx     MB     MB     MB 
 20250825    21:02:32       0      4      2      0 
 20250825    21:02:32       1    425      4      0 
 20250825    21:02:32       2    425      4      0 
 20250825    21:02:32       3    425      4      0 
 20250825    21:02:37       0      4      2      0 
 20250825    21:02:37       1    425      4      0 
 20250825    21:02:37       2    425      4      0 
 20250825    21:02:37       3    425      4      0 
 20250825    21:02:42       0      4      2      0 
 20250825    21:02:42       1    425      4      0 
 20250825    21:02:42       2    425      4      0 
 20250825    21:02:42       3    425      4      0 
 20250825    21:02:47       0      4      2      0 
 20250825    21:02:47       1    425      4      0 
 20250825    21:02:47       2    425      4      0 
 20250825    21:02:47       3    425      4      0 
 20250825    21:02:52       0      4      2      0 
 20250825    21:02:52       1    425      4      0 
 20250825    21:02:52       2    425      4      0 
 20250825    21:02:52       3    425      4      0 
 20250825    21:02:57       0      4      2      0 
 20250825    21:02:57       1    425      4      0 
 20250825    21:02:57       2    425      4      0 
 20250825    21:02:57       3    425      4      0 
 20250825    21:03:02       0      4      2      0 
 20250825    21:03:02       1    425      4      0 
 20250825    21:03:02       2    425      4      0 
 20250825    21:03:02       3    425      4      0 
 20250825    21:03:07       0      4      2      0 
 20250825    21:03:07       1    425      4      0 
 20250825    21:03:07       2    425      4      0 
 20250825    21:03:07       3    425      4      0 
 20250825    21:03:12       0      4      2      0 
 20250825    21:03:12       1    425      4      0 
 20250825    21:03:12       2    425      4      0 
 20250825    21:03:12       3    425      4      0 
 20250825    21:03:17       0      4      2      0 
 20250825    21:03:17       1    425      4      0 
 20250825    21:03:17       2    425      4      0 
 20250825    21:03:17       3    425      4      0 
 20250825    21:03:22       0      4      2      0 
 20250825    21:03:22       1    425      4      0 
 20250825    21:03:22       2    425      4      0 
 20250825    21:03:22       3    425      4      0 
#Date        Time         gpu     fb   bar1   ccpm 
#YYYYMMDD    HH:MM:SS     Idx     MB     MB     MB 
 20250825    21:03:27       0      4      2      0 
 20250825    21:03:27       1    425      4      0 
 20250825    21:03:27       2    425      4      0 
 20250825    21:03:27       3    503      4      0 
 20250825    21:03:32       0      4      2      0 
 20250825    21:03:32       1    425      4      0 
 20250825    21:03:32       2    425      4      0 
 20250825    21:03:32       3    503      4      0 
 20250825    21:03:37       0      4      2      0 
 20250825    21:03:37       1    503      4      0 
 20250825    21:03:37       2    425      4      0 
 20250825    21:03:37       3    503      4      0 
 20250825    21:03:42       0      4      2      0 
 20250825    21:03:42       1    503      4      0 
 20250825    21:03:42       2    425      4      0 
 20250825    21:03:42       3    503      4      0 
 20250825    21:03:47       0      4      2      0 
 20250825    21:03:47       1    503      4      0 
 20250825    21:03:47       2    425      4      0 
 20250825    21:03:47       3    503      4      0 
 20250825    21:03:52       0      4      2      0 
 20250825    21:03:52       1    503      4      0 
 20250825    21:03:52       2    425      4      0 
 20250825    21:03:52       3    503      4      0 
 20250825    21:03:57       0   1637      4      0 
 20250825    21:03:57       1   1709      4      0 
 20250825    21:03:57       2   1709      4      0 
 20250825    21:03:57       3   1637      4      0 
 20250825    21:04:02       0   1637      4      0 
 20250825    21:04:02       1   1709      4      0 
 20250825    21:04:02       2   1709      4      0 
 20250825    21:04:02       3   1637      4      0 
 20250825    21:04:07       0   1637      4      0 
 20250825    21:04:07       1   1709      4      0 
 20250825    21:04:07       2   1709      4      0 
 20250825    21:04:07       3   1637      4      0 
 20250825    21:04:12       0   1637      4      0 
 20250825    21:04:12       1   1709      4      0 
 20250825    21:04:12       2   1709      4      0 
 20250825    21:04:12       3   1637      4      0 
 20250825    21:04:17       0   1637      4      0 
 20250825    21:04:17       1   1709      4      0 
 20250825    21:04:17       2   1709      4      0 
 20250825    21:04:17       3   1637      4      0 
#Date        Time         gpu     fb   bar1   ccpm 
#YYYYMMDD    HH:MM:SS     Idx     MB     MB     MB 
 20250825    21:04:22       0   1637      4      0 
 20250825    21:04:22       1  18159      4      0 
 20250825    21:04:22       2   1709      4      0 
 20250825    21:04:22       3   1637      4      0 
 20250825    21:04:27       0   1643      4      0 
 20250825    21:04:27       1  18171      4      0 
 20250825    21:04:27       2   1717      4      0 
 20250825    21:04:27       3   1641      4      0 
 20250825    21:04:32       0  18099      4      0 
 20250825    21:04:32       1  18171      4      0 
 20250825    21:04:32       2  18175      4      0 
 20250825    21:04:32       3   2657      4      0 
 20250825    21:04:37       0  18099      4      0 
 20250825    21:04:37       1  18171      4      0 
 20250825    21:04:37       2  18175      4      0 
 20250825    21:04:37       3  18101      4      0 
 20250825    21:04:42       0  18099      4      0 
 20250825    21:04:42       1  18171      4      0 
 20250825    21:04:42       2  18175      4      0 
 20250825    21:04:42       3  18101      4      0 
 20250825    21:04:47       0  18099      4      0 
 20250825    21:04:47       1  18171      4      0 
 20250825    21:04:47       2  18175      4      0 
 20250825    21:04:47       3  18101      4      0 
 20250825    21:04:52       0  18099      4      0 
 20250825    21:04:52       1  18171      4      0 
 20250825    21:04:52       2  18175      4      0 
 20250825    21:04:52       3  18101      4      0 
 20250825    21:04:57       0  18099      4      0 
 20250825    21:04:57       1  18171      4      0 
 20250825    21:04:57       2  18175      4      0 
 20250825    21:04:57       3  18101      4      0 
 20250825    21:05:02       0  18099      4      0 
 20250825    21:05:02       1  18171      4      0 
 20250825    21:05:02       2  18175      4      0 
 20250825    21:05:02       3  18101      4      0 
 20250825    21:05:07       0  18099      4      0 
 20250825    21:05:07       1  18171      4      0 
 20250825    21:05:07       2  18175      4      0 
 20250825    21:05:07       3  18101      4      0 
 20250825    21:05:12       0  18099      4      0 
 20250825    21:05:12       1  18171      4      0 
 20250825    21:05:12       2  18175      4      0 
 20250825    21:05:12       3  18101      4      0 
#Date        Time         gpu     fb   bar1   ccpm 
#YYYYMMDD    HH:MM:SS     Idx     MB     MB     MB 
 20250825    21:05:17       0  18099      4      0 
 20250825    21:05:17       1  18171      4      0 
 20250825    21:05:17       2  18175      4      0 
 20250825    21:05:17       3  18101      4      0 
 20250825    21:05:22       0  18099      4      0 
 20250825    21:05:22       1  18171      4      0 
 20250825    21:05:22       2  18175      4      0 
 20250825    21:05:22       3  18101      4      0 
 20250825    21:05:27       0  18099      4      0 
 20250825    21:05:27       1  18171      4      0 
 20250825    21:05:27       2  18175      4      0 
 20250825    21:05:27       3  18101      4      0 
 20250825    21:05:32       0  18099      4      0 
 20250825    21:05:32       1  18171      4      0 
 20250825    21:05:32       2  18175      4      0 
 20250825    21:05:32       3  18101      4      0 
 20250825    21:05:37       0  18099      4      0 
 20250825    21:05:37       1  18171      4      0 
 20250825    21:05:37       2  18175      4      0 
 20250825    21:05:37       3  18101      4      0 
 20250825    21:05:42       0  18101      4      0 
 20250825    21:05:42       1  18171      4      0 
 20250825    21:05:42       2  18175      4      0 
 20250825    21:05:42       3  18101      4      0 
 20250825    21:05:47       0  18101      4      0 
 20250825    21:05:47       1  18171      4      0 
 20250825    21:05:47       2  18175      4      0 
 20250825    21:05:47       3  18101      4      0 
 20250825    21:05:52       0  18101      4      0 
 20250825    21:05:52       1  18171      4      0 
 20250825    21:05:52       2  18175      4      0 
 20250825    21:05:52       3  18101      4      0 
 20250825    21:05:57       0  18101      4      0 
 20250825    21:05:57       1  18171      4      0 
 20250825    21:05:57       2  18175      4      0 
 20250825    21:05:57       3  18101      4      0 
 20250825    21:06:02       0  18101      4      0 
 20250825    21:06:02       1  18171      4      0 
 20250825    21:06:02       2  18175      4      0 
 20250825    21:06:02       3  18101      4      0 
 20250825    21:06:07       0  18101      4      0 
 20250825    21:06:07       1  18171      4      0 
 20250825    21:06:07       2  18175      4      0 
 20250825    21:06:07       3  18101      4      0 
#Date        Time         gpu     fb   bar1   ccpm 
#YYYYMMDD    HH:MM:SS     Idx     MB     MB     MB 
 20250825    21:06:12       0  18101      4      0 
 20250825    21:06:12       1  18171      4      0 
 20250825    21:06:12       2  18175      4      0 
 20250825    21:06:12       3  18101      4      0 
 20250825    21:06:17       0  18101      4      0 
 20250825    21:06:17       1  18171      4      0 
 20250825    21:06:17       2  18175      4      0 
 20250825    21:06:17       3  18101      4      0 
 20250825    21:06:22       0  18101      4      0 
 20250825    21:06:22       1  18171      4      0 
 20250825    21:06:22       2  18175      4      0 
 20250825    21:06:22       3  18101      4      0 
 20250825    21:06:27       0  18101      4      0 
 20250825    21:06:27       1  18171      4      0 
 20250825    21:06:27       2  18175      4      0 
 20250825    21:06:27       3  18101      4      0 
 20250825    21:06:32       0  18103      4      0 
 20250825    21:06:32       1  18171      4      0 
 20250825    21:06:32       2  18175      4      0 
 20250825    21:06:32       3  18101      4      0 
 20250825    21:06:37       0  18103      4      0 
 20250825    21:06:37       1  18171      4      0 
 20250825    21:06:37       2  18175      4      0 
 20250825    21:06:37       3  18101      4      0 
 20250825    21:06:42       0  18103      4      0 
 20250825    21:06:42       1  18171      4      0 
 20250825    21:06:42       2  18175      4      0 
 20250825    21:06:42       3  18101      4      0 
 20250825    21:06:47       0  18103      4      0 
 20250825    21:06:47       1  18171      4      0 
 20250825    21:06:47       2  18175      4      0 
 20250825    21:06:47       3  18101      4      0 
 20250825    21:06:52       0  18103      4      0 
 20250825    21:06:52       1  18171      4      0 
 20250825    21:06:52       2  18175      4      0 
 20250825    21:06:52       3  18101      4      0 
 20250825    21:06:57       0  18103      4      0 
 20250825    21:06:57       1  18171      4      0 
 20250825    21:06:57       2  18175      4      0 
 20250825    21:06:57       3  18101      4      0 
 20250825    21:07:02       0  18103      4      0 
 20250825    21:07:02       1  18171      4      0 
 20250825    21:07:02       2  18175      4      0 
 20250825    21:07:02       3  18101      4      0 
#Date        Time         gpu     fb   bar1   ccpm 
#YYYYMMDD    HH:MM:SS     Idx     MB     MB     MB 
 20250825    21:07:07       0  18103      4      0 
 20250825    21:07:07       1  18171      4      0 
 20250825    21:07:07       2  18175      4      0 
 20250825    21:07:07       3  18101      4      0 
 20250825    21:07:12       0  18103      4      0 
 20250825    21:07:12       1  18171      4      0 
 20250825    21:07:12       2  18175      4      0 
 20250825    21:07:12       3  18101      4      0 
 20250825    21:07:17       0  18103      4      0 
 20250825    21:07:17       1  18171      4      0 
 20250825    21:07:17       2  18175      4      0 
 20250825    21:07:17       3  18101      4      0 
 20250825    21:07:22       0  18103      4      0 
 20250825    21:07:22       1  18171      4      0 
 20250825    21:07:22       2  18175      4      0 
 20250825    21:07:22       3  18101      4      0 
 20250825    21:07:27       0  18103      4      0 
 20250825    21:07:27       1  18171      4      0 
 20250825    21:07:27       2  18175      4      0 
 20250825    21:07:27       3  18101      4      0 
 20250825    21:07:32       0  18103      4      0 
 20250825    21:07:32       1  18171      4      0 
 20250825    21:07:32       2  18175      4      0 
 20250825    21:07:32       3  18101      4      0 
 20250825    21:07:37       0  18103      4      0 
 20250825    21:07:37       1  18171      4      0 
 20250825    21:07:37       2  18175      4      0 
 20250825    21:07:37       3  18101      4      0 
 20250825    21:07:42       0  18103      4      0 
 20250825    21:07:42       1  18171      4      0 
 20250825    21:07:42       2  18175      4      0 
 20250825    21:07:42       3  18101      4      0 
 20250825    21:07:47       0  18103      4      0 
 20250825    21:07:47       1  18171      4      0 
 20250825    21:07:47       2  18175      4      0 
 20250825    21:07:47       3  18101      4      0 
 20250825    21:07:52       0  18103      4      0 
 20250825    21:07:52       1  18171      4      0 
 20250825    21:07:52       2  18175      4      0 
 20250825    21:07:52       3  18101      4      0 
 20250825    21:07:57       0  18103      4      0 
 20250825    21:07:57       1  18171      4      0 
 20250825    21:07:57       2  18175      4      0 
 20250825    21:07:57       3  18101      4      0 
#Date        Time         gpu     fb   bar1   ccpm 
#YYYYMMDD    HH:MM:SS     Idx     MB     MB     MB 
 20250825    21:08:02       0  18103      4      0 
 20250825    21:08:02       1  18171      4      0 
 20250825    21:08:02       2  18175      4      0 
 20250825    21:08:02       3  18101      4      0 
 20250825    21:08:07       0  18103      4      0 
 20250825    21:08:07       1  18171      4      0 
 20250825    21:08:07       2  18175      4      0 
 20250825    21:08:07       3  18101      4      0 
 20250825    21:08:12       0  18103      4      0 
 20250825    21:08:12       1  18171      4      0 
 20250825    21:08:12       2  18175      4      0 
 20250825    21:08:12       3  18101      4      0 
 20250825    21:08:17       0  18103      4      0 
 20250825    21:08:17       1  18173      4      0 
 20250825    21:08:17       2  18175      4      0 
 20250825    21:08:17       3  18101      4      0 
 20250825    21:08:22       0  18103      4      0 
 20250825    21:08:22       1  18173      4      0 
 20250825    21:08:22       2  18175      4      0 
 20250825    21:08:22       3  18101      4      0 
 20250825    21:08:27       0  18103      4      0 
 20250825    21:08:27       1  18173      4      0 
 20250825    21:08:27       2  18175      4      0 
 20250825    21:08:27       3  18101      4      0 
 20250825    21:08:32       0  18103      4      0 
 20250825    21:08:32       1  18173      4      0 
 20250825    21:08:32       2  18175      4      0 
 20250825    21:08:32       3  18101      4      0 
 20250825    21:08:37       0  18103      4      0 
 20250825    21:08:37       1  18173      4      0 
 20250825    21:08:37       2  18175      4      0 
 20250825    21:08:37       3  18101      4      0 
 20250825    21:08:42       0  18103      4      0 
 20250825    21:08:42       1  18173      4      0 
 20250825    21:08:42       2  18175      4      0 
 20250825    21:08:42       3  18101      4      0 
 20250825    21:08:47       0  18103      4      0 
 20250825    21:08:47       1  18173      4      0 
 20250825    21:08:47       2  18175      4      0 
 20250825    21:08:47       3  18101      4      0 
 20250825    21:08:52       0  18103      4      0 
 20250825    21:08:52       1  18173      4      0 
 20250825    21:08:52       2  18175      4      0 
 20250825    21:08:52       3  18101      4      0 
#Date        Time         gpu     fb   bar1   ccpm 
#YYYYMMDD    HH:MM:SS     Idx     MB     MB     MB 
 20250825    21:08:57       0  18103      4      0 
 20250825    21:08:57       1  18173      4      0 
 20250825    21:08:57       2  18175      4      0 
 20250825    21:08:57       3  18101      4      0 
 20250825    21:09:02       0  18103      4      0 
 20250825    21:09:02       1  18173      4      0 
 20250825    21:09:02       2  18175      4      0 
 20250825    21:09:02       3  18101      4      0 
 20250825    21:09:07       0  18103      4      0 
 20250825    21:09:07       1  18173      4      0 
 20250825    21:09:07       2  18175      4      0 
 20250825    21:09:07       3  18101      4      0 
 20250825    21:09:12       0  18103      4      0 
 20250825    21:09:12       1  18173      4      0 
 20250825    21:09:12       2  18175      4      0 
 20250825    21:09:12       3  18101      4      0 
 20250825    21:09:17       0  18103      4      0 
 20250825    21:09:17       1  18173      4      0 
 20250825    21:09:17       2  18175      4      0 
 20250825    21:09:17       3  18101      4      0 
 20250825    21:09:23       0  18103      4      0 
 20250825    21:09:23       1  18173      4      0 
 20250825    21:09:23       2  18175      4      0 
 20250825    21:09:23       3  18101      4      0 
 20250825    21:09:28       0  18103      4      0 
 20250825    21:09:28       1  18173      4      0 
 20250825    21:09:28       2  18175      4      0 
 20250825    21:09:28       3  18101      4      0 
 20250825    21:09:33       0  18103      4      0 
 20250825    21:09:33       1  18173      4      0 
 20250825    21:09:33       2  18175      4      0 
 20250825    21:09:33       3  18101      4      0 
 20250825    21:09:38       0  18103      4      0 
 20250825    21:09:38       1  18173      4      0 
 20250825    21:09:38       2  18175      4      0 
 20250825    21:09:38       3  18101      4      0 
 20250825    21:09:43       0  18103      4      0 
 20250825    21:09:43       1  18173      4      0 
 20250825    21:09:43       2  18175      4      0 
 20250825    21:09:43       3  18101      4      0 
 20250825    21:09:48       0  18103      4      0 
 20250825    21:09:48       1  18173      4      0 
 20250825    21:09:48       2  18175      4      0 
 20250825    21:09:48       3  18101      4      0 
#Date        Time         gpu     fb   bar1   ccpm 
#YYYYMMDD    HH:MM:SS     Idx     MB     MB     MB 
 20250825    21:09:53       0  18103      4      0 
 20250825    21:09:53       1  18173      4      0 
 20250825    21:09:53       2  18175      4      0 
 20250825    21:09:53       3  18101      4      0 
 20250825    21:09:58       0  18103      4      0 
 20250825    21:09:58       1  18173      4      0 
 20250825    21:09:58       2  18175      4      0 
 20250825    21:09:58       3  18101      4      0 
 20250825    21:10:03       0  18103      4      0 
 20250825    21:10:03       1  18173      4      0 
 20250825    21:10:03       2  18175      4      0 
 20250825    21:10:03       3  18101      4      0 
 20250825    21:10:08       0  18103      4      0 
 20250825    21:10:08       1  18173      4      0 
 20250825    21:10:08       2  18175      4      0 
 20250825    21:10:08       3  18101      4      0 
 20250825    21:10:13       0  18103      4      0 
 20250825    21:10:13       1  18173      4      0 
 20250825    21:10:13       2  18175      4      0 
 20250825    21:10:13       3  18101      4      0 
 20250825    21:10:18       0  18103      4      0 
 20250825    21:10:18       1  18173      4      0 
 20250825    21:10:18       2  18175      4      0 
 20250825    21:10:18       3  18101      4      0 
 20250825    21:10:23       0  18103      4      0 
 20250825    21:10:23       1  18173      4      0 
 20250825    21:10:23       2  18175      4      0 
 20250825    21:10:23       3  18101      4      0 
 20250825    21:10:28       0  18103      4      0 
 20250825    21:10:28       1  18173      4      0 
 20250825    21:10:28       2  18175      4      0 
 20250825    21:10:28       3  18101      4      0 
 20250825    21:10:33       0  18103      4      0 
 20250825    21:10:33       1  18173      4      0 
 20250825    21:10:33       2  18175      4      0 
 20250825    21:10:33       3  18101      4      0 
 20250825    21:10:38       0  18103      4      0 
 20250825    21:10:38       1  18173      4      0 
 20250825    21:10:38       2  18175      4      0 
 20250825    21:10:38       3  18101      4      0 
 20250825    21:10:43       0  18103      4      0 
 20250825    21:10:43       1  18173      4      0 
 20250825    21:10:43       2  18175      4      0 
 20250825    21:10:43       3  18101      4      0 
#Date        Time         gpu     fb   bar1   ccpm 
#YYYYMMDD    HH:MM:SS     Idx     MB     MB     MB 
 20250825    21:10:48       0  18103      4      0 
 20250825    21:10:48       1  18173      4      0 
 20250825    21:10:48       2  18175      4      0 
 20250825    21:10:48       3  18101      4      0 
 20250825    21:10:53       0  18103      4      0 
 20250825    21:10:53       1  18173      4      0 
 20250825    21:10:53       2  18175      4      0 
 20250825    21:10:53       3  18101      4      0 
 20250825    21:10:58       0  18103      4      0 
 20250825    21:10:58       1  18173      4      0 
 20250825    21:10:58       2  18175      4      0 
 20250825    21:10:58       3  18101      4      0 
 20250825    21:11:03       0  18103      4      0 
 20250825    21:11:03       1  18173      4      0 
 20250825    21:11:03       2  18175      4      0 
 20250825    21:11:03       3  18101      4      0 
 20250825    21:11:08       0  18103      4      0 
 20250825    21:11:08       1  18173      4      0 
 20250825    21:11:08       2  18175      4      0 
 20250825    21:11:08       3  18101      4      0 
 20250825    21:11:13       0  18103      4      0 
 20250825    21:11:13       1  18173      4      0 
 20250825    21:11:13       2  18175      4      0 
 20250825    21:11:13       3  18101      4      0 
 20250825    21:11:18       0  18103      4      0 
 20250825    21:11:18       1  18173      4      0 
 20250825    21:11:18       2  18175      4      0 
 20250825    21:11:18       3  18101      4      0 
 20250825    21:11:23       0  18103      4      0 
 20250825    21:11:23       1  18173      4      0 
 20250825    21:11:23       2  18175      4      0 
 20250825    21:11:23       3  18101      4      0 
 20250825    21:11:28       0  18103      4      0 
 20250825    21:11:28       1  18173      4      0 
 20250825    21:11:28       2  18175      4      0 
 20250825    21:11:28       3  18101      4      0 
 20250825    21:11:33       0  18103      4      0 
 20250825    21:11:33       1  18173      4      0 
 20250825    21:11:33       2  18175      4      0 
 20250825    21:11:33       3  18101      4      0 
 20250825    21:11:38       0  18103      4      0 
 20250825    21:11:38       1  18173      4      0 
 20250825    21:11:38       2  18175      4      0 
 20250825    21:11:38       3  18101      4      0 
#Date        Time         gpu     fb   bar1   ccpm 
#YYYYMMDD    HH:MM:SS     Idx     MB     MB     MB 
 20250825    21:11:43       0  18103      4      0 
 20250825    21:11:43       1  18173      4      0 
 20250825    21:11:43       2  18175      4      0 
 20250825    21:11:43       3  18101      4      0 
 20250825    21:11:48       0  18103      4      0 
 20250825    21:11:48       1  18173      4      0 
 20250825    21:11:48       2  18175      4      0 
 20250825    21:11:48       3  18101      4      0 
 20250825    21:11:53       0  18103      4      0 
 20250825    21:11:53       1  18173      4      0 
 20250825    21:11:53       2  18175      4      0 
 20250825    21:11:53       3  18101      4      0 
 20250825    21:11:58       0  18103      4      0 
 20250825    21:11:58       1  18173      4      0 
 20250825    21:11:58       2  18175      4      0 
 20250825    21:11:58       3  18101      4      0 
 20250825    21:12:03       0  18103      4      0 
 20250825    21:12:03       1  18173      4      0 
 20250825    21:12:03       2  18175      4      0 
 20250825    21:12:03       3  18101      4      0 
 20250825    21:12:08       0  18103      4      0 
 20250825    21:12:08       1  18173      4      0 
 20250825    21:12:08       2  18175      4      0 
 20250825    21:12:08       3  18101      4      0 
 20250825    21:12:13       0  18103      4      0 
 20250825    21:12:13       1  18173      4      0 
 20250825    21:12:13       2  18175      4      0 
 20250825    21:12:13       3  18101      4      0 
 20250825    21:12:18       0  18103      4      0 
 20250825    21:12:18       1  18173      4      0 
 20250825    21:12:18       2  18175      4      0 
 20250825    21:12:18       3  18101      4      0 
 20250825    21:12:23       0  18103      4      0 
 20250825    21:12:23       1  18173      4      0 
 20250825    21:12:23       2  18175      4      0 
 20250825    21:12:23       3  18101      4      0 
 20250825    21:12:28       0  18103      4      0 
 20250825    21:12:28       1  18173      4      0 
 20250825    21:12:28       2  18175      4      0 
 20250825    21:12:28       3  18101      4      0 
 20250825    21:12:33       0  18103      4      0 
 20250825    21:12:33       1  18173      4      0 
 20250825    21:12:33       2  18175      4      0 
 20250825    21:12:33       3  18101      4      0 
#Date        Time         gpu     fb   bar1   ccpm 
#YYYYMMDD    HH:MM:SS     Idx     MB     MB     MB 
 20250825    21:12:38       0  18103      4      0 
 20250825    21:12:38       1  18173      4      0 
 20250825    21:12:38       2  18175      4      0 
 20250825    21:12:38       3  18101      4      0 
 20250825    21:12:43       0  18103      4      0 
 20250825    21:12:43       1  18173      4      0 
 20250825    21:12:43       2  18175      4      0 
 20250825    21:12:43       3  18101      4      0 
 20250825    21:12:48       0  18103      4      0 
 20250825    21:12:48       1  18173      4      0 
 20250825    21:12:48       2  18175      4      0 
 20250825    21:12:48       3  18101      4      0 
 20250825    21:12:53       0  18103      4      0 
 20250825    21:12:53       1  18173      4      0 
 20250825    21:12:53       2  18175      4      0 
 20250825    21:12:53       3  18101      4      0 
 20250825    21:12:58       0  18103      4      0 
 20250825    21:12:58       1  18173      4      0 
 20250825    21:12:58       2  18175      4      0 
 20250825    21:12:58       3  18101      4      0 
 20250825    21:13:03       0  18103      4      0 
 20250825    21:13:03       1  18173      4      0 
 20250825    21:13:03       2  18175      4      0 
 20250825    21:13:03       3  18101      4      0 
 20250825    21:13:08       0  18103      4      0 
 20250825    21:13:08       1  18173      4      0 
 20250825    21:13:08       2  18175      4      0 
 20250825    21:13:08       3  18101      4      0 
 20250825    21:13:13       0  18103      4      0 
 20250825    21:13:13       1  18173      4      0 
 20250825    21:13:13       2  18175      4      0 
 20250825    21:13:13       3  18101      4      0 
 20250825    21:13:18       0  18103      4      0 
 20250825    21:13:18       1  18173      4      0 
 20250825    21:13:18       2  18175      4      0 
 20250825    21:13:18       3  18101      4      0 
 20250825    21:13:23       0  18103      4      0 
 20250825    21:13:23       1  18173      4      0 
 20250825    21:13:23       2  18175      4      0 
 20250825    21:13:23       3  18101      4      0 
 20250825    21:13:28       0  18103      4      0 
 20250825    21:13:28       1  18173      4      0 
 20250825    21:13:28       2  18175      4      0 
 20250825    21:13:28       3  18101      4      0 
#Date        Time         gpu     fb   bar1   ccpm 
#YYYYMMDD    HH:MM:SS     Idx     MB     MB     MB 
 20250825    21:13:33       0  18103      4      0 
 20250825    21:13:33       1  18173      4      0 
 20250825    21:13:33       2  18175      4      0 
 20250825    21:13:33       3  18101      4      0 
 20250825    21:13:38       0  18103      4      0 
 20250825    21:13:38       1  18173      4      0 
 20250825    21:13:38       2  18175      4      0 
 20250825    21:13:38       3  18101      4      0 
 20250825    21:13:43       0  18103      4      0 
 20250825    21:13:43       1  18173      4      0 
 20250825    21:13:43       2  18175      4      0 
 20250825    21:13:43       3  18101      4      0 
 20250825    21:13:48       0  18103      4      0 
 20250825    21:13:48       1  18173      4      0 
 20250825    21:13:48       2  18175      4      0 
 20250825    21:13:48       3  18101      4      0 
 20250825    21:13:53       0  18103      4      0 
 20250825    21:13:53       1  18173      4      0 
 20250825    21:13:53       2  18175      4      0 
 20250825    21:13:53       3  18101      4      0 
 20250825    21:13:58       0  18103      4      0 
 20250825    21:13:58       1  18173      4      0 
 20250825    21:13:58       2  18175      4      0 
 20250825    21:13:58       3  18101      4      0 
 20250825    21:14:03       0  18103      4      0 
 20250825    21:14:03       1  18173      4      0 
 20250825    21:14:03       2  18175      4      0 
 20250825    21:14:03       3  18101      4      0 
 20250825    21:14:08       0  18103      4      0 
 20250825    21:14:08       1  18173      4      0 
 20250825    21:14:08       2  18175      4      0 
 20250825    21:14:08       3  18101      4      0 
 20250825    21:14:13       0  18103      4      0 
 20250825    21:14:13       1  18173      4      0 
 20250825    21:14:13       2  18175      4      0 
 20250825    21:14:13       3  18101      4      0 
 20250825    21:14:18       0  18103      4      0 
 20250825    21:14:18       1  18173      4      0 
 20250825    21:14:18       2  18175      4      0 
 20250825    21:14:18       3  18101      4      0 
 20250825    21:14:23       0  18103      4      0 
 20250825    21:14:23       1  18173      4      0 
 20250825    21:14:23       2  18175      4      0 
 20250825    21:14:23       3  18101      4      0 
#Date        Time         gpu     fb   bar1   ccpm 
#YYYYMMDD    HH:MM:SS     Idx     MB     MB     MB 
 20250825    21:14:28       0  18103      4      0 
 20250825    21:14:28       1  18173      4      0 
 20250825    21:14:28       2  18175      4      0 
 20250825    21:14:28       3  18101      4      0 
 20250825    21:14:33       0  18103      4      0 
 20250825    21:14:33       1  18173      4      0 
 20250825    21:14:33       2  18175      4      0 
 20250825    21:14:33       3  18101      4      0 
 20250825    21:14:38       0  18103      4      0 
 20250825    21:14:38       1  18173      4      0 
 20250825    21:14:38       2  18175      4      0 
 20250825    21:14:38       3  18101      4      0 
 20250825    21:14:43       0  18103      4      0 
 20250825    21:14:43       1  18173      4      0 
 20250825    21:14:43       2  18175      4      0 
 20250825    21:14:43       3  18101      4      0 
 20250825    21:14:48       0  18103      4      0 
 20250825    21:14:48       1  18173      4      0 
 20250825    21:14:48       2  18175      4      0 
 20250825    21:14:48       3  18101      4      0 
 20250825    21:14:53       0  18103      4      0 
 20250825    21:14:53       1  18173      4      0 
 20250825    21:14:53       2  18175      4      0 
 20250825    21:14:53       3  18101      4      0 
 20250825    21:14:58       0  18103      4      0 
 20250825    21:14:58       1  18173      4      0 
 20250825    21:14:58       2  18175      4      0 
 20250825    21:14:58       3  18101      4      0 
 20250825    21:15:03       0  18103      4      0 
 20250825    21:15:03       1  18173      4      0 
 20250825    21:15:03       2  18175      4      0 
 20250825    21:15:03       3  18101      4      0 
 20250825    21:15:08       0  18103      4      0 
 20250825    21:15:08       1  18173      4      0 
 20250825    21:15:08       2  18175      4      0 
 20250825    21:15:08       3  18101      4      0 
 20250825    21:15:13       0  18103      4      0 
 20250825    21:15:13       1  18173      4      0 
 20250825    21:15:13       2  18175      4      0 
 20250825    21:15:13       3  18101      4      0 
 20250825    21:15:18       0  18103      4      0 
 20250825    21:15:18       1  18173      4      0 
 20250825    21:15:18       2  18175      4      0 
 20250825    21:15:18       3  18101      4      0 
#Date        Time         gpu     fb   bar1   ccpm 
#YYYYMMDD    HH:MM:SS     Idx     MB     MB     MB 
 20250825    21:15:23       0  18103      4      0 
 20250825    21:15:23       1  18173      4      0 
 20250825    21:15:23       2  18175      4      0 
 20250825    21:15:23       3  18101      4      0 
 20250825    21:15:28       0  18103      4      0 
 20250825    21:15:28       1  18173      4      0 
 20250825    21:15:28       2  18175      4      0 
 20250825    21:15:28       3  18101      4      0 
 20250825    21:15:33       0  18103      4      0 
 20250825    21:15:33       1  18173      4      0 
 20250825    21:15:33       2  18175      4      0 
 20250825    21:15:33       3  18101      4      0 
 20250825    21:15:38       0  18103      4      0 
 20250825    21:15:38       1  18173      4      0 
 20250825    21:15:38       2  18175      4      0 
 20250825    21:15:38       3  18101      4      0 
 20250825    21:15:43       0  18103      4      0 
 20250825    21:15:43       1  18173      4      0 
 20250825    21:15:43       2  18175      4      0 
 20250825    21:15:43       3  18101      4      0 
 20250825    21:15:48       0  18103      4      0 
 20250825    21:15:48       1  18173      4      0 
 20250825    21:15:48       2  18175      4      0 
 20250825    21:15:48       3  18101      4      0 
 20250825    21:15:53       0  18103      4      0 
 20250825    21:15:53       1  18175      4      0 
 20250825    21:15:53       2  18175      4      0 
 20250825    21:15:53       3  18101      4      0 
 20250825    21:15:58       0  18103      4      0 
 20250825    21:15:58       1  18175      4      0 
 20250825    21:15:58       2  18175      4      0 
 20250825    21:15:58       3  18101      4      0 
 20250825    21:16:03       0  18103      4      0 
 20250825    21:16:03       1  18175      4      0 
 20250825    21:16:03       2  18175      4      0 
 20250825    21:16:03       3  18101      4      0 
 20250825    21:16:08       0  18103      4      0 
 20250825    21:16:08       1  18175      4      0 
 20250825    21:16:08       2  18175      4      0 
 20250825    21:16:08       3  18101      4      0 
 20250825    21:16:13       0  18103      4      0 
 20250825    21:16:13       1  18175      4      0 
 20250825    21:16:13       2  18175      4      0 
 20250825    21:16:13       3  18101      4      0 
#Date        Time         gpu     fb   bar1   ccpm 
#YYYYMMDD    HH:MM:SS     Idx     MB     MB     MB 
 20250825    21:16:18       0  18103      4      0 
 20250825    21:16:18       1  18175      4      0 
 20250825    21:16:18       2  18175      4      0 
 20250825    21:16:18       3  18101      4      0 
 20250825    21:16:23       0  18103      4      0 
 20250825    21:16:23       1  18175      4      0 
 20250825    21:16:23       2  18175      4      0 
 20250825    21:16:23       3  18101      4      0 
 20250825    21:16:28       0  18103      4      0 
 20250825    21:16:28       1  18175      4      0 
 20250825    21:16:28       2  18175      4      0 
 20250825    21:16:28       3  18101      4      0 
 20250825    21:16:33       0  18103      4      0 
 20250825    21:16:33       1  18175      4      0 
 20250825    21:16:33       2  18175      4      0 
 20250825    21:16:33       3  18101      4      0 
 20250825    21:16:38       0  18103      4      0 
 20250825    21:16:38       1  18175      4      0 
 20250825    21:16:38       2  18175      4      0 
 20250825    21:16:38       3  18101      4      0 
 20250825    21:16:43       0  18103      4      0 
 20250825    21:16:43       1  18175      4      0 
 20250825    21:16:43       2  18175      4      0 
 20250825    21:16:43       3  18101      4      0 
 20250825    21:16:48       0  18103      4      0 
 20250825    21:16:48       1  18175      4      0 
 20250825    21:16:48       2  18175      4      0 
 20250825    21:16:48       3  18101      4      0 
 20250825    21:16:53       0  18103      4      0 
 20250825    21:16:53       1  18175      4      0 
 20250825    21:16:53       2  18175      4      0 
 20250825    21:16:53       3  18101      4      0 
 20250825    21:16:58       0  18103      4      0 
 20250825    21:16:58       1  18175      4      0 
 20250825    21:16:58       2  18175      4      0 
 20250825    21:16:58       3  18101      4      0 
 20250825    21:17:03       0  18103      4      0 
 20250825    21:17:03       1  18175      4      0 
 20250825    21:17:03       2  18175      4      0 
 20250825    21:17:03       3  18101      4      0 
 20250825    21:17:08       0  18103      4      0 
 20250825    21:17:08       1  18175      4      0 
 20250825    21:17:08       2  18175      4      0 
 20250825    21:17:08       3  18101      4      0 
#Date        Time         gpu     fb   bar1   ccpm 
#YYYYMMDD    HH:MM:SS     Idx     MB     MB     MB 
 20250825    21:17:13       0  18103      4      0 
 20250825    21:17:13       1  18175      4      0 
 20250825    21:17:13       2  18175      4      0 
 20250825    21:17:13       3  18101      4      0 
 20250825    21:17:18       0  18103      4      0 
 20250825    21:17:18       1  18175      4      0 
 20250825    21:17:18       2  18175      4      0 
 20250825    21:17:18       3  18101      4      0 
 20250825    21:17:23       0  18103      4      0 
 20250825    21:17:23       1  18175      4      0 
 20250825    21:17:23       2  18175      4      0 
 20250825    21:17:23       3  18101      4      0 
 20250825    21:17:28       0  18103      4      0 
 20250825    21:17:28       1  18175      4      0 
 20250825    21:17:28       2  18175      4      0 
 20250825    21:17:28       3  18101      4      0 
 20250825    21:17:33       0  18103      4      0 
 20250825    21:17:33       1  18175      4      0 
 20250825    21:17:33       2  18175      4      0 
 20250825    21:17:33       3  18101      4      0 
 20250825    21:17:38       0  18103      4      0 
 20250825    21:17:38       1  18175      4      0 
 20250825    21:17:38       2  18175      4      0 
 20250825    21:17:38       3  18101      4      0 
 20250825    21:17:43       0  18103      4      0 
 20250825    21:17:43       1  18175      4      0 
 20250825    21:17:43       2  18175      4      0 
 20250825    21:17:43       3  18101      4      0 
 20250825    21:17:48       0  18103      4      0 
 20250825    21:17:48       1  18175      4      0 
 20250825    21:17:48       2  18175      4      0 
 20250825    21:17:48       3  18101      4      0 
 20250825    21:17:53       0  18103      4      0 
 20250825    21:17:53       1  18175      4      0 
 20250825    21:17:53       2  18175      4      0 
 20250825    21:17:53       3  18101      4      0 
 20250825    21:17:58       0  18103      4      0 
 20250825    21:17:58       1  18175      4      0 
 20250825    21:17:58       2  18175      4      0 
 20250825    21:17:58       3  18101      4      0 
 20250825    21:18:03       0  18103      4      0 
 20250825    21:18:03       1  18175      4      0 
 20250825    21:18:03       2  18175      4      0 
 20250825    21:18:03       3  18101      4      0 
#Date        Time         gpu     fb   bar1   ccpm 
#YYYYMMDD    HH:MM:SS     Idx     MB     MB     MB 
 20250825    21:18:08       0  18103      4      0 
 20250825    21:18:08       1  18175      4      0 
 20250825    21:18:08       2  18175      4      0 
 20250825    21:18:08       3  18101      4      0 
 20250825    21:18:13       0  18103      4      0 
 20250825    21:18:13       1  18175      4      0 
 20250825    21:18:13       2  18175      4      0 
 20250825    21:18:13       3  18101      4      0 
 20250825    21:18:18       0  18103      4      0 
 20250825    21:18:18       1  18175      4      0 
 20250825    21:18:18       2  18175      4      0 
 20250825    21:18:18       3  18101      4      0 
 20250825    21:18:23       0  18103      4      0 
 20250825    21:18:23       1  18175      4      0 
 20250825    21:18:23       2  18175      4      0 
 20250825    21:18:23       3  18101      4      0 
 20250825    21:18:28       0  18103      4      0 
 20250825    21:18:28       1  18175      4      0 
 20250825    21:18:28       2  18175      4      0 
 20250825    21:18:28       3  18101      4      0 
 20250825    21:18:33       0  18103      4      0 
 20250825    21:18:33       1  18175      4      0 
 20250825    21:18:33       2  18175      4      0 
 20250825    21:18:33       3  18101      4      0 
 20250825    21:18:38       0  18103      4      0 
 20250825    21:18:38       1  18175      4      0 
 20250825    21:18:38       2  18175      4      0 
 20250825    21:18:38       3  18101      4      0 
 20250825    21:18:43       0  18103      4      0 
 20250825    21:18:43       1  18175      4      0 
 20250825    21:18:43       2  18175      4      0 
 20250825    21:18:43       3  18101      4      0 
 20250825    21:18:48       0  18103      4      0 
 20250825    21:18:48       1  18175      4      0 
 20250825    21:18:48       2  18175      4      0 
 20250825    21:18:48       3  18101      4      0 
 20250825    21:18:53       0  18103      4      0 
 20250825    21:18:53       1  18175      4      0 
 20250825    21:18:53       2  18175      4      0 
 20250825    21:18:53       3  18101      4      0 
 20250825    21:18:58       0  18103      4      0 
 20250825    21:18:58       1  18175      4      0 
 20250825    21:18:58       2  18175      4      0 
 20250825    21:18:58       3  18101      4      0 
#Date        Time         gpu     fb   bar1   ccpm 
#YYYYMMDD    HH:MM:SS     Idx     MB     MB     MB 
 20250825    21:19:03       0  18103      4      0 
 20250825    21:19:03       1  18175      4      0 
 20250825    21:19:03       2  18175      4      0 
 20250825    21:19:03       3  18101      4      0 
 20250825    21:19:08       0  18103      4      0 
 20250825    21:19:08       1  18175      4      0 
 20250825    21:19:08       2  18175      4      0 
 20250825    21:19:08       3  18101      4      0 
 20250825    21:19:13       0  18103      4      0 
 20250825    21:19:13       1  18175      4      0 
 20250825    21:19:13       2  18175      4      0 
 20250825    21:19:13       3  18101      4      0 
 20250825    21:19:18       0  18103      4      0 
 20250825    21:19:18       1  18175      4      0 
 20250825    21:19:18       2  18175      4      0 
 20250825    21:19:18       3  18101      4      0 
 20250825    21:19:23       0  18103      4      0 
 20250825    21:19:23       1  18175      4      0 
 20250825    21:19:23       2  18175      4      0 
 20250825    21:19:23       3  18101      4      0 
 20250825    21:19:28       0  18103      4      0 
 20250825    21:19:28       1  18175      4      0 
 20250825    21:19:28       2  18175      4      0 
 20250825    21:19:28       3  18101      4      0 
 20250825    21:19:33       0  18103      4      0 
 20250825    21:19:33       1  18175      4      0 
 20250825    21:19:33       2  18175      4      0 
 20250825    21:19:33       3  18101      4      0 
 20250825    21:19:38       0  18103      4      0 
 20250825    21:19:38       1  18175      4      0 
 20250825    21:19:38       2  18175      4      0 
 20250825    21:19:38       3  18101      4      0 
 20250825    21:19:43       0  18103      4      0 
 20250825    21:19:43       1  18175      4      0 
 20250825    21:19:43       2  18175      4      0 
 20250825    21:19:43       3  18101      4      0 
 20250825    21:19:48       0  18103      4      0 
 20250825    21:19:48       1  18175      4      0 
 20250825    21:19:48       2  18175      4      0 
 20250825    21:19:48       3  18101      4      0 
 20250825    21:19:53       0  18103      4      0 
 20250825    21:19:53       1  18175      4      0 
 20250825    21:19:53       2  18175      4      0 
 20250825    21:19:53       3  18101      4      0 
#Date        Time         gpu     fb   bar1   ccpm 
#YYYYMMDD    HH:MM:SS     Idx     MB     MB     MB 
 20250825    21:19:58       0  18103      4      0 
 20250825    21:19:58       1  18175      4      0 
 20250825    21:19:58       2  18175      4      0 
 20250825    21:19:58       3  18101      4      0 
 20250825    21:20:03       0  18103      4      0 
 20250825    21:20:03       1  18175      4      0 
 20250825    21:20:03       2  18175      4      0 
 20250825    21:20:03       3  18101      4      0 
 20250825    21:20:08       0  18103      4      0 
 20250825    21:20:08       1  18175      4      0 
 20250825    21:20:08       2  18175      4      0 
 20250825    21:20:08       3  18101      4      0 
 20250825    21:20:13       0  18103      4      0 
 20250825    21:20:13       1  18175      4      0 
 20250825    21:20:13       2  18175      4      0 
 20250825    21:20:13       3  18101      4      0 
 20250825    21:20:18       0  18103      4      0 
 20250825    21:20:18       1  18175      4      0 
 20250825    21:20:18       2  18175      4      0 
 20250825    21:20:18       3  18101      4      0 
 20250825    21:20:23       0  18103      4      0 
 20250825    21:20:23       1  18175      4      0 
 20250825    21:20:23       2  18175      4      0 
 20250825    21:20:23       3  18101      4      0 
 20250825    21:20:28       0  18103      4      0 
 20250825    21:20:28       1  18175      4      0 
 20250825    21:20:28       2  18175      4      0 
 20250825    21:20:28       3  18101      4      0 
 20250825    21:20:33       0  18103      4      0 
 20250825    21:20:33       1  18175      4      0 
 20250825    21:20:33       2  18175      4      0 
 20250825    21:20:33       3  18101      4      0 
 20250825    21:20:38       0  18103      4      0 
 20250825    21:20:38       1  18175      4      0 
 20250825    21:20:38       2  18175      4      0 
 20250825    21:20:38       3  18101      4      0 
 20250825    21:20:43       0  18103      4      0 
 20250825    21:20:43       1  18175      4      0 
 20250825    21:20:43       2  18175      4      0 
 20250825    21:20:43       3  18101      4      0 
 20250825    21:20:48       0  18103      4      0 
 20250825    21:20:48       1  18175      4      0 
 20250825    21:20:48       2  18175      4      0 
 20250825    21:20:48       3  18101      4      0 
#Date        Time         gpu     fb   bar1   ccpm 
#YYYYMMDD    HH:MM:SS     Idx     MB     MB     MB 
 20250825    21:20:53       0  18103      4      0 
 20250825    21:20:53       1  18175      4      0 
 20250825    21:20:53       2  18175      4      0 
 20250825    21:20:53       3  18101      4      0 
 20250825    21:20:58       0  18103      4      0 
 20250825    21:20:58       1  18175      4      0 
 20250825    21:20:58       2  18175      4      0 
 20250825    21:20:58       3  18101      4      0 
 20250825    21:21:03       0  18103      4      0 
 20250825    21:21:03       1  18175      4      0 
 20250825    21:21:03       2  18175      4      0 
 20250825    21:21:03       3  18101      4      0 
 20250825    21:21:08       0  18103      4      0 
 20250825    21:21:08       1  18175      4      0 
 20250825    21:21:08       2  18175      4      0 
 20250825    21:21:08       3  18101      4      0 
 20250825    21:21:13       0  18103      4      0 
 20250825    21:21:13       1  18175      4      0 
 20250825    21:21:13       2  18175      4      0 
 20250825    21:21:13       3  18101      4      0 
 20250825    21:21:18       0  18103      4      0 
 20250825    21:21:18       1  18175      4      0 
 20250825    21:21:18       2  18175      4      0 
 20250825    21:21:18       3  18101      4      0 
 20250825    21:21:23       0  18103      4      0 
 20250825    21:21:23       1  18175      4      0 
 20250825    21:21:23       2  18175      4      0 
 20250825    21:21:23       3  18101      4      0 
 20250825    21:21:28       0  18103      4      0 
 20250825    21:21:28       1  18175      4      0 
 20250825    21:21:28       2  18175      4      0 
 20250825    21:21:28       3  18101      4      0 
 20250825    21:21:33       0  18103      4      0 
 20250825    21:21:33       1  18175      4      0 
 20250825    21:21:33       2  18175      4      0 
 20250825    21:21:33       3  18101      4      0 
 20250825    21:21:38       0  18103      4      0 
 20250825    21:21:38       1  18175      4      0 
 20250825    21:21:38       2  18175      4      0 
 20250825    21:21:38       3  18101      4      0 
 20250825    21:21:43       0  18103      4      0 
 20250825    21:21:43       1  18175      4      0 
 20250825    21:21:43       2  18175      4      0 
 20250825    21:21:43       3  18101      4      0 
#Date        Time         gpu     fb   bar1   ccpm 
#YYYYMMDD    HH:MM:SS     Idx     MB     MB     MB 
 20250825    21:21:48       0  18103      4      0 
 20250825    21:21:48       1  18175      4      0 
 20250825    21:21:48       2  18175      4      0 
 20250825    21:21:48       3  18101      4      0 
 20250825    21:21:53       0  18103      4      0 
 20250825    21:21:53       1  18175      4      0 
 20250825    21:21:53       2  18175      4      0 
 20250825    21:21:53       3  18101      4      0 
 20250825    21:21:58       0  18103      4      0 
 20250825    21:21:58       1  18175      4      0 
 20250825    21:21:58       2  18175      4      0 
 20250825    21:21:58       3  18101      4      0 
 20250825    21:22:03       0  18103      4      0 
 20250825    21:22:03       1  18175      4      0 
 20250825    21:22:03       2  18175      4      0 
 20250825    21:22:03       3  18101      4      0 
 20250825    21:22:08       0  18103      4      0 
 20250825    21:22:08       1  18175      4      0 
 20250825    21:22:08       2  18175      4      0 
 20250825    21:22:08       3  18101      4      0 
 20250825    21:22:13       0  18103      4      0 
 20250825    21:22:13       1  18175      4      0 
 20250825    21:22:13       2  18175      4      0 
 20250825    21:22:13       3  18101      4      0 
 20250825    21:22:18       0  18103      4      0 
 20250825    21:22:18       1  18175      4      0 
 20250825    21:22:18       2  18175      4      0 
 20250825    21:22:18       3  18101      4      0 
 20250825    21:22:23       0  18103      4      0 
 20250825    21:22:23       1  18175      4      0 
 20250825    21:22:23       2  18175      4      0 
 20250825    21:22:23       3  18101      4      0 
 20250825    21:22:28       0  18103      4      0 
 20250825    21:22:28       1  18175      4      0 
 20250825    21:22:28       2  18175      4      0 
 20250825    21:22:28       3  18101      4      0 
 20250825    21:22:33       0  18103      4      0 
 20250825    21:22:33       1  18175      4      0 
 20250825    21:22:33       2  18175      4      0 
 20250825    21:22:33       3  18101      4      0 
 20250825    21:22:38       0  18103      4      0 
 20250825    21:22:38       1  18175      4      0 
 20250825    21:22:38       2  18175      4      0 
 20250825    21:22:38       3  18101      4      0 
#Date        Time         gpu     fb   bar1   ccpm 
#YYYYMMDD    HH:MM:SS     Idx     MB     MB     MB 
 20250825    21:22:43       0  18103      4      0 
 20250825    21:22:43       1  18175      4      0 
 20250825    21:22:43       2  18175      4      0 
 20250825    21:22:43       3  18101      4      0 
 20250825    21:22:48       0  18103      4      0 
 20250825    21:22:48       1  18175      4      0 
 20250825    21:22:48       2  18175      4      0 
 20250825    21:22:48       3  18101      4      0 
 20250825    21:22:53       0  18103      4      0 
 20250825    21:22:53       1  18175      4      0 
 20250825    21:22:53       2  18175      4      0 
 20250825    21:22:53       3  18101      4      0 
 20250825    21:22:58       0  18103      4      0 
 20250825    21:22:58       1  18175      4      0 
 20250825    21:22:58       2  18175      4      0 
 20250825    21:22:58       3  18101      4      0 
 20250825    21:23:03       0  18103      4      0 
 20250825    21:23:03       1  18175      4      0 
 20250825    21:23:03       2  18175      4      0 
 20250825    21:23:03       3  18101      4      0 
 20250825    21:23:08       0  18103      4      0 
 20250825    21:23:08       1  18175      4      0 
 20250825    21:23:08       2  18175      4      0 
 20250825    21:23:08       3  18101      4      0 
 20250825    21:23:13       0  18103      4      0 
 20250825    21:23:13       1  18175      4      0 
 20250825    21:23:13       2  18175      4      0 
 20250825    21:23:13       3  18101      4      0 
 20250825    21:23:18       0  18103      4      0 
 20250825    21:23:18       1  18175      4      0 
 20250825    21:23:18       2  18175      4      0 
 20250825    21:23:18       3  18101      4      0 
 20250825    21:23:23       0  18103      4      0 
 20250825    21:23:23       1  18175      4      0 
 20250825    21:23:23       2  18175      4      0 
 20250825    21:23:23       3  18101      4      0 
 20250825    21:23:28       0  18103      4      0 
 20250825    21:23:28       1  18175      4      0 
 20250825    21:23:28       2  18175      4      0 
 20250825    21:23:28       3  18101      4      0 
 20250825    21:23:33       0  18103      4      0 
 20250825    21:23:33       1  18175      4      0 
 20250825    21:23:33       2  18175      4      0 
 20250825    21:23:33       3  18101      4      0 
#Date        Time         gpu     fb   bar1   ccpm 
#YYYYMMDD    HH:MM:SS     Idx     MB     MB     MB 
 20250825    21:23:38       0  18103      4      0 
 20250825    21:23:38       1  18175      4      0 
 20250825    21:23:38       2  18175      4      0 
 20250825    21:23:38       3  18101      4      0 
 20250825    21:23:43       0  18103      4      0 
 20250825    21:23:43       1  18175      4      0 
 20250825    21:23:43       2  18175      4      0 
 20250825    21:23:43       3  18101      4      0 
 20250825    21:23:48       0  18103      4      0 
 20250825    21:23:48       1  18175      4      0 
 20250825    21:23:48       2  18175      4      0 
 20250825    21:23:48       3  18101      4      0 
 20250825    21:23:53       0  18103      4      0 
 20250825    21:23:53       1  18175      4      0 
 20250825    21:23:53       2  18175      4      0 
 20250825    21:23:53       3  18101      4      0 
 20250825    21:23:58       0  18103      4      0 
 20250825    21:23:58       1  18175      4      0 
 20250825    21:23:58       2  18175      4      0 
 20250825    21:23:58       3  18101      4      0 
 20250825    21:24:03       0  18103      4      0 
 20250825    21:24:03       1  18175      4      0 
 20250825    21:24:03       2  18175      4      0 
 20250825    21:24:03       3  18101      4      0 
 20250825    21:24:08       0  18103      4      0 
 20250825    21:24:08       1  18175      4      0 
 20250825    21:24:08       2  18175      4      0 
 20250825    21:24:08       3  18101      4      0 
 20250825    21:24:13       0  18103      4      0 
 20250825    21:24:13       1  18175      4      0 
 20250825    21:24:13       2  18175      4      0 
 20250825    21:24:13       3  18101      4      0 
 20250825    21:24:18       0  18103      4      0 
 20250825    21:24:18       1  18175      4      0 
 20250825    21:24:18       2  18175      4      0 
 20250825    21:24:18       3  18101      4      0 
 20250825    21:24:23       0  18103      4      0 
 20250825    21:24:23       1  18175      4      0 
 20250825    21:24:23       2  18175      4      0 
 20250825    21:24:23       3  18101      4      0 
 20250825    21:24:28       0  18103      4      0 
 20250825    21:24:28       1  18175      4      0 
 20250825    21:24:28       2  18175      4      0 
 20250825    21:24:28       3  18101      4      0 
#Date        Time         gpu     fb   bar1   ccpm 
#YYYYMMDD    HH:MM:SS     Idx     MB     MB     MB 
 20250825    21:24:33       0  18103      4      0 
 20250825    21:24:33       1  18175      4      0 
 20250825    21:24:33       2  18175      4      0 
 20250825    21:24:33       3  18101      4      0 
 20250825    21:24:38       0  18103      4      0 
 20250825    21:24:38       1  18175      4      0 
 20250825    21:24:38       2  18175      4      0 
 20250825    21:24:38       3  18101      4      0 
 20250825    21:24:43       0  18103      4      0 
 20250825    21:24:43       1  18175      4      0 
 20250825    21:24:43       2  18175      4      0 
 20250825    21:24:43       3  18101      4      0 
 20250825    21:24:48       0  18103      4      0 
 20250825    21:24:48       1  18175      4      0 
 20250825    21:24:48       2  18175      4      0 
 20250825    21:24:48       3  18101      4      0 
 20250825    21:24:53       0  18103      4      0 
 20250825    21:24:53       1  18175      4      0 
 20250825    21:24:53       2  18175      4      0 
 20250825    21:24:53       3  18101      4      0 
 20250825    21:24:58       0  18103      4      0 
 20250825    21:24:58       1  18175      4      0 
 20250825    21:24:58       2  18175      4      0 
 20250825    21:24:58       3  18101      4      0 
 20250825    21:25:03       0  18103      4      0 
 20250825    21:25:03       1  18175      4      0 
 20250825    21:25:03       2  18175      4      0 
 20250825    21:25:03       3  18101      4      0 
 20250825    21:25:08       0  18103      4      0 
 20250825    21:25:08       1  18175      4      0 
 20250825    21:25:08       2  18175      4      0 
 20250825    21:25:08       3  18101      4      0 
 20250825    21:25:13       0  18103      4      0 
 20250825    21:25:13       1  18175      4      0 
 20250825    21:25:13       2  18175      4      0 
 20250825    21:25:13       3  18101      4      0 
 20250825    21:25:18       0  18103      4      0 
 20250825    21:25:18       1  18175      4      0 
 20250825    21:25:18       2  18175      4      0 
 20250825    21:25:18       3  18101      4      0 
 20250825    21:25:23       0  18103      4      0 
 20250825    21:25:23       1  18175      4      0 
 20250825    21:25:23       2  18175      4      0 
 20250825    21:25:23       3  18101      4      0 
#Date        Time         gpu     fb   bar1   ccpm 
#YYYYMMDD    HH:MM:SS     Idx     MB     MB     MB 
 20250825    21:25:28       0  18103      4      0 
 20250825    21:25:28       1  18175      4      0 
 20250825    21:25:28       2  18175      4      0 
 20250825    21:25:28       3  18101      4      0 
 20250825    21:25:33       0  18103      4      0 
 20250825    21:25:33       1  18175      4      0 
 20250825    21:25:33       2  18175      4      0 
 20250825    21:25:33       3  18101      4      0 
 20250825    21:25:38       0  18103      4      0 
 20250825    21:25:38       1  18175      4      0 
 20250825    21:25:38       2  18175      4      0 
 20250825    21:25:38       3  18101      4      0 
 20250825    21:25:43       0  18103      4      0 
 20250825    21:25:43       1  18175      4      0 
 20250825    21:25:43       2  18175      4      0 
 20250825    21:25:43       3  18101      4      0 
 20250825    21:25:48       0  18103      4      0 
 20250825    21:25:48       1  18175      4      0 
 20250825    21:25:48       2  18175      4      0 
 20250825    21:25:48       3  18101      4      0 
 20250825    21:25:54       0  18103      4      0 
 20250825    21:25:54       1  18175      4      0 
 20250825    21:25:54       2  18175      4      0 
 20250825    21:25:54       3  18101      4      0 
 20250825    21:25:59       0  18103      4      0 
 20250825    21:25:59       1  18175      4      0 
 20250825    21:25:59       2  18175      4      0 
 20250825    21:25:59       3  18101      4      0 
 20250825    21:26:04       0  18103      4      0 
 20250825    21:26:04       1  18175      4      0 
 20250825    21:26:04       2  18175      4      0 
 20250825    21:26:04       3  18101      4      0 
 20250825    21:26:09       0  18103      4      0 
 20250825    21:26:09       1  18175      4      0 
 20250825    21:26:09       2  18175      4      0 
 20250825    21:26:09       3  18101      4      0 
 20250825    21:26:14       0  18103      4      0 
 20250825    21:26:14       1  18175      4      0 
 20250825    21:26:14       2  18175      4      0 
 20250825    21:26:14       3  18101      4      0 
 20250825    21:26:19       0  18103      4      0 
 20250825    21:26:19       1  18175      4      0 
 20250825    21:26:19       2  18175      4      0 
 20250825    21:26:19       3  18101      4      0 
#Date        Time         gpu     fb   bar1   ccpm 
#YYYYMMDD    HH:MM:SS     Idx     MB     MB     MB 
 20250825    21:26:24       0  18103      4      0 
 20250825    21:26:24       1  18175      4      0 
 20250825    21:26:24       2  18175      4      0 
 20250825    21:26:24       3  18101      4      0 
 20250825    21:26:29       0  18103      4      0 
 20250825    21:26:29       1  18175      4      0 
 20250825    21:26:29       2  18175      4      0 
 20250825    21:26:29       3  18101      4      0 
 20250825    21:26:34       0  18103      4      0 
 20250825    21:26:34       1  18175      4      0 
 20250825    21:26:34       2  18175      4      0 
 20250825    21:26:34       3  18101      4      0 
 20250825    21:26:39       0  18103      4      0 
 20250825    21:26:39       1  18175      4      0 
 20250825    21:26:39       2  18175      4      0 
 20250825    21:26:39       3  18101      4      0 
 20250825    21:26:44       0  18103      4      0 
 20250825    21:26:44       1  18175      4      0 
 20250825    21:26:44       2  18175      4      0 
 20250825    21:26:44       3  18101      4      0 
 20250825    21:26:49       0  18103      4      0 
 20250825    21:26:49       1  18175      4      0 
 20250825    21:26:49       2  18175      4      0 
 20250825    21:26:49       3  18101      4      0 
 20250825    21:26:54       0  18103      4      0 
 20250825    21:26:54       1  18175      4      0 
 20250825    21:26:54       2  18175      4      0 
 20250825    21:26:54       3  18101      4      0 
 20250825    21:26:59       0  18103      4      0 
 20250825    21:26:59       1  18175      4      0 
 20250825    21:26:59       2  18175      4      0 
 20250825    21:26:59       3  18101      4      0 
 20250825    21:27:04       0  18103      4      0 
 20250825    21:27:04       1  18175      4      0 
 20250825    21:27:04       2  18175      4      0 
 20250825    21:27:04       3  18101      4      0 
 20250825    21:27:09       0  18103      4      0 
 20250825    21:27:09       1  18175      4      0 
 20250825    21:27:09       2  18175      4      0 
 20250825    21:27:09       3  18101      4      0 
 20250825    21:27:14       0  18103      4      0 
 20250825    21:27:14       1  18175      4      0 
 20250825    21:27:14       2  18175      4      0 
 20250825    21:27:14       3  18101      4      0 
#Date        Time         gpu     fb   bar1   ccpm 
#YYYYMMDD    HH:MM:SS     Idx     MB     MB     MB 
 20250825    21:27:19       0  18103      4      0 
 20250825    21:27:19       1  18175      4      0 
 20250825    21:27:19       2  18175      4      0 
 20250825    21:27:19       3  18101      4      0 
 20250825    21:27:24       0  18103      4      0 
 20250825    21:27:24       1  18175      4      0 
 20250825    21:27:24       2  18175      4      0 
 20250825    21:27:24       3  18101      4      0 
 20250825    21:27:29       0  18103      4      0 
 20250825    21:27:29       1  18175      4      0 
 20250825    21:27:29       2  18175      4      0 
 20250825    21:27:29       3  18101      4      0 
 20250825    21:27:34       0  18103      4      0 
 20250825    21:27:34       1  18175      4      0 
 20250825    21:27:34       2  18175      4      0 
 20250825    21:27:34       3  18101      4      0 
 20250825    21:27:39       0  18103      4      0 
 20250825    21:27:39       1  18175      4      0 
 20250825    21:27:39       2  18175      4      0 
 20250825    21:27:39       3  18101      4      0 
 20250825    21:27:44       0  18103      4      0 
 20250825    21:27:44       1  18175      4      0 
 20250825    21:27:44       2  18175      4      0 
 20250825    21:27:44       3  18101      4      0 
 20250825    21:27:49       0  18103      4      0 
 20250825    21:27:49       1  18175      4      0 
 20250825    21:27:49       2  18175      4      0 
 20250825    21:27:49       3  18101      4      0 
 20250825    21:27:54       0  18103      4      0 
 20250825    21:27:54       1  18175      4      0 
 20250825    21:27:54       2  18175      4      0 
 20250825    21:27:54       3  18101      4      0 
 20250825    21:27:59       0  18103      4      0 
 20250825    21:27:59       1  18175      4      0 
 20250825    21:27:59       2  18175      4      0 
 20250825    21:27:59       3  18101      4      0 
 20250825    21:28:04       0  18103      4      0 
 20250825    21:28:04       1  18175      4      0 
 20250825    21:28:04       2  18175      4      0 
 20250825    21:28:04       3  18101      4      0 
 20250825    21:28:09       0  18103      4      0 
 20250825    21:28:09       1  18175      4      0 
 20250825    21:28:09       2  18175      4      0 
 20250825    21:28:09       3  18101      4      0 
#Date        Time         gpu     fb   bar1   ccpm 
#YYYYMMDD    HH:MM:SS     Idx     MB     MB     MB 
 20250825    21:28:14       0  18103      4      0 
 20250825    21:28:14       1  18175      4      0 
 20250825    21:28:14       2  18175      4      0 
 20250825    21:28:14       3  18101      4      0 
 20250825    21:28:19       0  18103      4      0 
 20250825    21:28:19       1  18175      4      0 
 20250825    21:28:19       2  18175      4      0 
 20250825    21:28:19       3  18101      4      0 
 20250825    21:28:24       0  18103      4      0 
 20250825    21:28:24       1  18175      4      0 
 20250825    21:28:24       2  18175      4      0 
 20250825    21:28:24       3  18101      4      0 
 20250825    21:28:29       0  18103      4      0 
 20250825    21:28:29       1  18175      4      0 
 20250825    21:28:29       2  18175      4      0 
 20250825    21:28:29       3  18101      4      0 
 20250825    21:28:34       0  18103      4      0 
 20250825    21:28:34       1  18175      4      0 
 20250825    21:28:34       2  18175      4      0 
 20250825    21:28:34       3  18101      4      0 
 20250825    21:28:39       0  18103      4      0 
 20250825    21:28:39       1  18175      4      0 
 20250825    21:28:39       2  18175      4      0 
 20250825    21:28:39       3  18101      4      0 
 20250825    21:28:44       0  18103      4      0 
 20250825    21:28:44       1  18175      4      0 
 20250825    21:28:44       2  18175      4      0 
 20250825    21:28:44       3  18101      4      0 
 20250825    21:28:49       0  18103      4      0 
 20250825    21:28:49       1  18175      4      0 
 20250825    21:28:49       2  18175      4      0 
 20250825    21:28:49       3  18101      4      0 
 20250825    21:28:54       0  18103      4      0 
 20250825    21:28:54       1  18175      4      0 
 20250825    21:28:54       2  18175      4      0 
 20250825    21:28:54       3  18101      4      0 
 20250825    21:28:59       0  18103      4      0 
 20250825    21:28:59       1  18175      4      0 
 20250825    21:28:59       2  18175      4      0 
 20250825    21:28:59       3  18101      4      0 
 20250825    21:29:04       0  18103      4      0 
 20250825    21:29:04       1  18175      4      0 
 20250825    21:29:04       2  18175      4      0 
 20250825    21:29:04       3  18101      4      0 
#Date        Time         gpu     fb   bar1   ccpm 
#YYYYMMDD    HH:MM:SS     Idx     MB     MB     MB 
 20250825    21:29:09       0  18103      4      0 
 20250825    21:29:09       1  18175      4      0 
 20250825    21:29:09       2  18175      4      0 
 20250825    21:29:09       3  18101      4      0 
 20250825    21:29:14       0  18103      4      0 
 20250825    21:29:14       1  18175      4      0 
 20250825    21:29:14       2  18175      4      0 
 20250825    21:29:14       3  18101      4      0 
 20250825    21:29:19       0  18103      4      0 
 20250825    21:29:19       1  18175      4      0 
 20250825    21:29:19       2  18175      4      0 
 20250825    21:29:19       3  18101      4      0 
 20250825    21:29:24       0  18103      4      0 
 20250825    21:29:24       1  18175      4      0 
 20250825    21:29:24       2  18175      4      0 
 20250825    21:29:24       3  18101      4      0 
 20250825    21:29:29       0  18103      4      0 
 20250825    21:29:29       1  18175      4      0 
 20250825    21:29:29       2  18175      4      0 
 20250825    21:29:29       3  18101      4      0 
 20250825    21:29:34       0  18103      4      0 
 20250825    21:29:34       1  18175      4      0 
 20250825    21:29:34       2  18175      4      0 
 20250825    21:29:34       3  18101      4      0 
 20250825    21:29:39       0  18103      4      0 
 20250825    21:29:39       1  18175      4      0 
 20250825    21:29:39       2  18175      4      0 
 20250825    21:29:39       3  18101      4      0 
 20250825    21:29:44       0  18103      4      0 
 20250825    21:29:44       1  18175      4      0 
 20250825    21:29:44       2  18175      4      0 
 20250825    21:29:44       3  18101      4      0 
 20250825    21:29:49       0  18103      4      0 
 20250825    21:29:49       1  18175      4      0 
 20250825    21:29:49       2  18175      4      0 
 20250825    21:29:49       3  18101      4      0 
 20250825    21:29:54       0  18103      4      0 
 20250825    21:29:54       1  18175      4      0 
 20250825    21:29:54       2  18175      4      0 
 20250825    21:29:54       3  18101      4      0 
 20250825    21:29:59       0  18103      4      0 
 20250825    21:29:59       1  18175      4      0 
 20250825    21:29:59       2  18175      4      0 
 20250825    21:29:59       3  18101      4      0 
#Date        Time         gpu     fb   bar1   ccpm 
#YYYYMMDD    HH:MM:SS     Idx     MB     MB     MB 
 20250825    21:30:04       0  18103      4      0 
 20250825    21:30:04       1  18175      4      0 
 20250825    21:30:04       2  18175      4      0 
 20250825    21:30:04       3  18101      4      0 
 20250825    21:30:09       0  18103      4      0 
 20250825    21:30:09       1  18175      4      0 
 20250825    21:30:09       2  18175      4      0 
 20250825    21:30:09       3  18101      4      0 
 20250825    21:30:14       0  18103      4      0 
 20250825    21:30:14       1  18175      4      0 
 20250825    21:30:14       2  18175      4      0 
 20250825    21:30:14       3  18101      4      0 
 20250825    21:30:19       0  18103      4      0 
 20250825    21:30:19       1  18175      4      0 
 20250825    21:30:19       2  18175      4      0 
 20250825    21:30:19       3  18101      4      0 
 20250825    21:30:24       0  18103      4      0 
 20250825    21:30:24       1  18175      4      0 
 20250825    21:30:24       2  18175      4      0 
 20250825    21:30:24       3  18101      4      0 
 20250825    21:30:29       0  18103      4      0 
 20250825    21:30:29       1  18175      4      0 
 20250825    21:30:29       2  18175      4      0 
 20250825    21:30:29       3  18101      4      0 
 20250825    21:30:34       0  18103      4      0 
 20250825    21:30:34       1  18175      4      0 
 20250825    21:30:34       2  18175      4      0 
 20250825    21:30:34       3  18101      4      0 
 20250825    21:30:39       0  18103      4      0 
 20250825    21:30:39       1  18175      4      0 
 20250825    21:30:39       2  18175      4      0 
 20250825    21:30:39       3  18101      4      0 
 20250825    21:30:44       0  18103      4      0 
 20250825    21:30:44       1  18175      4      0 
 20250825    21:30:44       2  18175      4      0 
 20250825    21:30:44       3  18101      4      0 
 20250825    21:30:49       0  18103      4      0 
 20250825    21:30:49       1  18175      4      0 
 20250825    21:30:49       2  18175      4      0 
 20250825    21:30:49       3  18101      4      0 
 20250825    21:30:54       0  18103      4      0 
 20250825    21:30:54       1  18175      4      0 
 20250825    21:30:54       2  18175      4      0 
 20250825    21:30:54       3  18101      4      0 
#Date        Time         gpu     fb   bar1   ccpm 
#YYYYMMDD    HH:MM:SS     Idx     MB     MB     MB 
 20250825    21:30:59       0  18103      4      0 
 20250825    21:30:59       1  18175      4      0 
 20250825    21:30:59       2  18175      4      0 
 20250825    21:30:59       3  18101      4      0 
 20250825    21:31:04       0  18103      4      0 
 20250825    21:31:04       1  18175      4      0 
 20250825    21:31:04       2  18175      4      0 
 20250825    21:31:04       3  18101      4      0 
 20250825    21:31:09       0  18103      4      0 
 20250825    21:31:09       1  18175      4      0 
 20250825    21:31:09       2  18175      4      0 
 20250825    21:31:09       3  18101      4      0 
 20250825    21:31:14       0  18103      4      0 
 20250825    21:31:14       1  18175      4      0 
 20250825    21:31:14       2  18175      4      0 
 20250825    21:31:14       3  18101      4      0 
 20250825    21:31:19       0  18103      4      0 
 20250825    21:31:19       1  18175      4      0 
 20250825    21:31:19       2  18175      4      0 
 20250825    21:31:19       3  18101      4      0 
 20250825    21:31:24       0  18103      4      0 
 20250825    21:31:24       1  18175      4      0 
 20250825    21:31:24       2  18175      4      0 
 20250825    21:31:24       3  18101      4      0 
 20250825    21:31:29       0  18103      4      0 
 20250825    21:31:29       1  18175      4      0 
 20250825    21:31:29       2  18175      4      0 
 20250825    21:31:29       3  18101      4      0 
 20250825    21:31:34       0  18103      4      0 
 20250825    21:31:34       1  18175      4      0 
 20250825    21:31:34       2  18175      4      0 
 20250825    21:31:34       3  18101      4      0 
 20250825    21:31:39       0  18103      4      0 
 20250825    21:31:39       1  18175      4      0 
 20250825    21:31:39       2  18175      4      0 
 20250825    21:31:39       3  18101      4      0 
 20250825    21:31:44       0  18103      4      0 
 20250825    21:31:44       1  18175      4      0 
 20250825    21:31:44       2  18175      4      0 
 20250825    21:31:44       3  18101      4      0 
 20250825    21:31:49       0  18103      4      0 
 20250825    21:31:49       1  18175      4      0 
 20250825    21:31:49       2  18175      4      0 
 20250825    21:31:49       3  18101      4      0 
#Date        Time         gpu     fb   bar1   ccpm 
#YYYYMMDD    HH:MM:SS     Idx     MB     MB     MB 
 20250825    21:31:54       0  18103      4      0 
 20250825    21:31:54       1  18175      4      0 
 20250825    21:31:54       2  18175      4      0 
 20250825    21:31:54       3  18101      4      0 
 20250825    21:31:59       0  18103      4      0 
 20250825    21:31:59       1  18175      4      0 
 20250825    21:31:59       2  18175      4      0 
 20250825    21:31:59       3  18101      4      0 
 20250825    21:32:04       0  18103      4      0 
 20250825    21:32:04       1  18175      4      0 
 20250825    21:32:04       2  18175      4      0 
 20250825    21:32:04       3  18101      4      0 
 20250825    21:32:09       0  18103      4      0 
 20250825    21:32:09       1  18175      4      0 
 20250825    21:32:09       2  18175      4      0 
 20250825    21:32:09       3  18101      4      0 
 20250825    21:32:14       0  18103      4      0 
 20250825    21:32:14       1  18175      4      0 
 20250825    21:32:14       2  18175      4      0 
 20250825    21:32:14       3  18101      4      0 
 20250825    21:32:19       0  18103      4      0 
 20250825    21:32:19       1  18175      4      0 
 20250825    21:32:19       2  18175      4      0 
 20250825    21:32:19       3  18101      4      0 
 20250825    21:32:24       0  18103      4      0 
 20250825    21:32:24       1  18175      4      0 
 20250825    21:32:24       2  18175      4      0 
 20250825    21:32:24       3  18101      4      0 
 20250825    21:32:29       0  18103      4      0 
 20250825    21:32:29       1  18175      4      0 
 20250825    21:32:29       2  18175      4      0 
 20250825    21:32:29       3  18101      4      0 
 20250825    21:32:34       0  18103      4      0 
 20250825    21:32:34       1  18175      4      0 
 20250825    21:32:34       2  18175      4      0 
 20250825    21:32:34       3  18101      4      0 
 20250825    21:32:39       0  18103      4      0 
 20250825    21:32:39       1  18175      4      0 
 20250825    21:32:39       2  18175      4      0 
 20250825    21:32:39       3  18101      4      0 
 20250825    21:32:44       0  18103      4      0 
 20250825    21:32:44       1  18175      4      0 
 20250825    21:32:44       2  18175      4      0 
 20250825    21:32:44       3  18101      4      0 
#Date        Time         gpu     fb   bar1   ccpm 
#YYYYMMDD    HH:MM:SS     Idx     MB     MB     MB 
 20250825    21:32:49       0  18103      4      0 
 20250825    21:32:49       1  18175      4      0 
 20250825    21:32:49       2  18175      4      0 
 20250825    21:32:49       3  18101      4      0 
 20250825    21:32:54       0  18103      4      0 
 20250825    21:32:54       1  18175      4      0 
 20250825    21:32:54       2  18175      4      0 
 20250825    21:32:54       3  18101      4      0 
 20250825    21:32:59       0  18103      4      0 
 20250825    21:32:59       1  18175      4      0 
 20250825    21:32:59       2  18175      4      0 
 20250825    21:32:59       3  18101      4      0 
 20250825    21:33:04       0  18103      4      0 
 20250825    21:33:04       1  18175      4      0 
 20250825    21:33:04       2  18175      4      0 
 20250825    21:33:04       3  18101      4      0 
 20250825    21:33:09       0  18103      4      0 
 20250825    21:33:09       1  18175      4      0 
 20250825    21:33:09       2  18175      4      0 
 20250825    21:33:09       3  18101      4      0 
 20250825    21:33:14       0  18103      4      0 
 20250825    21:33:14       1  18175      4      0 
 20250825    21:33:14       2  18175      4      0 
 20250825    21:33:14       3  18101      4      0 
 20250825    21:33:19       0  18103      4      0 
 20250825    21:33:19       1  18175      4      0 
 20250825    21:33:19       2  18175      4      0 
 20250825    21:33:19       3  18101      4      0 
 20250825    21:33:24       0  18103      4      0 
 20250825    21:33:24       1  18175      4      0 
 20250825    21:33:24       2  18175      4      0 
 20250825    21:33:24       3  18101      4      0 
 20250825    21:33:29       0  18103      4      0 
 20250825    21:33:29       1  18175      4      0 
 20250825    21:33:29       2  18175      4      0 
 20250825    21:33:29       3  18101      4      0 
 20250825    21:33:34       0  18103      4      0 
 20250825    21:33:34       1  18175      4      0 
 20250825    21:33:34       2  18175      4      0 
 20250825    21:33:34       3  18101      4      0 
 20250825    21:33:39       0  18103      4      0 
 20250825    21:33:39       1  18175      4      0 
 20250825    21:33:39       2  18175      4      0 
 20250825    21:33:39       3  18101      4      0 
#Date        Time         gpu     fb   bar1   ccpm 
#YYYYMMDD    HH:MM:SS     Idx     MB     MB     MB 
 20250825    21:33:44       0  18103      4      0 
 20250825    21:33:44       1  18175      4      0 
 20250825    21:33:44       2  18175      4      0 
 20250825    21:33:44       3  18101      4      0 
 20250825    21:33:49       0  18103      4      0 
 20250825    21:33:49       1  18175      4      0 
 20250825    21:33:49       2  18175      4      0 
 20250825    21:33:49       3  18101      4      0 
 20250825    21:33:54       0  18103      4      0 
 20250825    21:33:54       1  18175      4      0 
 20250825    21:33:54       2  18175      4      0 
 20250825    21:33:54       3  18101      4      0 
 20250825    21:33:59       0  18103      4      0 
 20250825    21:33:59       1  18175      4      0 
 20250825    21:33:59       2  18175      4      0 
 20250825    21:33:59       3  18101      4      0 
 20250825    21:34:04       0  18103      4      0 
 20250825    21:34:04       1  18175      4      0 
 20250825    21:34:04       2  18175      4      0 
 20250825    21:34:04       3  18101      4      0 
 20250825    21:34:09       0  18103      4      0 
 20250825    21:34:09       1  18175      4      0 
 20250825    21:34:09       2  18175      4      0 
 20250825    21:34:09       3  18101      4      0 
 20250825    21:34:14       0  18103      4      0 
 20250825    21:34:14       1  18175      4      0 
 20250825    21:34:14       2  18175      4      0 
 20250825    21:34:14       3  18101      4      0 
 20250825    21:34:19       0  18103      4      0 
 20250825    21:34:19       1  18175      4      0 
 20250825    21:34:19       2  18175      4      0 
 20250825    21:34:19       3  18101      4      0 
 20250825    21:34:24       0  18103      4      0 
 20250825    21:34:24       1  18175      4      0 
 20250825    21:34:24       2  18175      4      0 
 20250825    21:34:24       3  18101      4      0 
 20250825    21:34:29       0  18103      4      0 
 20250825    21:34:29       1  18175      4      0 
 20250825    21:34:29       2  18175      4      0 
 20250825    21:34:29       3  18101      4      0 
 20250825    21:34:34       0  18103      4      0 
 20250825    21:34:34       1  18175      4      0 
 20250825    21:34:34       2  18175      4      0 
 20250825    21:34:34       3  18101      4      0 
#Date        Time         gpu     fb   bar1   ccpm 
#YYYYMMDD    HH:MM:SS     Idx     MB     MB     MB 
 20250825    21:34:39       0  18103      4      0 
 20250825    21:34:39       1  18175      4      0 
 20250825    21:34:39       2  18175      4      0 
 20250825    21:34:39       3  18101      4      0 
 20250825    21:34:44       0  18103      4      0 
 20250825    21:34:44       1  18175      4      0 
 20250825    21:34:44       2  18175      4      0 
 20250825    21:34:44       3  18101      4      0 
 20250825    21:34:49       0  18103      4      0 
 20250825    21:34:49       1  18175      4      0 
 20250825    21:34:49       2  18175      4      0 
 20250825    21:34:49       3  18101      4      0 
 20250825    21:34:54       0  18103      4      0 
 20250825    21:34:54       1  18175      4      0 
 20250825    21:34:54       2  18175      4      0 
 20250825    21:34:54       3  18101      4      0 
 20250825    21:34:59       0  18103      4      0 
 20250825    21:34:59       1  18175      4      0 
 20250825    21:34:59       2  18175      4      0 
 20250825    21:34:59       3  18101      4      0 
 20250825    21:35:04       0  18103      4      0 
 20250825    21:35:04       1  18175      4      0 
 20250825    21:35:04       2  18175      4      0 
 20250825    21:35:04       3  18101      4      0 
 20250825    21:35:09       0  18103      4      0 
 20250825    21:35:09       1  18175      4      0 
 20250825    21:35:09       2  18175      4      0 
 20250825    21:35:09       3  18101      4      0 
 20250825    21:35:14       0  18103      4      0 
 20250825    21:35:14       1  18175      4      0 
 20250825    21:35:14       2  18175      4      0 
 20250825    21:35:14       3  18101      4      0 
 20250825    21:35:19       0  18103      4      0 
 20250825    21:35:19       1  18175      4      0 
 20250825    21:35:19       2  18175      4      0 
 20250825    21:35:19       3  18101      4      0 
 20250825    21:35:24       0  18103      4      0 
 20250825    21:35:24       1  18175      4      0 
 20250825    21:35:24       2  18175      4      0 
 20250825    21:35:24       3  18101      4      0 
 20250825    21:35:29       0  18103      4      0 
 20250825    21:35:29       1  18175      4      0 
 20250825    21:35:29       2  18175      4      0 
 20250825    21:35:29       3  18101      4      0 
#Date        Time         gpu     fb   bar1   ccpm 
#YYYYMMDD    HH:MM:SS     Idx     MB     MB     MB 
 20250825    21:35:34       0  18103      4      0 
 20250825    21:35:34       1  18175      4      0 
 20250825    21:35:34       2  18175      4      0 
 20250825    21:35:34       3  18101      4      0 
 20250825    21:35:39       0  18103      4      0 
 20250825    21:35:39       1  18175      4      0 
 20250825    21:35:39       2  18175      4      0 
 20250825    21:35:39       3  18101      4      0 
 20250825    21:35:44       0  18103      4      0 
 20250825    21:35:44       1  18175      4      0 
 20250825    21:35:44       2  18175      4      0 
 20250825    21:35:44       3  18101      4      0 
 20250825    21:35:49       0  18103      4      0 
 20250825    21:35:49       1  18175      4      0 
 20250825    21:35:49       2  18175      4      0 
 20250825    21:35:49       3  18101      4      0 
 20250825    21:35:54       0  18103      4      0 
 20250825    21:35:54       1  18175      4      0 
 20250825    21:35:54       2  18175      4      0 
 20250825    21:35:54       3  18101      4      0 
 20250825    21:35:59       0  18103      4      0 
 20250825    21:35:59       1  18175      4      0 
 20250825    21:35:59       2  18175      4      0 
 20250825    21:35:59       3  18101      4      0 
 20250825    21:36:04       0  18103      4      0 
 20250825    21:36:04       1  18175      4      0 
 20250825    21:36:04       2  18175      4      0 
 20250825    21:36:04       3  18101      4      0 
 20250825    21:36:09       0  18103      4      0 
 20250825    21:36:09       1  18175      4      0 
 20250825    21:36:09       2  18175      4      0 
 20250825    21:36:09       3  18101      4      0 
 20250825    21:36:14       0  18103      4      0 
 20250825    21:36:14       1  18175      4      0 
 20250825    21:36:14       2  18175      4      0 
 20250825    21:36:14       3  18101      4      0 
 20250825    21:36:19       0  18103      4      0 
 20250825    21:36:19       1  18175      4      0 
 20250825    21:36:19       2  18175      4      0 
 20250825    21:36:19       3  18101      4      0 
 20250825    21:36:24       0  18103      4      0 
 20250825    21:36:24       1  18175      4      0 
 20250825    21:36:24       2  18175      4      0 
 20250825    21:36:24       3  18101      4      0 
#Date        Time         gpu     fb   bar1   ccpm 
#YYYYMMDD    HH:MM:SS     Idx     MB     MB     MB 
 20250825    21:36:29       0  18103      4      0 
 20250825    21:36:29       1  18175      4      0 
 20250825    21:36:29       2  18175      4      0 
 20250825    21:36:29       3  18101      4      0 
 20250825    21:36:34       0  18103      4      0 
 20250825    21:36:34       1  18175      4      0 
 20250825    21:36:34       2  18175      4      0 
 20250825    21:36:34       3  18101      4      0 
 20250825    21:36:39       0  18103      4      0 
 20250825    21:36:39       1  18175      4      0 
 20250825    21:36:39       2  18175      4      0 
 20250825    21:36:39       3  18101      4      0 
 20250825    21:36:44       0  18103      4      0 
 20250825    21:36:44       1  18175      4      0 
 20250825    21:36:44       2  18175      4      0 
 20250825    21:36:44       3  18101      4      0 
 20250825    21:36:49       0  18103      4      0 
 20250825    21:36:49       1  18175      4      0 
 20250825    21:36:49       2  18175      4      0 
 20250825    21:36:49       3  18101      4      0 
 20250825    21:36:54       0  18103      4      0 
 20250825    21:36:54       1  18175      4      0 
 20250825    21:36:54       2  18175      4      0 
 20250825    21:36:54       3  18101      4      0 
 20250825    21:36:59       0  18103      4      0 
 20250825    21:36:59       1  18175      4      0 
 20250825    21:36:59       2  18175      4      0 
 20250825    21:36:59       3  18101      4      0 
 20250825    21:37:04       0  18103      4      0 
 20250825    21:37:04       1  18175      4      0 
 20250825    21:37:04       2  18175      4      0 
 20250825    21:37:04       3  18101      4      0 
 20250825    21:37:09       0  18103      4      0 
 20250825    21:37:09       1  18175      4      0 
 20250825    21:37:09       2  18175      4      0 
 20250825    21:37:09       3  18101      4      0 
 20250825    21:37:14       0  18103      4      0 
 20250825    21:37:14       1  18175      4      0 
 20250825    21:37:14       2  18175      4      0 
 20250825    21:37:14       3  18101      4      0 
 20250825    21:37:19       0  18103      4      0 
 20250825    21:37:19       1  18175      4      0 
 20250825    21:37:19       2  18175      4      0 
 20250825    21:37:19       3  18101      4      0 
#Date        Time         gpu     fb   bar1   ccpm 
#YYYYMMDD    HH:MM:SS     Idx     MB     MB     MB 
 20250825    21:37:24       0  18103      4      0 
 20250825    21:37:24       1  18175      4      0 
 20250825    21:37:24       2  18175      4      0 
 20250825    21:37:24       3  18101      4      0 
 20250825    21:37:29       0  18103      4      0 
 20250825    21:37:29       1  18175      4      0 
 20250825    21:37:29       2  18175      4      0 
 20250825    21:37:29       3  18101      4      0 
 20250825    21:37:34       0  18103      4      0 
 20250825    21:37:34       1  18175      4      0 
 20250825    21:37:34       2  18175      4      0 
 20250825    21:37:34       3  18101      4      0 
 20250825    21:37:39       0  18103      4      0 
 20250825    21:37:39       1  18175      4      0 
 20250825    21:37:39       2  18175      4      0 
 20250825    21:37:39       3  18101      4      0 
 20250825    21:37:44       0  18103      4      0 
 20250825    21:37:44       1  18175      4      0 
 20250825    21:37:44       2  18175      4      0 
 20250825    21:37:44       3  18101      4      0 
 20250825    21:37:49       0  18103      4      0 
 20250825    21:37:49       1  18175      4      0 
 20250825    21:37:49       2  18175      4      0 
 20250825    21:37:49       3  18101      4      0 
 20250825    21:37:54       0  18103      4      0 
 20250825    21:37:54       1  18175      4      0 
 20250825    21:37:54       2  18175      4      0 
 20250825    21:37:54       3  18101      4      0 
 20250825    21:37:59       0  18103      4      0 
 20250825    21:37:59       1  18175      4      0 
 20250825    21:37:59       2  18175      4      0 
 20250825    21:37:59       3  18101      4      0 
 20250825    21:38:04       0  18103      4      0 
 20250825    21:38:04       1  18175      4      0 
 20250825    21:38:04       2  18175      4      0 
 20250825    21:38:04       3  18101      4      0 
 20250825    21:38:09       0  18103      4      0 
 20250825    21:38:09       1  18175      4      0 
 20250825    21:38:09       2  18175      4      0 
 20250825    21:38:09       3  18101      4      0 
 20250825    21:38:14       0  18103      4      0 
 20250825    21:38:14       1  18175      4      0 
 20250825    21:38:14       2  18175      4      0 
 20250825    21:38:14       3  18101      4      0 
#Date        Time         gpu     fb   bar1   ccpm 
#YYYYMMDD    HH:MM:SS     Idx     MB     MB     MB 
 20250825    21:38:19       0  18103      4      0 
 20250825    21:38:19       1  18175      4      0 
 20250825    21:38:19       2  18175      4      0 
 20250825    21:38:19       3  18101      4      0 
 20250825    21:38:24       0  18103      4      0 
 20250825    21:38:24       1  18175      4      0 
 20250825    21:38:24       2  18175      4      0 
 20250825    21:38:24       3  18101      4      0 
 20250825    21:38:29       0  18103      4      0 
 20250825    21:38:29       1  18175      4      0 
 20250825    21:38:29       2  18175      4      0 
 20250825    21:38:29       3  18101      4      0 
 20250825    21:38:35       0  18103      4      0 
 20250825    21:38:35       1  18175      4      0 
 20250825    21:38:35       2  18175      4      0 
 20250825    21:38:35       3  18101      4      0 
 20250825    21:38:40       0  18103      4      0 
 20250825    21:38:40       1  18175      4      0 
 20250825    21:38:40       2  18175      4      0 
 20250825    21:38:40       3  18101      4      0 
 20250825    21:38:45       0  18103      4      0 
 20250825    21:38:45       1  18175      4      0 
 20250825    21:38:45       2  18175      4      0 
 20250825    21:38:45       3  18101      4      0 
 20250825    21:38:50       0  18103      4      0 
 20250825    21:38:50       1  18175      4      0 
 20250825    21:38:50       2  18175      4      0 
 20250825    21:38:50       3  18101      4      0 
 20250825    21:38:55       0  18103      4      0 
 20250825    21:38:55       1  18175      4      0 
 20250825    21:38:55       2  18175      4      0 
 20250825    21:38:55       3  18101      4      0 
 20250825    21:39:00       0  18103      4      0 
 20250825    21:39:00       1  18175      4      0 
 20250825    21:39:00       2  18175      4      0 
 20250825    21:39:00       3  18101      4      0 
 20250825    21:39:05       0  18103      4      0 
 20250825    21:39:05       1  18175      4      0 
 20250825    21:39:05       2  18175      4      0 
 20250825    21:39:05       3  18101      4      0 
 20250825    21:39:10       0  18103      4      0 
 20250825    21:39:10       1  18175      4      0 
 20250825    21:39:10       2  18175      4      0 
 20250825    21:39:10       3  18101      4      0 
#Date        Time         gpu     fb   bar1   ccpm 
#YYYYMMDD    HH:MM:SS     Idx     MB     MB     MB 
 20250825    21:39:15       0  18103      4      0 
 20250825    21:39:15       1  18175      4      0 
 20250825    21:39:15       2  18175      4      0 
 20250825    21:39:15       3  18101      4      0 
 20250825    21:39:20       0  18103      4      0 
 20250825    21:39:20       1  18175      4      0 
 20250825    21:39:20       2  18175      4      0 
 20250825    21:39:20       3  18101      4      0 
 20250825    21:39:25       0  18103      4      0 
 20250825    21:39:25       1  18175      4      0 
 20250825    21:39:25       2  18175      4      0 
 20250825    21:39:25       3  18101      4      0 
 20250825    21:39:30       0  18103      4      0 
 20250825    21:39:30       1  18175      4      0 
 20250825    21:39:30       2  18175      4      0 
 20250825    21:39:30       3  18101      4      0 
 20250825    21:39:35       0  18103      4      0 
 20250825    21:39:35       1  18175      4      0 
 20250825    21:39:35       2  18175      4      0 
 20250825    21:39:35       3  18101      4      0 
 20250825    21:39:40       0  18103      4      0 
 20250825    21:39:40       1  18175      4      0 
 20250825    21:39:40       2  18175      4      0 
 20250825    21:39:40       3  18101      4      0 
 20250825    21:39:45       0  18103      4      0 
 20250825    21:39:45       1  18175      4      0 
 20250825    21:39:45       2  18175      4      0 
 20250825    21:39:45       3  18101      4      0 
 20250825    21:39:50       0  18103      4      0 
 20250825    21:39:50       1  18175      4      0 
 20250825    21:39:50       2  18175      4      0 
 20250825    21:39:50       3  18101      4      0 
 20250825    21:39:55       0  18103      4      0 
 20250825    21:39:55       1  18175      4      0 
 20250825    21:39:55       2  18175      4      0 
 20250825    21:39:55       3  18101      4      0 
 20250825    21:40:00       0  18103      4      0 
 20250825    21:40:00       1  18175      4      0 
 20250825    21:40:00       2  18175      4      0 
 20250825    21:40:00       3  18101      4      0 
 20250825    21:40:05       0  18103      4      0 
 20250825    21:40:05       1  18175      4      0 
 20250825    21:40:05       2  18175      4      0 
 20250825    21:40:05       3  18101      4      0 
#Date        Time         gpu     fb   bar1   ccpm 
#YYYYMMDD    HH:MM:SS     Idx     MB     MB     MB 
 20250825    21:40:10       0  18103      4      0 
 20250825    21:40:10       1  18175      4      0 
 20250825    21:40:10       2  18175      4      0 
 20250825    21:40:10       3  18101      4      0 
 20250825    21:40:15       0  18103      4      0 
 20250825    21:40:15       1  18175      4      0 
 20250825    21:40:15       2  18175      4      0 
 20250825    21:40:15       3  18101      4      0 
 20250825    21:40:20       0  18103      4      0 
 20250825    21:40:20       1  18175      4      0 
 20250825    21:40:20       2  18175      4      0 
 20250825    21:40:20       3  18101      4      0 
 20250825    21:40:25       0  18103      4      0 
 20250825    21:40:25       1  18175      4      0 
 20250825    21:40:25       2  18175      4      0 
 20250825    21:40:25       3  18101      4      0 
 20250825    21:40:30       0  18103      4      0 
 20250825    21:40:30       1  18175      4      0 
 20250825    21:40:30       2  18175      4      0 
 20250825    21:40:30       3  18101      4      0 
 20250825    21:40:35       0  18103      4      0 
 20250825    21:40:35       1  18175      4      0 
 20250825    21:40:35       2  18175      4      0 
 20250825    21:40:35       3  18101      4      0 
 20250825    21:40:40       0  18103      4      0 
 20250825    21:40:40       1  18175      4      0 
 20250825    21:40:40       2  18175      4      0 
 20250825    21:40:40       3  18101      4      0 
 20250825    21:40:45       0  18103      4      0 
 20250825    21:40:45       1  18175      4      0 
 20250825    21:40:45       2  18175      4      0 
 20250825    21:40:45       3  18101      4      0 
 20250825    21:40:50       0  18103      4      0 
 20250825    21:40:50       1  18175      4      0 
 20250825    21:40:50       2  18175      4      0 
 20250825    21:40:50       3  18101      4      0 
 20250825    21:40:55       0  18103      4      0 
 20250825    21:40:55       1  18175      4      0 
 20250825    21:40:55       2  18175      4      0 
 20250825    21:40:55       3  18101      4      0 
 20250825    21:41:00       0  18103      4      0 
 20250825    21:41:00       1  18175      4      0 
 20250825    21:41:00       2  18175      4      0 
 20250825    21:41:00       3  18101      4      0 
#Date        Time         gpu     fb   bar1   ccpm 
#YYYYMMDD    HH:MM:SS     Idx     MB     MB     MB 
 20250825    21:41:05       0  18103      4      0 
 20250825    21:41:05       1  18175      4      0 
 20250825    21:41:05       2  18175      4      0 
 20250825    21:41:05       3  18101      4      0 
 20250825    21:41:10       0  18103      4      0 
 20250825    21:41:10       1  18175      4      0 
 20250825    21:41:10       2  18175      4      0 
 20250825    21:41:10       3  18101      4      0 
 20250825    21:41:15       0  18103      4      0 
 20250825    21:41:15       1  18175      4      0 
 20250825    21:41:15       2  18175      4      0 
 20250825    21:41:15       3  18101      4      0 
 20250825    21:41:20       0  18103      4      0 
 20250825    21:41:20       1  18175      4      0 
 20250825    21:41:20       2  18175      4      0 
 20250825    21:41:20       3  18101      4      0 
 20250825    21:41:25       0  18103      4      0 
 20250825    21:41:25       1  18175      4      0 
 20250825    21:41:25       2  18175      4      0 
 20250825    21:41:25       3  18101      4      0 
 20250825    21:41:30       0  18103      4      0 
 20250825    21:41:30       1  18175      4      0 
 20250825    21:41:30       2  18175      4      0 
 20250825    21:41:30       3  18101      4      0 
 20250825    21:41:35       0  18103      4      0 
 20250825    21:41:35       1  18175      4      0 
 20250825    21:41:35       2  18175      4      0 
 20250825    21:41:35       3  18101      4      0 
 20250825    21:41:40       0  18103      4      0 
 20250825    21:41:40       1  18175      4      0 
 20250825    21:41:40       2  18175      4      0 
 20250825    21:41:40       3  18101      4      0 
 20250825    21:41:45       0  18103      4      0 
 20250825    21:41:45       1  18175      4      0 
 20250825    21:41:45       2  18175      4      0 
 20250825    21:41:45       3  18101      4      0 
 20250825    21:41:50       0  18103      4      0 
 20250825    21:41:50       1  18175      4      0 
 20250825    21:41:50       2  18175      4      0 
 20250825    21:41:50       3  18101      4      0 
 20250825    21:41:55       0  18103      4      0 
 20250825    21:41:55       1  18175      4      0 
 20250825    21:41:55       2  18175      4      0 
 20250825    21:41:55       3  18101      4      0 
#Date        Time         gpu     fb   bar1   ccpm 
#YYYYMMDD    HH:MM:SS     Idx     MB     MB     MB 
 20250825    21:42:00       0  18103      4      0 
 20250825    21:42:00       1  18175      4      0 
 20250825    21:42:00       2  18175      4      0 
 20250825    21:42:00       3  18101      4      0 
 20250825    21:42:05       0  18103      4      0 
 20250825    21:42:05       1  18175      4      0 
 20250825    21:42:05       2  18175      4      0 
 20250825    21:42:05       3  18101      4      0 
 20250825    21:42:10       0  18103      4      0 
 20250825    21:42:10       1  18175      4      0 
 20250825    21:42:10       2  18175      4      0 
 20250825    21:42:10       3  18101      4      0 
 20250825    21:42:15       0  18103      4      0 
 20250825    21:42:15       1  18175      4      0 
 20250825    21:42:15       2  18175      4      0 
 20250825    21:42:15       3  18101      4      0 
 20250825    21:42:20       0  18103      4      0 
 20250825    21:42:20       1  18175      4      0 
 20250825    21:42:20       2  18175      4      0 
 20250825    21:42:20       3  18101      4      0 
 20250825    21:42:25       0  18103      4      0 
 20250825    21:42:25       1  18175      4      0 
 20250825    21:42:25       2  18175      4      0 
 20250825    21:42:25       3  18101      4      0 
 20250825    21:42:30       0  18103      4      0 
 20250825    21:42:30       1  18175      4      0 
 20250825    21:42:30       2  18175      4      0 
 20250825    21:42:30       3  18101      4      0 
 20250825    21:42:35       0  18103      4      0 
 20250825    21:42:35       1  18175      4      0 
 20250825    21:42:35       2  18175      4      0 
 20250825    21:42:35       3  18101      4      0 
 20250825    21:42:40       0  18103      4      0 
 20250825    21:42:40       1  18175      4      0 
 20250825    21:42:40       2  18175      4      0 
 20250825    21:42:40       3  18101      4      0 
 20250825    21:42:45       0  18103      4      0 
 20250825    21:42:45       1  18175      4      0 
 20250825    21:42:45       2  18175      4      0 
 20250825    21:42:45       3  18101      4      0 
 20250825    21:42:50       0  18103      4      0 
 20250825    21:42:50       1  18175      4      0 
 20250825    21:42:50       2  18175      4      0 
 20250825    21:42:50       3  18101      4      0 
#Date        Time         gpu     fb   bar1   ccpm 
#YYYYMMDD    HH:MM:SS     Idx     MB     MB     MB 
 20250825    21:42:55       0  18103      4      0 
 20250825    21:42:55       1  18175      4      0 
 20250825    21:42:55       2  18175      4      0 
 20250825    21:42:55       3  18101      4      0 
 20250825    21:43:00       0  18103      4      0 
 20250825    21:43:00       1  18175      4      0 
 20250825    21:43:00       2  18175      4      0 
 20250825    21:43:00       3  18101      4      0 
 20250825    21:43:05       0  18103      4      0 
 20250825    21:43:05       1  18175      4      0 
 20250825    21:43:05       2  18175      4      0 
 20250825    21:43:05       3  18101      4      0 
 20250825    21:43:10       0  18103      4      0 
 20250825    21:43:10       1  18175      4      0 
 20250825    21:43:10       2  18175      4      0 
 20250825    21:43:10       3  18101      4      0 
 20250825    21:43:15       0  18103      4      0 
 20250825    21:43:15       1  18175      4      0 
 20250825    21:43:15       2  18175      4      0 
 20250825    21:43:15       3  18101      4      0 
 20250825    21:43:20       0  18103      4      0 
 20250825    21:43:20       1  18175      4      0 
 20250825    21:43:20       2  18175      4      0 
 20250825    21:43:20       3  18101      4      0 
 20250825    21:43:25       0  18103      4      0 
 20250825    21:43:25       1  18175      4      0 
 20250825    21:43:25       2  18175      4      0 
 20250825    21:43:25       3  18101      4      0 
 20250825    21:43:30       0  18103      4      0 
 20250825    21:43:30       1  18175      4      0 
 20250825    21:43:30       2  18175      4      0 
 20250825    21:43:30       3  18101      4      0 
 20250825    21:43:35       0  18103      4      0 
 20250825    21:43:35       1  18175      4      0 
 20250825    21:43:35       2  18175      4      0 
 20250825    21:43:35       3  18101      4      0 
 20250825    21:43:40       0  18103      4      0 
 20250825    21:43:40       1  18175      4      0 
 20250825    21:43:40       2  18175      4      0 
 20250825    21:43:40       3  18101      4      0 
 20250825    21:43:45       0  18103      4      0 
 20250825    21:43:45       1  18175      4      0 
 20250825    21:43:45       2  18175      4      0 
 20250825    21:43:45       3  18101      4      0 
#Date        Time         gpu     fb   bar1   ccpm 
#YYYYMMDD    HH:MM:SS     Idx     MB     MB     MB 
 20250825    21:43:50       0  18103      4      0 
 20250825    21:43:50       1  18175      4      0 
 20250825    21:43:50       2  18175      4      0 
 20250825    21:43:50       3  18101      4      0 
 20250825    21:43:55       0  18103      4      0 
 20250825    21:43:55       1  18175      4      0 
 20250825    21:43:55       2  18175      4      0 
 20250825    21:43:55       3  18101      4      0 
 20250825    21:44:00       0  18103      4      0 
 20250825    21:44:00       1  18175      4      0 
 20250825    21:44:00       2  18175      4      0 
 20250825    21:44:00       3  18101      4      0 
 20250825    21:44:05       0  18103      4      0 
 20250825    21:44:05       1  18175      4      0 
 20250825    21:44:05       2  18175      4      0 
 20250825    21:44:05       3  18101      4      0 
 20250825    21:44:10       0  18103      4      0 
 20250825    21:44:10       1  18175      4      0 
 20250825    21:44:10       2  18175      4      0 
 20250825    21:44:10       3  18101      4      0 
 20250825    21:44:15       0  18103      4      0 
 20250825    21:44:15       1  18175      4      0 
 20250825    21:44:15       2  18175      4      0 
 20250825    21:44:15       3  18101      4      0 
 20250825    21:44:20       0  18103      4      0 
 20250825    21:44:20       1  18175      4      0 
 20250825    21:44:20       2  18175      4      0 
 20250825    21:44:20       3  18101      4      0 
 20250825    21:44:25       0  18103      4      0 
 20250825    21:44:25       1  18175      4      0 
 20250825    21:44:25       2  18175      4      0 
 20250825    21:44:25       3  18101      4      0 
 20250825    21:44:30       0  18103      4      0 
 20250825    21:44:30       1  18175      4      0 
 20250825    21:44:30       2  18175      4      0 
 20250825    21:44:30       3  18101      4      0 
 20250825    21:44:35       0  18103      4      0 
 20250825    21:44:35       1  18175      4      0 
 20250825    21:44:35       2  18175      4      0 
 20250825    21:44:35       3  18101      4      0 
 20250825    21:44:40       0  18103      4      0 
 20250825    21:44:40       1  18175      4      0 
 20250825    21:44:40       2  18175      4      0 
 20250825    21:44:40       3  18101      4      0 
#Date        Time         gpu     fb   bar1   ccpm 
#YYYYMMDD    HH:MM:SS     Idx     MB     MB     MB 
 20250825    21:44:45       0  18103      4      0 
 20250825    21:44:45       1  18175      4      0 
 20250825    21:44:45       2  18175      4      0 
 20250825    21:44:45       3  18101      4      0 
 20250825    21:44:50       0  18103      4      0 
 20250825    21:44:50       1  18175      4      0 
 20250825    21:44:50       2  18175      4      0 
 20250825    21:44:50       3  18101      4      0 
 20250825    21:44:55       0  18103      4      0 
 20250825    21:44:55       1  18175      4      0 
 20250825    21:44:55       2  18175      4      0 
 20250825    21:44:55       3  18101      4      0 
 20250825    21:45:00       0  18103      4      0 
 20250825    21:45:00       1  18175      4      0 
 20250825    21:45:00       2  18175      4      0 
 20250825    21:45:00       3  18101      4      0 
 20250825    21:45:05       0  18103      4      0 
 20250825    21:45:05       1  18175      4      0 
 20250825    21:45:05       2  18175      4      0 
 20250825    21:45:05       3  18101      4      0 
 20250825    21:45:10       0  18103      4      0 
 20250825    21:45:10       1  18175      4      0 
 20250825    21:45:10       2  18175      4      0 
 20250825    21:45:10       3  18101      4      0 
 20250825    21:45:15       0  18103      4      0 
 20250825    21:45:15       1  18175      4      0 
 20250825    21:45:15       2  18175      4      0 
 20250825    21:45:15       3  18101      4      0 
 20250825    21:45:20       0  18103      4      0 
 20250825    21:45:20       1  18175      4      0 
 20250825    21:45:20       2  18175      4      0 
 20250825    21:45:20       3  18101      4      0 
 20250825    21:45:25       0  18103      4      0 
 20250825    21:45:25       1  18175      4      0 
 20250825    21:45:25       2  18175      4      0 
 20250825    21:45:25       3  18101      4      0 
 20250825    21:45:30       0  18103      4      0 
 20250825    21:45:30       1  18175      4      0 
 20250825    21:45:30       2  18175      4      0 
 20250825    21:45:30       3  18101      4      0 
 20250825    21:45:35       0  18103      4      0 
 20250825    21:45:35       1  18175      4      0 
 20250825    21:45:35       2  18175      4      0 
 20250825    21:45:35       3  18101      4      0 
#Date        Time         gpu     fb   bar1   ccpm 
#YYYYMMDD    HH:MM:SS     Idx     MB     MB     MB 
 20250825    21:45:40       0  18103      4      0 
 20250825    21:45:40       1  18175      4      0 
 20250825    21:45:40       2  18175      4      0 
 20250825    21:45:40       3  18101      4      0 
 20250825    21:45:45       0  18103      4      0 
 20250825    21:45:45       1  18175      4      0 
 20250825    21:45:45       2  18175      4      0 
 20250825    21:45:45       3  18101      4      0 
 20250825    21:45:50       0  18103      4      0 
 20250825    21:45:50       1  18175      4      0 
 20250825    21:45:50       2  18175      4      0 
 20250825    21:45:50       3  18101      4      0 
 20250825    21:45:55       0  18103      4      0 
 20250825    21:45:55       1  18175      4      0 
 20250825    21:45:55       2  18175      4      0 
 20250825    21:45:55       3  18101      4      0 
 20250825    21:46:00       0  18103      4      0 
 20250825    21:46:00       1  18175      4      0 
 20250825    21:46:00       2  18175      4      0 
 20250825    21:46:00       3  18101      4      0 
 20250825    21:46:05       0  18103      4      0 
 20250825    21:46:05       1  18175      4      0 
 20250825    21:46:05       2  18175      4      0 
 20250825    21:46:05       3  18101      4      0 
 20250825    21:46:10       0  18103      4      0 
 20250825    21:46:10       1  18175      4      0 
 20250825    21:46:10       2  18175      4      0 
 20250825    21:46:10       3  18101      4      0 
 20250825    21:46:15       0  18103      4      0 
 20250825    21:46:15       1  18175      4      0 
 20250825    21:46:15       2  18175      4      0 
 20250825    21:46:15       3  18101      4      0 
 20250825    21:46:20       0  18103      4      0 
 20250825    21:46:20       1  18175      4      0 
 20250825    21:46:20       2  18175      4      0 
 20250825    21:46:20       3  18101      4      0 
 20250825    21:46:25       0  18103      4      0 
 20250825    21:46:25       1  18175      4      0 
 20250825    21:46:25       2  18175      4      0 
 20250825    21:46:25       3  18101      4      0 
 20250825    21:46:30       0  18103      4      0 
 20250825    21:46:30       1  18175      4      0 
 20250825    21:46:30       2  18175      4      0 
 20250825    21:46:30       3  18101      4      0 
#Date        Time         gpu     fb   bar1   ccpm 
#YYYYMMDD    HH:MM:SS     Idx     MB     MB     MB 
 20250825    21:46:35       0  18103      4      0 
 20250825    21:46:35       1  18175      4      0 
 20250825    21:46:35       2  18175      4      0 
 20250825    21:46:35       3  18101      4      0 
 20250825    21:46:40       0  18103      4      0 
 20250825    21:46:40       1  18175      4      0 
 20250825    21:46:40       2  18175      4      0 
 20250825    21:46:40       3  18101      4      0 
 20250825    21:46:45       0  18103      4      0 
 20250825    21:46:45       1  18175      4      0 
 20250825    21:46:45       2  18175      4      0 
 20250825    21:46:45       3  18101      4      0 
 20250825    21:46:50       0  18103      4      0 
 20250825    21:46:50       1  18175      4      0 
 20250825    21:46:50       2  18175      4      0 
 20250825    21:46:50       3  18101      4      0 
 20250825    21:46:55       0  18103      4      0 
 20250825    21:46:55       1  18175      4      0 
 20250825    21:46:55       2  18175      4      0 
 20250825    21:46:55       3  18101      4      0 
 20250825    21:47:00       0  18103      4      0 
 20250825    21:47:00       1  18175      4      0 
 20250825    21:47:00       2  18175      4      0 
 20250825    21:47:00       3  18101      4      0 
 20250825    21:47:05       0  18103      4      0 
 20250825    21:47:05       1  18175      4      0 
 20250825    21:47:05       2  18175      4      0 
 20250825    21:47:05       3  18101      4      0 
 20250825    21:47:10       0  18103      4      0 
 20250825    21:47:10       1  18175      4      0 
 20250825    21:47:10       2  18175      4      0 
 20250825    21:47:10       3  18101      4      0 
 20250825    21:47:15       0  18103      4      0 
 20250825    21:47:15       1  18175      4      0 
 20250825    21:47:15       2  18175      4      0 
 20250825    21:47:15       3  18101      4      0 
 20250825    21:47:20       0  18103      4      0 
 20250825    21:47:20       1  18175      4      0 
 20250825    21:47:20       2  18175      4      0 
 20250825    21:47:20       3  18101      4      0 
 20250825    21:47:25       0  18103      4      0 
 20250825    21:47:25       1  18175      4      0 
 20250825    21:47:25       2  18175      4      0 
 20250825    21:47:25       3  18101      4      0 
#Date        Time         gpu     fb   bar1   ccpm 
#YYYYMMDD    HH:MM:SS     Idx     MB     MB     MB 
 20250825    21:47:30       0  18103      4      0 
 20250825    21:47:30       1  18175      4      0 
 20250825    21:47:30       2  18175      4      0 
 20250825    21:47:30       3  18101      4      0 
 20250825    21:47:35       0  18103      4      0 
 20250825    21:47:35       1  18175      4      0 
 20250825    21:47:35       2  18175      4      0 
 20250825    21:47:35       3  18101      4      0 
 20250825    21:47:40       0  18103      4      0 
 20250825    21:47:40       1  18175      4      0 
 20250825    21:47:40       2  18175      4      0 
 20250825    21:47:40       3  18101      4      0 
 20250825    21:47:45       0  18103      4      0 
 20250825    21:47:45       1  18175      4      0 
 20250825    21:47:45       2  18175      4      0 
 20250825    21:47:45       3  18101      4      0 
 20250825    21:47:50       0  18103      4      0 
 20250825    21:47:50       1  18175      4      0 
 20250825    21:47:50       2  18175      4      0 
 20250825    21:47:50       3  18101      4      0 
 20250825    21:47:55       0  18103      4      0 
 20250825    21:47:55       1  18175      4      0 
 20250825    21:47:55       2  18175      4      0 
 20250825    21:47:55       3  18101      4      0 
 20250825    21:48:00       0  18103      4      0 
 20250825    21:48:00       1  18175      4      0 
 20250825    21:48:00       2  18175      4      0 
 20250825    21:48:00       3  18101      4      0 
 20250825    21:48:05       0  18103      4      0 
 20250825    21:48:05       1  18175      4      0 
 20250825    21:48:05       2  18175      4      0 
 20250825    21:48:05       3  18101      4      0 
 20250825    21:48:10       0  18103      4      0 
 20250825    21:48:10       1  18175      4      0 
 20250825    21:48:10       2  18175      4      0 
 20250825    21:48:10       3  18101      4      0 
 20250825    21:48:15       0  18103      4      0 
 20250825    21:48:15       1  18175      4      0 
 20250825    21:48:15       2  18175      4      0 
 20250825    21:48:15       3  18101      4      0 
 20250825    21:48:20       0  18103      4      0 
 20250825    21:48:20       1  18175      4      0 
 20250825    21:48:20       2  18175      4      0 
 20250825    21:48:20       3  18101      4      0 
#Date        Time         gpu     fb   bar1   ccpm 
#YYYYMMDD    HH:MM:SS     Idx     MB     MB     MB 
 20250825    21:48:25       0  18103      4      0 
 20250825    21:48:25       1  18175      4      0 
 20250825    21:48:25       2  18175      4      0 
 20250825    21:48:25       3  18101      4      0 
 20250825    21:48:30       0  18103      4      0 
 20250825    21:48:30       1  18175      4      0 
 20250825    21:48:30       2  18175      4      0 
 20250825    21:48:30       3  18101      4      0 
 20250825    21:48:35       0  18103      4      0 
 20250825    21:48:35       1  18175      4      0 
 20250825    21:48:35       2  18175      4      0 
 20250825    21:48:35       3  18101      4      0 
 20250825    21:48:40       0  18103      4      0 
 20250825    21:48:40       1  18175      4      0 
 20250825    21:48:40       2  18175      4      0 
 20250825    21:48:40       3  18101      4      0 
 20250825    21:48:45       0  18103      4      0 
 20250825    21:48:45       1  18175      4      0 
 20250825    21:48:45       2  18175      4      0 
 20250825    21:48:45       3  18101      4      0 
 20250825    21:48:50       0  18103      4      0 
 20250825    21:48:50       1  18175      4      0 
 20250825    21:48:50       2  18175      4      0 
 20250825    21:48:50       3  18101      4      0 
 20250825    21:48:55       0  18103      4      0 
 20250825    21:48:55       1  18175      4      0 
 20250825    21:48:55       2  18175      4      0 
 20250825    21:48:55       3  18101      4      0 
 20250825    21:49:00       0  18103      4      0 
 20250825    21:49:00       1  18175      4      0 
 20250825    21:49:00       2  18175      4      0 
 20250825    21:49:00       3  18101      4      0 
 20250825    21:49:05       0  18103      4      0 
 20250825    21:49:05       1  18175      4      0 
 20250825    21:49:05       2  18175      4      0 
 20250825    21:49:05       3  18101      4      0 
 20250825    21:49:10       0  18103      4      0 
 20250825    21:49:10       1  18175      4      0 
 20250825    21:49:10       2  18175      4      0 
 20250825    21:49:10       3  18101      4      0 
 20250825    21:49:15       0  18103      4      0 
 20250825    21:49:15       1  18175      4      0 
 20250825    21:49:15       2  18175      4      0 
 20250825    21:49:15       3  18101      4      0 
#Date        Time         gpu     fb   bar1   ccpm 
#YYYYMMDD    HH:MM:SS     Idx     MB     MB     MB 
 20250825    21:49:20       0  18103      4      0 
 20250825    21:49:20       1  18175      4      0 
 20250825    21:49:20       2  18175      4      0 
 20250825    21:49:20       3  18101      4      0 
 20250825    21:49:25       0  18103      4      0 
 20250825    21:49:25       1  18175      4      0 
 20250825    21:49:25       2  18175      4      0 
 20250825    21:49:25       3  18101      4      0 
 20250825    21:49:30       0  18103      4      0 
 20250825    21:49:30       1  18175      4      0 
 20250825    21:49:30       2  18175      4      0 
 20250825    21:49:30       3  18101      4      0 
 20250825    21:49:35       0  18103      4      0 
 20250825    21:49:35       1  18175      4      0 
 20250825    21:49:35       2  18175      4      0 
 20250825    21:49:35       3  18101      4      0 
 20250825    21:49:40       0  18103      4      0 
 20250825    21:49:40       1  18175      4      0 
 20250825    21:49:40       2  18175      4      0 
 20250825    21:49:40       3  18101      4      0 
 20250825    21:49:45       0  18103      4      0 
 20250825    21:49:45       1  18175      4      0 
 20250825    21:49:45       2  18175      4      0 
 20250825    21:49:45       3  18101      4      0 
 20250825    21:49:50       0  18103      4      0 
 20250825    21:49:50       1  18175      4      0 
 20250825    21:49:50       2  18175      4      0 
 20250825    21:49:50       3  18101      4      0 
 20250825    21:49:55       0  18103      4      0 
 20250825    21:49:55       1  18175      4      0 
 20250825    21:49:55       2  18175      4      0 
 20250825    21:49:55       3  18101      4      0 
 20250825    21:50:00       0  18103      4      0 
 20250825    21:50:00       1  18175      4      0 
 20250825    21:50:00       2  18175      4      0 
 20250825    21:50:00       3  18101      4      0 
 20250825    21:50:05       0  18103      4      0 
 20250825    21:50:05       1  18175      4      0 
 20250825    21:50:05       2  18175      4      0 
 20250825    21:50:05       3  18101      4      0 
 20250825    21:50:10       0  18103      4      0 
 20250825    21:50:10       1  18175      4      0 
 20250825    21:50:10       2  18175      4      0 
 20250825    21:50:10       3  18101      4      0 
#Date        Time         gpu     fb   bar1   ccpm 
#YYYYMMDD    HH:MM:SS     Idx     MB     MB     MB 
 20250825    21:50:15       0  18103      4      0 
 20250825    21:50:15       1  18175      4      0 
 20250825    21:50:15       2  18175      4      0 
 20250825    21:50:15       3  18101      4      0 
 20250825    21:50:20       0  18103      4      0 
 20250825    21:50:20       1  18175      4      0 
 20250825    21:50:20       2  18175      4      0 
 20250825    21:50:20       3  18101      4      0 
 20250825    21:50:25       0  18103      4      0 
 20250825    21:50:25       1  18175      4      0 
 20250825    21:50:25       2  18175      4      0 
 20250825    21:50:25       3  18101      4      0 
 20250825    21:50:30       0  18103      4      0 
 20250825    21:50:30       1  18175      4      0 
 20250825    21:50:30       2  18175      4      0 
 20250825    21:50:30       3  18101      4      0 
 20250825    21:50:35       0  18103      4      0 
 20250825    21:50:35       1  18175      4      0 
 20250825    21:50:35       2  18175      4      0 
 20250825    21:50:35       3  18101      4      0 
 20250825    21:50:40       0  18103      4      0 
 20250825    21:50:40       1  18175      4      0 
 20250825    21:50:40       2  18175      4      0 
 20250825    21:50:40       3  18101      4      0 
 20250825    21:50:45       0  18103      4      0 
 20250825    21:50:45       1  18175      4      0 
 20250825    21:50:45       2  18175      4      0 
 20250825    21:50:45       3  18101      4      0 
 20250825    21:50:50       0  18103      4      0 
 20250825    21:50:50       1  18175      4      0 
 20250825    21:50:50       2  18175      4      0 
 20250825    21:50:50       3  18101      4      0 
 20250825    21:50:55       0  18103      4      0 
 20250825    21:50:55       1  18175      4      0 
 20250825    21:50:55       2  18175      4      0 
 20250825    21:50:55       3  18101      4      0 
 20250825    21:51:00       0  18103      4      0 
 20250825    21:51:00       1  18175      4      0 
 20250825    21:51:00       2  18175      4      0 
 20250825    21:51:00       3  18101      4      0 
 20250825    21:51:05       0  18103      4      0 
 20250825    21:51:05       1  18175      4      0 
 20250825    21:51:05       2  18175      4      0 
 20250825    21:51:05       3  18101      4      0 
#Date        Time         gpu     fb   bar1   ccpm 
#YYYYMMDD    HH:MM:SS     Idx     MB     MB     MB 
 20250825    21:51:10       0  18103      4      0 
 20250825    21:51:10       1  18175      4      0 
 20250825    21:51:10       2  18175      4      0 
 20250825    21:51:10       3  18101      4      0 
 20250825    21:51:15       0  18103      4      0 
 20250825    21:51:15       1  18175      4      0 
 20250825    21:51:15       2  18175      4      0 
 20250825    21:51:15       3  18101      4      0 
 20250825    21:51:20       0  18103      4      0 
 20250825    21:51:20       1  18175      4      0 
 20250825    21:51:20       2  18175      4      0 
 20250825    21:51:20       3  18101      4      0 
 20250825    21:51:25       0  18103      4      0 
 20250825    21:51:25       1  18175      4      0 
 20250825    21:51:25       2  18175      4      0 
 20250825    21:51:25       3  18101      4      0 
 20250825    21:51:30       0  18103      4      0 
 20250825    21:51:30       1  18175      4      0 
 20250825    21:51:30       2  18175      4      0 
 20250825    21:51:30       3  18101      4      0 
 20250825    21:51:35       0  18103      4      0 
 20250825    21:51:35       1  18175      4      0 
 20250825    21:51:35       2  18175      4      0 
 20250825    21:51:35       3  18101      4      0 
 20250825    21:51:40       0  18103      4      0 
 20250825    21:51:40       1  18175      4      0 
 20250825    21:51:40       2  18175      4      0 
 20250825    21:51:40       3  18101      4      0 
 20250825    21:51:45       0  18103      4      0 
 20250825    21:51:45       1  18175      4      0 
 20250825    21:51:45       2  18175      4      0 
 20250825    21:51:45       3  18101      4      0 
 20250825    21:51:50       0  18103      4      0 
 20250825    21:51:50       1  18175      4      0 
 20250825    21:51:50       2  18175      4      0 
 20250825    21:51:50       3  18101      4      0 
 20250825    21:51:55       0  18103      4      0 
 20250825    21:51:55       1  18175      4      0 
 20250825    21:51:55       2  18175      4      0 
 20250825    21:51:55       3  18101      4      0 
 20250825    21:52:00       0  18103      4      0 
 20250825    21:52:00       1  18175      4      0 
 20250825    21:52:00       2  18175      4      0 
 20250825    21:52:00       3  18101      4      0 
#Date        Time         gpu     fb   bar1   ccpm 
#YYYYMMDD    HH:MM:SS     Idx     MB     MB     MB 
 20250825    21:52:05       0  18103      4      0 
 20250825    21:52:05       1  18175      4      0 
 20250825    21:52:05       2  18175      4      0 
 20250825    21:52:05       3  18101      4      0 
 20250825    21:52:10       0  18103      4      0 
 20250825    21:52:10       1  18175      4      0 
 20250825    21:52:10       2  18175      4      0 
 20250825    21:52:10       3  18101      4      0 
 20250825    21:52:15       0  18103      4      0 
 20250825    21:52:15       1  18175      4      0 
 20250825    21:52:15       2  18175      4      0 
 20250825    21:52:15       3  18101      4      0 
 20250825    21:52:20       0  18103      4      0 
 20250825    21:52:20       1  18175      4      0 
 20250825    21:52:20       2  18175      4      0 
 20250825    21:52:20       3  18101      4      0 
 20250825    21:52:25       0  18103      4      0 
 20250825    21:52:25       1  18175      4      0 
 20250825    21:52:25       2  18175      4      0 
 20250825    21:52:25       3  18101      4      0 
 20250825    21:52:30       0  18103      4      0 
 20250825    21:52:30       1  18175      4      0 
 20250825    21:52:30       2  18175      4      0 
 20250825    21:52:30       3  18101      4      0 
 20250825    21:52:35       0  18103      4      0 
 20250825    21:52:35       1  18175      4      0 
 20250825    21:52:35       2  18175      4      0 
 20250825    21:52:35       3  18101      4      0 
 20250825    21:52:40       0  18103      4      0 
 20250825    21:52:40       1  18175      4      0 
 20250825    21:52:40       2  18175      4      0 
 20250825    21:52:40       3  18101      4      0 
 20250825    21:52:45       0  18103      4      0 
 20250825    21:52:45       1  18175      4      0 
 20250825    21:52:45       2  18175      4      0 
 20250825    21:52:45       3  18101      4      0 
 20250825    21:52:50       0  18103      4      0 
 20250825    21:52:50       1  18175      4      0 
 20250825    21:52:50       2  18175      4      0 
 20250825    21:52:50       3  18101      4      0 
 20250825    21:52:55       0  18103      4      0 
 20250825    21:52:55       1  18175      4      0 
 20250825    21:52:55       2  18175      4      0 
 20250825    21:52:55       3  18101      4      0 
#Date        Time         gpu     fb   bar1   ccpm 
#YYYYMMDD    HH:MM:SS     Idx     MB     MB     MB 
 20250825    21:53:00       0  18103      4      0 
 20250825    21:53:00       1  18175      4      0 
 20250825    21:53:00       2  18175      4      0 
 20250825    21:53:00       3  18101      4      0 
 20250825    21:53:05       0  18103      4      0 
 20250825    21:53:05       1  18175      4      0 
 20250825    21:53:05       2  18175      4      0 
 20250825    21:53:05       3  18101      4      0 
 20250825    21:53:10       0  18103      4      0 
 20250825    21:53:10       1  18175      4      0 
 20250825    21:53:10       2  18175      4      0 
 20250825    21:53:10       3  18101      4      0 
 20250825    21:53:15       0  18103      4      0 
 20250825    21:53:15       1  18175      4      0 
 20250825    21:53:15       2  18175      4      0 
 20250825    21:53:15       3  18101      4      0 
 20250825    21:53:20       0  18103      4      0 
 20250825    21:53:20       1  18175      4      0 
 20250825    21:53:20       2  18175      4      0 
 20250825    21:53:20       3  18101      4      0 
 20250825    21:53:25       0  18103      4      0 
 20250825    21:53:25       1  18175      4      0 
 20250825    21:53:25       2  18175      4      0 
 20250825    21:53:25       3  18101      4      0 
 20250825    21:53:31       0  18103      4      0 
 20250825    21:53:31       1  18175      4      0 
 20250825    21:53:31       2  18175      4      0 
 20250825    21:53:31       3  18101      4      0 
 20250825    21:53:36       0  18103      4      0 
 20250825    21:53:36       1  18175      4      0 
 20250825    21:53:36       2  18175      4      0 
 20250825    21:53:36       3  18101      4      0 
 20250825    21:53:41       0  18103      4      0 
 20250825    21:53:41       1  18175      4      0 
 20250825    21:53:41       2  18175      4      0 
 20250825    21:53:41       3  18101      4      0 
 20250825    21:53:46       0  18103      4      0 
 20250825    21:53:46       1  18175      4      0 
 20250825    21:53:46       2  18175      4      0 
 20250825    21:53:46       3  18101      4      0 
 20250825    21:53:51       0  18103      4      0 
 20250825    21:53:51       1  18175      4      0 
 20250825    21:53:51       2  18175      4      0 
 20250825    21:53:51       3  18101      4      0 
#Date        Time         gpu     fb   bar1   ccpm 
#YYYYMMDD    HH:MM:SS     Idx     MB     MB     MB 
 20250825    21:53:56       0  18103      4      0 
 20250825    21:53:56       1  18175      4      0 
 20250825    21:53:56       2  18175      4      0 
 20250825    21:53:56       3  18101      4      0 
 20250825    21:54:01       0  18103      4      0 
 20250825    21:54:01       1  18175      4      0 
 20250825    21:54:01       2  18175      4      0 
 20250825    21:54:01       3  18101      4      0 
 20250825    21:54:06       0  18103      4      0 
 20250825    21:54:06       1  18175      4      0 
 20250825    21:54:06       2  18175      4      0 
 20250825    21:54:06       3  18101      4      0 
 20250825    21:54:11       0  18103      4      0 
 20250825    21:54:11       1  18175      4      0 
 20250825    21:54:11       2  18175      4      0 
 20250825    21:54:11       3  18101      4      0 
 20250825    21:54:16       0  18103      4      0 
 20250825    21:54:16       1  18175      4      0 
 20250825    21:54:16       2  18175      4      0 
 20250825    21:54:16       3  18101      4      0 
 20250825    21:54:21       0  18103      4      0 
 20250825    21:54:21       1  18175      4      0 
 20250825    21:54:21       2  18175      4      0 
 20250825    21:54:21       3  18101      4      0 
 20250825    21:54:26       0  18103      4      0 
 20250825    21:54:26       1  18175      4      0 
 20250825    21:54:26       2  18175      4      0 
 20250825    21:54:26       3  18101      4      0 
 20250825    21:54:31       0  18103      4      0 
 20250825    21:54:31       1  18175      4      0 
 20250825    21:54:31       2  18175      4      0 
 20250825    21:54:31       3  18101      4      0 
 20250825    21:54:36       0  18103      4      0 
 20250825    21:54:36       1  18175      4      0 
 20250825    21:54:36       2  18175      4      0 
 20250825    21:54:36       3  18101      4      0 
 20250825    21:54:41       0  18103      4      0 
 20250825    21:54:41       1  18175      4      0 
 20250825    21:54:41       2  18175      4      0 
 20250825    21:54:41       3  18101      4      0 
 20250825    21:54:46       0  18103      4      0 
 20250825    21:54:46       1  18175      4      0 
 20250825    21:54:46       2  18175      4      0 
 20250825    21:54:46       3  18101      4      0 
#Date        Time         gpu     fb   bar1   ccpm 
#YYYYMMDD    HH:MM:SS     Idx     MB     MB     MB 
 20250825    21:54:51       0  18103      4      0 
 20250825    21:54:51       1  18175      4      0 
 20250825    21:54:51       2  18175      4      0 
 20250825    21:54:51       3  18101      4      0 
 20250825    21:54:56       0  18103      4      0 
 20250825    21:54:56       1  18175      4      0 
 20250825    21:54:56       2  18175      4      0 
 20250825    21:54:56       3  18101      4      0 
 20250825    21:55:01       0  18103      4      0 
 20250825    21:55:01       1  18175      4      0 
 20250825    21:55:01       2  18175      4      0 
 20250825    21:55:01       3  18101      4      0 
 20250825    21:55:06       0  18103      4      0 
 20250825    21:55:06       1  18175      4      0 
 20250825    21:55:06       2  18175      4      0 
 20250825    21:55:06       3  18101      4      0 
 20250825    21:55:11       0  18103      4      0 
 20250825    21:55:11       1  18175      4      0 
 20250825    21:55:11       2  18175      4      0 
 20250825    21:55:11       3  18101      4      0 
 20250825    21:55:16       0  18103      4      0 
 20250825    21:55:16       1  18175      4      0 
 20250825    21:55:16       2  18175      4      0 
 20250825    21:55:16       3  18101      4      0 
 20250825    21:55:21       0  18103      4      0 
 20250825    21:55:21       1  18175      4      0 
 20250825    21:55:21       2  18175      4      0 
 20250825    21:55:21       3  18101      4      0 
 20250825    21:55:26       0  18103      4      0 
 20250825    21:55:26       1  18175      4      0 
 20250825    21:55:26       2  18175      4      0 
 20250825    21:55:26       3  18101      4      0 
 20250825    21:55:31       0  18103      4      0 
 20250825    21:55:31       1  18175      4      0 
 20250825    21:55:31       2  18175      4      0 
 20250825    21:55:31       3  18101      4      0 
 20250825    21:55:36       0  18103      4      0 
 20250825    21:55:36       1  18175      4      0 
 20250825    21:55:36       2  18175      4      0 
 20250825    21:55:36       3  18101      4      0 
 20250825    21:55:41       0  18103      4      0 
 20250825    21:55:41       1  18175      4      0 
 20250825    21:55:41       2  18175      4      0 
 20250825    21:55:41       3  18101      4      0 
#Date        Time         gpu     fb   bar1   ccpm 
#YYYYMMDD    HH:MM:SS     Idx     MB     MB     MB 
 20250825    21:55:46       0  18103      4      0 
 20250825    21:55:46       1  18175      4      0 
 20250825    21:55:46       2  18175      4      0 
 20250825    21:55:46       3  18101      4      0 
 20250825    21:55:51       0  18103      4      0 
 20250825    21:55:51       1  18175      4      0 
 20250825    21:55:51       2  18175      4      0 
 20250825    21:55:51       3  18101      4      0 
 20250825    21:55:56       0  18103      4      0 
 20250825    21:55:56       1  18175      4      0 
 20250825    21:55:56       2  18175      4      0 
 20250825    21:55:56       3  18101      4      0 
 20250825    21:56:01       0  18103      4      0 
 20250825    21:56:01       1  18175      4      0 
 20250825    21:56:01       2  18175      4      0 
 20250825    21:56:01       3  18101      4      0 
 20250825    21:56:06       0  18103      4      0 
 20250825    21:56:06       1  18175      4      0 
 20250825    21:56:06       2  18175      4      0 
 20250825    21:56:06       3  18101      4      0 
 20250825    21:56:11       0  18103      4      0 
 20250825    21:56:11       1  18175      4      0 
 20250825    21:56:11       2  18175      4      0 
 20250825    21:56:11       3  18101      4      0 
 20250825    21:56:16       0  18103      4      0 
 20250825    21:56:16       1  18175      4      0 
 20250825    21:56:16       2  18175      4      0 
 20250825    21:56:16       3  18101      4      0 
 20250825    21:56:21       0  18103      4      0 
 20250825    21:56:21       1  18175      4      0 
 20250825    21:56:21       2  18175      4      0 
 20250825    21:56:21       3  18101      4      0 
 20250825    21:56:26       0  18103      4      0 
 20250825    21:56:26       1  18175      4      0 
 20250825    21:56:26       2  18175      4      0 
 20250825    21:56:26       3  18101      4      0 
 20250825    21:56:31       0  18103      4      0 
 20250825    21:56:31       1  18175      4      0 
 20250825    21:56:31       2  18175      4      0 
 20250825    21:56:31       3  18101      4      0 
 20250825    21:56:36       0  18103      4      0 
 20250825    21:56:36       1  18175      4      0 
 20250825    21:56:36       2  18175      4      0 
 20250825    21:56:36       3  18101      4      0 
#Date        Time         gpu     fb   bar1   ccpm 
#YYYYMMDD    HH:MM:SS     Idx     MB     MB     MB 
 20250825    21:56:41       0  18103      4      0 
 20250825    21:56:41       1  18175      4      0 
 20250825    21:56:41       2  18175      4      0 
 20250825    21:56:41       3  18101      4      0 
 20250825    21:56:46       0  18103      4      0 
 20250825    21:56:46       1  18175      4      0 
 20250825    21:56:46       2  18175      4      0 
 20250825    21:56:46       3  18101      4      0 
 20250825    21:56:51       0  18103      4      0 
 20250825    21:56:51       1  18175      4      0 
 20250825    21:56:51       2  18175      4      0 
 20250825    21:56:51       3  18101      4      0 
 20250825    21:56:56       0  18103      4      0 
 20250825    21:56:56       1  18175      4      0 
 20250825    21:56:56       2  18175      4      0 
 20250825    21:56:56       3  18101      4      0 
 20250825    21:57:01       0  18103      4      0 
 20250825    21:57:01       1  18175      4      0 
 20250825    21:57:01       2  18175      4      0 
 20250825    21:57:01       3  18101      4      0 
 20250825    21:57:06       0  18103      4      0 
 20250825    21:57:06       1  18175      4      0 
 20250825    21:57:06       2  18175      4      0 
 20250825    21:57:06       3  18101      4      0 
 20250825    21:57:11       0  18103      4      0 
 20250825    21:57:11       1  18175      4      0 
 20250825    21:57:11       2  18175      4      0 
 20250825    21:57:11       3  18101      4      0 
 20250825    21:57:16       0  18103      4      0 
 20250825    21:57:16       1  18175      4      0 
 20250825    21:57:16       2  18175      4      0 
 20250825    21:57:16       3  18101      4      0 
 20250825    21:57:21       0  18103      4      0 
 20250825    21:57:21       1  18175      4      0 
 20250825    21:57:21       2  18175      4      0 
 20250825    21:57:21       3  18101      4      0 
 20250825    21:57:26       0  18103      4      0 
 20250825    21:57:26       1  18175      4      0 
 20250825    21:57:26       2  18175      4      0 
 20250825    21:57:26       3  18101      4      0 
 20250825    21:57:31       0  18103      4      0 
 20250825    21:57:31       1  18175      4      0 
 20250825    21:57:31       2  18175      4      0 
 20250825    21:57:31       3  18101      4      0 
#Date        Time         gpu     fb   bar1   ccpm 
#YYYYMMDD    HH:MM:SS     Idx     MB     MB     MB 
 20250825    21:57:36       0  18103      4      0 
 20250825    21:57:36       1  18175      4      0 
 20250825    21:57:36       2  18175      4      0 
 20250825    21:57:36       3  18101      4      0 
 20250825    21:57:41       0  18103      4      0 
 20250825    21:57:41       1  18175      4      0 
 20250825    21:57:41       2  18175      4      0 
 20250825    21:57:41       3  18101      4      0 
 20250825    21:57:46       0  18103      4      0 
 20250825    21:57:46       1  18175      4      0 
 20250825    21:57:46       2  18175      4      0 
 20250825    21:57:46       3  18101      4      0 
 20250825    21:57:51       0  18103      4      0 
 20250825    21:57:51       1  18175      4      0 
 20250825    21:57:51       2  18175      4      0 
 20250825    21:57:51       3  18101      4      0 
 20250825    21:57:56       0  18103      4      0 
 20250825    21:57:56       1  18175      4      0 
 20250825    21:57:56       2  18175      4      0 
 20250825    21:57:56       3  18101      4      0 
 20250825    21:58:01       0  18103      4      0 
 20250825    21:58:01       1  18175      4      0 
 20250825    21:58:01       2  18175      4      0 
 20250825    21:58:01       3  18101      4      0 
 20250825    21:58:06       0  18103      4      0 
 20250825    21:58:06       1  18175      4      0 
 20250825    21:58:06       2  18175      4      0 
 20250825    21:58:06       3  18101      4      0 
 20250825    21:58:11       0  18103      4      0 
 20250825    21:58:11       1  18175      4      0 
 20250825    21:58:11       2  18175      4      0 
 20250825    21:58:11       3  18101      4      0 
 20250825    21:58:16       0  18103      4      0 
 20250825    21:58:16       1  18175      4      0 
 20250825    21:58:16       2  18175      4      0 
 20250825    21:58:16       3  18101      4      0 
 20250825    21:58:21       0  18103      4      0 
 20250825    21:58:21       1  18175      4      0 
 20250825    21:58:21       2  18175      4      0 
 20250825    21:58:21       3  18101      4      0 
 20250825    21:58:26       0  18103      4      0 
 20250825    21:58:26       1  18175      4      0 
 20250825    21:58:26       2  18175      4      0 
 20250825    21:58:26       3  18101      4      0 
#Date        Time         gpu     fb   bar1   ccpm 
#YYYYMMDD    HH:MM:SS     Idx     MB     MB     MB 
 20250825    21:58:31       0  18103      4      0 
 20250825    21:58:31       1  18175      4      0 
 20250825    21:58:31       2  18175      4      0 
 20250825    21:58:31       3  18101      4      0 
 20250825    21:58:36       0  18103      4      0 
 20250825    21:58:36       1  18175      4      0 
 20250825    21:58:36       2  18175      4      0 
 20250825    21:58:36       3  18101      4      0 
 20250825    21:58:41       0  18103      4      0 
 20250825    21:58:41       1  18175      4      0 
 20250825    21:58:41       2  18175      4      0 
 20250825    21:58:41       3  18101      4      0 
 20250825    21:58:46       0  18103      4      0 
 20250825    21:58:46       1  18175      4      0 
 20250825    21:58:46       2  18175      4      0 
 20250825    21:58:46       3  18101      4      0 
 20250825    21:58:51       0  18103      4      0 
 20250825    21:58:51       1  18175      4      0 
 20250825    21:58:51       2  18175      4      0 
 20250825    21:58:51       3  18101      4      0 
 20250825    21:58:56       0  18103      4      0 
 20250825    21:58:56       1  18175      4      0 
 20250825    21:58:56       2  18175      4      0 
 20250825    21:58:56       3  18101      4      0 
 20250825    21:59:01       0  18103      4      0 
 20250825    21:59:01       1  18175      4      0 
 20250825    21:59:01       2  18175      4      0 
 20250825    21:59:01       3  18101      4      0 
 20250825    21:59:06       0  18103      4      0 
 20250825    21:59:06       1  18175      4      0 
 20250825    21:59:06       2  18175      4      0 
 20250825    21:59:06       3  18101      4      0 
 20250825    21:59:11       0  18103      4      0 
 20250825    21:59:11       1  18175      4      0 
 20250825    21:59:11       2  18175      4      0 
 20250825    21:59:11       3  18101      4      0 
 20250825    21:59:16       0  18103      4      0 
 20250825    21:59:16       1  18175      4      0 
 20250825    21:59:16       2  18175      4      0 
 20250825    21:59:16       3  18101      4      0 
 20250825    21:59:21       0  18103      4      0 
 20250825    21:59:21       1  18175      4      0 
 20250825    21:59:21       2  18175      4      0 
 20250825    21:59:21       3  18101      4      0 
#Date        Time         gpu     fb   bar1   ccpm 
#YYYYMMDD    HH:MM:SS     Idx     MB     MB     MB 
 20250825    21:59:26       0  18103      4      0 
 20250825    21:59:26       1  18175      4      0 
 20250825    21:59:26       2  18175      4      0 
 20250825    21:59:26       3  18101      4      0 
 20250825    21:59:31       0  18103      4      0 
 20250825    21:59:31       1  18175      4      0 
 20250825    21:59:31       2  18175      4      0 
 20250825    21:59:31       3  18101      4      0 
 20250825    21:59:36       0  18103      4      0 
 20250825    21:59:36       1  18175      4      0 
 20250825    21:59:36       2  18175      4      0 
 20250825    21:59:36       3  18101      4      0 
 20250825    21:59:41       0  18103      4      0 
 20250825    21:59:41       1  18175      4      0 
 20250825    21:59:41       2  18175      4      0 
 20250825    21:59:41       3  18101      4      0 
 20250825    21:59:46       0  18103      4      0 
 20250825    21:59:46       1  18175      4      0 
 20250825    21:59:46       2  18175      4      0 
 20250825    21:59:46       3  18101      4      0 
 20250825    21:59:51       0  18103      4      0 
 20250825    21:59:51       1  18175      4      0 
 20250825    21:59:51       2  18175      4      0 
 20250825    21:59:51       3  18101      4      0 
 20250825    21:59:56       0  18103      4      0 
 20250825    21:59:56       1  18175      4      0 
 20250825    21:59:56       2  18175      4      0 
 20250825    21:59:56       3  18101      4      0 
 20250825    22:00:01       0  18103      4      0 
 20250825    22:00:01       1  18175      4      0 
 20250825    22:00:01       2  18175      4      0 
 20250825    22:00:01       3  18101      4      0 
 20250825    22:00:06       0  18103      4      0 
 20250825    22:00:06       1  18175      4      0 
 20250825    22:00:06       2  18175      4      0 
 20250825    22:00:06       3  18101      4      0 
 20250825    22:00:11       0  18103      4      0 
 20250825    22:00:11       1  18175      4      0 
 20250825    22:00:11       2  18175      4      0 
 20250825    22:00:11       3  18101      4      0 
 20250825    22:00:16       0  18103      4      0 
 20250825    22:00:16       1  18175      4      0 
 20250825    22:00:16       2  18175      4      0 
 20250825    22:00:16       3  18101      4      0 
#Date        Time         gpu     fb   bar1   ccpm 
#YYYYMMDD    HH:MM:SS     Idx     MB     MB     MB 
 20250825    22:00:21       0  18103      4      0 
 20250825    22:00:21       1  18175      4      0 
 20250825    22:00:21       2  18175      4      0 
 20250825    22:00:21       3  18101      4      0 
 20250825    22:00:26       0  18103      4      0 
 20250825    22:00:26       1  18175      4      0 
 20250825    22:00:26       2  18175      4      0 
 20250825    22:00:26       3  18101      4      0 
 20250825    22:00:31       0  18103      4      0 
 20250825    22:00:31       1  18175      4      0 
 20250825    22:00:31       2  18175      4      0 
 20250825    22:00:31       3  18101      4      0 
 20250825    22:00:36       0  18103      4      0 
 20250825    22:00:36       1  18175      4      0 
 20250825    22:00:36       2  18175      4      0 
 20250825    22:00:36       3  18101      4      0 
 20250825    22:00:41       0  18103      4      0 
 20250825    22:00:41       1  18175      4      0 
 20250825    22:00:41       2  18175      4      0 
 20250825    22:00:41       3  18101      4      0 
 20250825    22:00:46       0  18103      4      0 
 20250825    22:00:46       1  18175      4      0 
 20250825    22:00:46       2  18175      4      0 
 20250825    22:00:46       3  18101      4      0 
 20250825    22:00:51       0  18103      4      0 
 20250825    22:00:51       1  18175      4      0 
 20250825    22:00:51       2  18175      4      0 
 20250825    22:00:51       3  18101      4      0 
 20250825    22:00:56       0  18103      4      0 
 20250825    22:00:56       1  18175      4      0 
 20250825    22:00:56       2  18175      4      0 
 20250825    22:00:56       3  18101      4      0 
 20250825    22:01:01       0  18103      4      0 
 20250825    22:01:01       1  18175      4      0 
 20250825    22:01:01       2  18175      4      0 
 20250825    22:01:01       3  18101      4      0 
 20250825    22:01:06       0  18103      4      0 
 20250825    22:01:06       1  18175      4      0 
 20250825    22:01:06       2  18175      4      0 
 20250825    22:01:06       3  18101      4      0 
 20250825    22:01:11       0  18103      4      0 
 20250825    22:01:11       1  18175      4      0 
 20250825    22:01:11       2  18175      4      0 
 20250825    22:01:11       3  18101      4      0 
#Date        Time         gpu     fb   bar1   ccpm 
#YYYYMMDD    HH:MM:SS     Idx     MB     MB     MB 
 20250825    22:01:16       0  18103      4      0 
 20250825    22:01:16       1  18175      4      0 
 20250825    22:01:16       2  18175      4      0 
 20250825    22:01:16       3  18101      4      0 
 20250825    22:01:21       0  18103      4      0 
 20250825    22:01:21       1  18175      4      0 
 20250825    22:01:21       2  18175      4      0 
 20250825    22:01:21       3  18101      4      0 
 20250825    22:01:26       0  18103      4      0 
 20250825    22:01:26       1  18175      4      0 
 20250825    22:01:26       2  18175      4      0 
 20250825    22:01:26       3  18101      4      0 
 20250825    22:01:31       0  18103      4      0 
 20250825    22:01:31       1  18175      4      0 
 20250825    22:01:31       2  18175      4      0 
 20250825    22:01:31       3  18101      4      0 
 20250825    22:01:36       0  18103      4      0 
 20250825    22:01:36       1  18175      4      0 
 20250825    22:01:36       2  18175      4      0 
 20250825    22:01:36       3  18101      4      0 
 20250825    22:01:41       0  18103      4      0 
 20250825    22:01:41       1  18175      4      0 
 20250825    22:01:41       2  18175      4      0 
 20250825    22:01:41       3  18101      4      0 
 20250825    22:01:46       0  18103      4      0 
 20250825    22:01:46       1  18175      4      0 
 20250825    22:01:46       2  18175      4      0 
 20250825    22:01:46       3  18101      4      0 
 20250825    22:01:51       0  18103      4      0 
 20250825    22:01:51       1  18175      4      0 
 20250825    22:01:51       2  18175      4      0 
 20250825    22:01:51       3  18101      4      0 
 20250825    22:01:56       0  18103      4      0 
 20250825    22:01:56       1  18175      4      0 
 20250825    22:01:56       2  18175      4      0 
 20250825    22:01:56       3  18101      4      0 
 20250825    22:02:01       0  18103      4      0 
 20250825    22:02:01       1  18175      4      0 
 20250825    22:02:01       2  18175      4      0 
 20250825    22:02:01       3  18101      4      0 
 20250825    22:02:06       0  18103      4      0 
 20250825    22:02:06       1  18175      4      0 
 20250825    22:02:06       2  18175      4      0 
 20250825    22:02:06       3  18101      4      0 
#Date        Time         gpu     fb   bar1   ccpm 
#YYYYMMDD    HH:MM:SS     Idx     MB     MB     MB 
 20250825    22:02:11       0  18103      4      0 
 20250825    22:02:11       1  18175      4      0 
 20250825    22:02:11       2  18175      4      0 
 20250825    22:02:11       3  18101      4      0 
 20250825    22:02:16       0  18103      4      0 
 20250825    22:02:16       1  18175      4      0 
 20250825    22:02:16       2  18175      4      0 
 20250825    22:02:16       3  18101      4      0 
 20250825    22:02:21       0  18103      4      0 
 20250825    22:02:21       1  18175      4      0 
 20250825    22:02:21       2  18175      4      0 
 20250825    22:02:21       3  18101      4      0 
 20250825    22:02:26       0  18103      4      0 
 20250825    22:02:26       1  18175      4      0 
 20250825    22:02:26       2  18175      4      0 
 20250825    22:02:26       3  18101      4      0 
 20250825    22:02:31       0  18103      4      0 
 20250825    22:02:31       1  18175      4      0 
 20250825    22:02:31       2  18175      4      0 
 20250825    22:02:31       3  18101      4      0 
 20250825    22:02:36       0  18103      4      0 
 20250825    22:02:36       1  18175      4      0 
 20250825    22:02:36       2  18175      4      0 
 20250825    22:02:36       3  18101      4      0 
 20250825    22:02:41       0  18103      4      0 
 20250825    22:02:41       1  18175      4      0 
 20250825    22:02:41       2  18175      4      0 
 20250825    22:02:41       3  18101      4      0 
 20250825    22:02:46       0  18103      4      0 
 20250825    22:02:46       1  18175      4      0 
 20250825    22:02:46       2  18175      4      0 
 20250825    22:02:46       3  18101      4      0 
 20250825    22:02:51       0  18103      4      0 
 20250825    22:02:51       1  18175      4      0 
 20250825    22:02:51       2  18175      4      0 
 20250825    22:02:51       3  18101      4      0 
 20250825    22:02:56       0  18103      4      0 
 20250825    22:02:56       1  18175      4      0 
 20250825    22:02:56       2  18175      4      0 
 20250825    22:02:56       3  18101      4      0 
 20250825    22:03:01       0  18103      4      0 
 20250825    22:03:01       1  18175      4      0 
 20250825    22:03:01       2  18175      4      0 
 20250825    22:03:01       3  18101      4      0 
#Date        Time         gpu     fb   bar1   ccpm 
#YYYYMMDD    HH:MM:SS     Idx     MB     MB     MB 
 20250825    22:03:06       0  18103      4      0 
 20250825    22:03:06       1  18175      4      0 
 20250825    22:03:06       2  18175      4      0 
 20250825    22:03:06       3  18101      4      0 
 20250825    22:03:11       0  18103      4      0 
 20250825    22:03:11       1  18175      4      0 
 20250825    22:03:11       2  18175      4      0 
 20250825    22:03:11       3  18101      4      0 
 20250825    22:03:16       0  18103      4      0 
 20250825    22:03:16       1  18175      4      0 
 20250825    22:03:16       2  18175      4      0 
 20250825    22:03:16       3  18101      4      0 
 20250825    22:03:21       0  18103      4      0 
 20250825    22:03:21       1  18175      4      0 
 20250825    22:03:21       2  18175      4      0 
 20250825    22:03:21       3  18101      4      0 
 20250825    22:03:26       0  18103      4      0 
 20250825    22:03:26       1  18175      4      0 
 20250825    22:03:26       2  18175      4      0 
 20250825    22:03:26       3  18101      4      0 
 20250825    22:03:31       0  18103      4      0 
 20250825    22:03:31       1  18175      4      0 
 20250825    22:03:31       2  18175      4      0 
 20250825    22:03:31       3  18101      4      0 
 20250825    22:03:36       0  18103      4      0 
 20250825    22:03:36       1  18175      4      0 
 20250825    22:03:36       2  18175      4      0 
 20250825    22:03:36       3  18101      4      0 
 20250825    22:03:41       0  18103      4      0 
 20250825    22:03:41       1  18175      4      0 
 20250825    22:03:41       2  18175      4      0 
 20250825    22:03:41       3  18101      4      0 
 20250825    22:03:46       0  18103      4      0 
 20250825    22:03:46       1  18175      4      0 
 20250825    22:03:46       2  18175      4      0 
 20250825    22:03:46       3  18101      4      0 
 20250825    22:03:51       0  18103      4      0 
 20250825    22:03:51       1  18175      4      0 
 20250825    22:03:51       2  18175      4      0 
 20250825    22:03:51       3  18101      4      0 
 20250825    22:03:56       0  18103      4      0 
 20250825    22:03:56       1  18175      4      0 
 20250825    22:03:56       2  18175      4      0 
 20250825    22:03:56       3  18101      4      0 
#Date        Time         gpu     fb   bar1   ccpm 
#YYYYMMDD    HH:MM:SS     Idx     MB     MB     MB 
 20250825    22:04:01       0  18103      4      0 
 20250825    22:04:01       1  18175      4      0 
 20250825    22:04:01       2  18175      4      0 
 20250825    22:04:01       3  18101      4      0 
 20250825    22:04:06       0  18103      4      0 
 20250825    22:04:06       1  18175      4      0 
 20250825    22:04:06       2  18175      4      0 
 20250825    22:04:06       3  18101      4      0 
 20250825    22:04:11       0  18103      4      0 
 20250825    22:04:11       1  18175      4      0 
 20250825    22:04:11       2  18175      4      0 
 20250825    22:04:11       3  18101      4      0 
 20250825    22:04:16       0  18103      4      0 
 20250825    22:04:16       1  18175      4      0 
 20250825    22:04:16       2  18175      4      0 
 20250825    22:04:16       3  18101      4      0 
 20250825    22:04:21       0  18103      4      0 
 20250825    22:04:21       1  18175      4      0 
 20250825    22:04:21       2  18175      4      0 
 20250825    22:04:21       3  18101      4      0 
 20250825    22:04:26       0  18103      4      0 
 20250825    22:04:26       1  18175      4      0 
 20250825    22:04:26       2  18175      4      0 
 20250825    22:04:26       3  18101      4      0 
 20250825    22:04:31       0  18103      4      0 
 20250825    22:04:31       1  18175      4      0 
 20250825    22:04:31       2  18175      4      0 
 20250825    22:04:31       3  18101      4      0 
 20250825    22:04:36       0  18103      4      0 
 20250825    22:04:36       1  18175      4      0 
 20250825    22:04:36       2  18175      4      0 
 20250825    22:04:36       3  18101      4      0 
 20250825    22:04:41       0  18103      4      0 
 20250825    22:04:41       1  18175      4      0 
 20250825    22:04:41       2  18175      4      0 
 20250825    22:04:41       3  18101      4      0 
 20250825    22:04:46       0  18103      4      0 
 20250825    22:04:46       1  18175      4      0 
 20250825    22:04:46       2  18175      4      0 
 20250825    22:04:46       3  18101      4      0 
 20250825    22:04:51       0  18103      4      0 
 20250825    22:04:51       1  18175      4      0 
 20250825    22:04:51       2  18175      4      0 
 20250825    22:04:51       3  18101      4      0 
#Date        Time         gpu     fb   bar1   ccpm 
#YYYYMMDD    HH:MM:SS     Idx     MB     MB     MB 
 20250825    22:04:56       0  18103      4      0 
 20250825    22:04:56       1  18175      4      0 
 20250825    22:04:56       2  18175      4      0 
 20250825    22:04:56       3  18101      4      0 
 20250825    22:05:01       0  18103      4      0 
 20250825    22:05:01       1  18175      4      0 
 20250825    22:05:01       2  18175      4      0 
 20250825    22:05:01       3  18101      4      0 
 20250825    22:05:06       0  18103      4      0 
 20250825    22:05:06       1  18175      4      0 
 20250825    22:05:06       2  18175      4      0 
 20250825    22:05:06       3  18101      4      0 
 20250825    22:05:11       0  18103      4      0 
 20250825    22:05:11       1  18175      4      0 
 20250825    22:05:11       2  18175      4      0 
 20250825    22:05:11       3  18101      4      0 
 20250825    22:05:16       0  18103      4      0 
 20250825    22:05:16       1  18175      4      0 
 20250825    22:05:16       2  18175      4      0 
 20250825    22:05:16       3  18101      4      0 
 20250825    22:05:21       0  18103      4      0 
 20250825    22:05:21       1  18175      4      0 
 20250825    22:05:21       2  18175      4      0 
 20250825    22:05:21       3  18101      4      0 
 20250825    22:05:26       0  18103      4      0 
 20250825    22:05:26       1  18175      4      0 
 20250825    22:05:26       2  18175      4      0 
 20250825    22:05:26       3  18101      4      0 
 20250825    22:05:31       0  18103      4      0 
 20250825    22:05:31       1  18175      4      0 
 20250825    22:05:31       2  18175      4      0 
 20250825    22:05:31       3  18101      4      0 
 20250825    22:05:36       0  18103      4      0 
 20250825    22:05:36       1  18175      4      0 
 20250825    22:05:36       2  18175      4      0 
 20250825    22:05:36       3  18101      4      0 
 20250825    22:05:41       0  18103      4      0 
 20250825    22:05:41       1  18175      4      0 
 20250825    22:05:41       2  18175      4      0 
 20250825    22:05:41       3  18101      4      0 
 20250825    22:05:46       0  18103      4      0 
 20250825    22:05:46       1  18175      4      0 
 20250825    22:05:46       2  18175      4      0 
 20250825    22:05:46       3  18101      4      0 
#Date        Time         gpu     fb   bar1   ccpm 
#YYYYMMDD    HH:MM:SS     Idx     MB     MB     MB 
 20250825    22:05:51       0  18103      4      0 
 20250825    22:05:51       1  18175      4      0 
 20250825    22:05:51       2  18175      4      0 
 20250825    22:05:51       3  18101      4      0 
 20250825    22:05:56       0  18103      4      0 
 20250825    22:05:56       1  18175      4      0 
 20250825    22:05:56       2  18175      4      0 
 20250825    22:05:56       3  18101      4      0 
 20250825    22:06:01       0  18103      4      0 
 20250825    22:06:01       1  18175      4      0 
 20250825    22:06:01       2  18175      4      0 
 20250825    22:06:01       3  18101      4      0 
 20250825    22:06:06       0  18103      4      0 
 20250825    22:06:06       1  18175      4      0 
 20250825    22:06:06       2  18175      4      0 
 20250825    22:06:06       3  18101      4      0 
 20250825    22:06:11       0  18103      4      0 
 20250825    22:06:11       1  18175      4      0 
 20250825    22:06:11       2  18175      4      0 
 20250825    22:06:11       3  18101      4      0 
 20250825    22:06:16       0  18103      4      0 
 20250825    22:06:16       1  18175      4      0 
 20250825    22:06:16       2  18175      4      0 
 20250825    22:06:16       3  18101      4      0 
 20250825    22:06:21       0  18103      4      0 
 20250825    22:06:21       1  18175      4      0 
 20250825    22:06:21       2  18175      4      0 
 20250825    22:06:21       3  18101      4      0 
 20250825    22:06:26       0  18103      4      0 
 20250825    22:06:26       1  18175      4      0 
 20250825    22:06:26       2  18175      4      0 
 20250825    22:06:26       3  18101      4      0 
 20250825    22:06:31       0  18103      4      0 
 20250825    22:06:31       1  18175      4      0 
 20250825    22:06:31       2  18175      4      0 
 20250825    22:06:31       3  18101      4      0 
 20250825    22:06:37       0  18103      4      0 
 20250825    22:06:37       1  18175      4      0 
 20250825    22:06:37       2  18175      4      0 
 20250825    22:06:37       3  18101      4      0 
 20250825    22:06:42       0  18103      4      0 
 20250825    22:06:42       1  18175      4      0 
 20250825    22:06:42       2  18175      4      0 
 20250825    22:06:42       3  18101      4      0 
#Date        Time         gpu     fb   bar1   ccpm 
#YYYYMMDD    HH:MM:SS     Idx     MB     MB     MB 
 20250825    22:06:47       0  18103      4      0 
 20250825    22:06:47       1  18175      4      0 
 20250825    22:06:47       2  18175      4      0 
 20250825    22:06:47       3  18101      4      0 
 20250825    22:06:52       0  18103      4      0 
 20250825    22:06:52       1  18175      4      0 
 20250825    22:06:52       2  18175      4      0 
 20250825    22:06:52       3  18101      4      0 
 20250825    22:06:57       0  18103      4      0 
 20250825    22:06:57       1  18175      4      0 
 20250825    22:06:57       2  18175      4      0 
 20250825    22:06:57       3  18101      4      0 
 20250825    22:07:02       0  18103      4      0 
 20250825    22:07:02       1  18175      4      0 
 20250825    22:07:02       2  18175      4      0 
 20250825    22:07:02       3  18101      4      0 
 20250825    22:07:07       0  18103      4      0 
 20250825    22:07:07       1  18175      4      0 
 20250825    22:07:07       2  18175      4      0 
 20250825    22:07:07       3  18101      4      0 
 20250825    22:07:12       0  18103      4      0 
 20250825    22:07:12       1  18175      4      0 
 20250825    22:07:12       2  18175      4      0 
 20250825    22:07:12       3  18101      4      0 
 20250825    22:07:17       0  18103      4      0 
 20250825    22:07:17       1  18175      4      0 
 20250825    22:07:17       2  18175      4      0 
 20250825    22:07:17       3  18101      4      0 
 20250825    22:07:22       0  18103      4      0 
 20250825    22:07:22       1  18175      4      0 
 20250825    22:07:22       2  18175      4      0 
 20250825    22:07:22       3  18101      4      0 
 20250825    22:07:27       0  18103      4      0 
 20250825    22:07:27       1  18175      4      0 
 20250825    22:07:27       2  18175      4      0 
 20250825    22:07:27       3  18101      4      0 
 20250825    22:07:32       0  18103      4      0 
 20250825    22:07:32       1  18175      4      0 
 20250825    22:07:32       2  18175      4      0 
 20250825    22:07:32       3  18101      4      0 
 20250825    22:07:37       0  18103      4      0 
 20250825    22:07:37       1  18175      4      0 
 20250825    22:07:37       2  18175      4      0 
 20250825    22:07:37       3  18101      4      0 
#Date        Time         gpu     fb   bar1   ccpm 
#YYYYMMDD    HH:MM:SS     Idx     MB     MB     MB 
 20250825    22:07:42       0  18103      4      0 
 20250825    22:07:42       1  18175      4      0 
 20250825    22:07:42       2  18175      4      0 
 20250825    22:07:42       3  18101      4      0 
 20250825    22:07:47       0  18103      4      0 
 20250825    22:07:47       1  18175      4      0 
 20250825    22:07:47       2  18175      4      0 
 20250825    22:07:47       3  18101      4      0 
 20250825    22:07:52       0  18103      4      0 
 20250825    22:07:52       1  18175      4      0 
 20250825    22:07:52       2  18175      4      0 
 20250825    22:07:52       3  18101      4      0 
 20250825    22:07:57       0  18103      4      0 
 20250825    22:07:57       1  18175      4      0 
 20250825    22:07:57       2  18175      4      0 
 20250825    22:07:57       3  18101      4      0 
 20250825    22:08:02       0  18103      4      0 
 20250825    22:08:02       1  18175      4      0 
 20250825    22:08:02       2  18175      4      0 
 20250825    22:08:02       3  18101      4      0 
 20250825    22:08:07       0  18103      4      0 
 20250825    22:08:07       1  18175      4      0 
 20250825    22:08:07       2  18175      4      0 
 20250825    22:08:07       3  18101      4      0 
 20250825    22:08:12       0  18103      4      0 
 20250825    22:08:12       1  18175      4      0 
 20250825    22:08:12       2  18175      4      0 
 20250825    22:08:12       3  18101      4      0 
 20250825    22:08:17       0  18103      4      0 
 20250825    22:08:17       1  18175      4      0 
 20250825    22:08:17       2  18175      4      0 
 20250825    22:08:17       3  18101      4      0 
 20250825    22:08:22       0  18103      4      0 
 20250825    22:08:22       1  18175      4      0 
 20250825    22:08:22       2  18175      4      0 
 20250825    22:08:22       3  18101      4      0 
 20250825    22:08:27       0  18103      4      0 
 20250825    22:08:27       1  18175      4      0 
 20250825    22:08:27       2  18175      4      0 
 20250825    22:08:27       3  18101      4      0 
 20250825    22:08:32       0  18103      4      0 
 20250825    22:08:32       1  18175      4      0 
 20250825    22:08:32       2  18175      4      0 
 20250825    22:08:32       3  18101      4      0 
#Date        Time         gpu     fb   bar1   ccpm 
#YYYYMMDD    HH:MM:SS     Idx     MB     MB     MB 
 20250825    22:08:37       0  18103      4      0 
 20250825    22:08:37       1  18175      4      0 
 20250825    22:08:37       2  18175      4      0 
 20250825    22:08:37       3  18101      4      0 
 20250825    22:08:42       0  18103      4      0 
 20250825    22:08:42       1  18175      4      0 
 20250825    22:08:42       2  18175      4      0 
 20250825    22:08:42       3  18101      4      0 
 20250825    22:08:47       0  18103      4      0 
 20250825    22:08:47       1  18175      4      0 
 20250825    22:08:47       2  18175      4      0 
 20250825    22:08:47       3  18101      4      0 
 20250825    22:08:52       0  18103      4      0 
 20250825    22:08:52       1  18175      4      0 
 20250825    22:08:52       2  18175      4      0 
 20250825    22:08:52       3  18101      4      0 
 20250825    22:08:57       0  18103      4      0 
 20250825    22:08:57       1  18175      4      0 
 20250825    22:08:57       2  18175      4      0 
 20250825    22:08:57       3  18101      4      0 
 20250825    22:09:02       0  18103      4      0 
 20250825    22:09:02       1  18175      4      0 
 20250825    22:09:02       2  18175      4      0 
 20250825    22:09:02       3  18101      4      0 
 20250825    22:09:07       0  18103      4      0 
 20250825    22:09:07       1  18175      4      0 
 20250825    22:09:07       2  18175      4      0 
 20250825    22:09:07       3  18101      4      0 
 20250825    22:09:12       0  18103      4      0 
 20250825    22:09:12       1  18175      4      0 
 20250825    22:09:12       2  18175      4      0 
 20250825    22:09:12       3  18101      4      0 
 20250825    22:09:17       0  18103      4      0 
 20250825    22:09:17       1  18175      4      0 
 20250825    22:09:17       2  18175      4      0 
 20250825    22:09:17       3  18101      4      0 
 20250825    22:09:22       0  18103      4      0 
 20250825    22:09:22       1  18175      4      0 
 20250825    22:09:22       2  18175      4      0 
 20250825    22:09:22       3  18101      4      0 
 20250825    22:09:27       0  18103      4      0 
 20250825    22:09:27       1  18175      4      0 
 20250825    22:09:27       2  18175      4      0 
 20250825    22:09:27       3  18101      4      0 
#Date        Time         gpu     fb   bar1   ccpm 
#YYYYMMDD    HH:MM:SS     Idx     MB     MB     MB 
 20250825    22:09:32       0  18103      4      0 
 20250825    22:09:32       1  18175      4      0 
 20250825    22:09:32       2  18175      4      0 
 20250825    22:09:32       3  18101      4      0 
 20250825    22:09:37       0  18103      4      0 
 20250825    22:09:37       1  18175      4      0 
 20250825    22:09:37       2  18175      4      0 
 20250825    22:09:37       3  18101      4      0 
 20250825    22:09:42       0  18103      4      0 
 20250825    22:09:42       1  18175      4      0 
 20250825    22:09:42       2  18175      4      0 
 20250825    22:09:42       3  18101      4      0 
 20250825    22:09:47       0  18103      4      0 
 20250825    22:09:47       1  18175      4      0 
 20250825    22:09:47       2  18175      4      0 
 20250825    22:09:47       3  18101      4      0 
 20250825    22:09:52       0  18103      4      0 
 20250825    22:09:52       1  18175      4      0 
 20250825    22:09:52       2  18175      4      0 
 20250825    22:09:52       3  18101      4      0 
 20250825    22:09:57       0  18103      4      0 
 20250825    22:09:57       1  18175      4      0 
 20250825    22:09:57       2  18175      4      0 
 20250825    22:09:57       3  18101      4      0 
 20250825    22:10:02       0  18103      4      0 
 20250825    22:10:02       1  18175      4      0 
 20250825    22:10:02       2  18175      4      0 
 20250825    22:10:02       3  18101      4      0 
 20250825    22:10:07       0  18103      4      0 
 20250825    22:10:07       1  18175      4      0 
 20250825    22:10:07       2  18175      4      0 
 20250825    22:10:07       3  18101      4      0 
 20250825    22:10:12       0  18103      4      0 
 20250825    22:10:12       1  18175      4      0 
 20250825    22:10:12       2  18175      4      0 
 20250825    22:10:12       3  18101      4      0 
 20250825    22:10:17       0  18103      4      0 
 20250825    22:10:17       1  18175      4      0 
 20250825    22:10:17       2  18175      4      0 
 20250825    22:10:17       3  18101      4      0 
 20250825    22:10:22       0  18103      4      0 
 20250825    22:10:22       1  18175      4      0 
 20250825    22:10:22       2  18175      4      0 
 20250825    22:10:22       3  18101      4      0 
#Date        Time         gpu     fb   bar1   ccpm 
#YYYYMMDD    HH:MM:SS     Idx     MB     MB     MB 
 20250825    22:10:27       0  18103      4      0 
 20250825    22:10:27       1  18175      4      0 
 20250825    22:10:27       2  18175      4      0 
 20250825    22:10:27       3  18101      4      0 
 20250825    22:10:32       0  18103      4      0 
 20250825    22:10:32       1  18175      4      0 
 20250825    22:10:32       2  18175      4      0 
 20250825    22:10:32       3  18101      4      0 
 20250825    22:10:37       0  18103      4      0 
 20250825    22:10:37       1  18175      4      0 
 20250825    22:10:37       2  18175      4      0 
 20250825    22:10:37       3  18101      4      0 
 20250825    22:10:42       0  18103      4      0 
 20250825    22:10:42       1  18175      4      0 
 20250825    22:10:42       2  18175      4      0 
 20250825    22:10:42       3  18101      4      0 
 20250825    22:10:47       0  18103      4      0 
 20250825    22:10:47       1  18175      4      0 
 20250825    22:10:47       2  18175      4      0 
 20250825    22:10:47       3  18101      4      0 
 20250825    22:10:52       0  18103      4      0 
 20250825    22:10:52       1  18175      4      0 
 20250825    22:10:52       2  18175      4      0 
 20250825    22:10:52       3  18101      4      0 
 20250825    22:10:57       0  18103      4      0 
 20250825    22:10:57       1  18175      4      0 
 20250825    22:10:57       2  18175      4      0 
 20250825    22:10:57       3  18101      4      0 
 20250825    22:11:02       0  18103      4      0 
 20250825    22:11:02       1  18175      4      0 
 20250825    22:11:02       2  18175      4      0 
 20250825    22:11:02       3  18101      4      0 
 20250825    22:11:07       0  18103      4      0 
 20250825    22:11:07       1  18175      4      0 
 20250825    22:11:07       2  18175      4      0 
 20250825    22:11:07       3  18101      4      0 
 20250825    22:11:12       0  18103      4      0 
 20250825    22:11:12       1  18175      4      0 
 20250825    22:11:12       2  18175      4      0 
 20250825    22:11:12       3  18101      4      0 
 20250825    22:11:17       0  18103      4      0 
 20250825    22:11:17       1  18175      4      0 
 20250825    22:11:17       2  18175      4      0 
 20250825    22:11:17       3  18101      4      0 
#Date        Time         gpu     fb   bar1   ccpm 
#YYYYMMDD    HH:MM:SS     Idx     MB     MB     MB 
 20250825    22:11:22       0  18103      4      0 
 20250825    22:11:22       1  18175      4      0 
 20250825    22:11:22       2  18175      4      0 
 20250825    22:11:22       3  18101      4      0 
 20250825    22:11:27       0  18103      4      0 
 20250825    22:11:27       1  18175      4      0 
 20250825    22:11:27       2  18175      4      0 
 20250825    22:11:27       3  18101      4      0 
 20250825    22:11:32       0  18103      4      0 
 20250825    22:11:32       1  18175      4      0 
 20250825    22:11:32       2  18175      4      0 
 20250825    22:11:32       3  18101      4      0 
 20250825    22:11:37       0  18103      4      0 
 20250825    22:11:37       1  18175      4      0 
 20250825    22:11:37       2  18175      4      0 
 20250825    22:11:37       3  18101      4      0 
 20250825    22:11:42       0  18103      4      0 
 20250825    22:11:42       1  18175      4      0 
 20250825    22:11:42       2  18175      4      0 
 20250825    22:11:42       3  18101      4      0 
 20250825    22:11:47       0  18103      4      0 
 20250825    22:11:47       1  18175      4      0 
 20250825    22:11:47       2  18175      4      0 
 20250825    22:11:47       3  18101      4      0 
 20250825    22:11:52       0  18103      4      0 
 20250825    22:11:52       1  18175      4      0 
 20250825    22:11:52       2  18175      4      0 
 20250825    22:11:52       3  18101      4      0 
 20250825    22:11:57       0  18103      4      0 
 20250825    22:11:57       1  18175      4      0 
 20250825    22:11:57       2  18175      4      0 
 20250825    22:11:57       3  18101      4      0 
 20250825    22:12:02       0  18103      4      0 
 20250825    22:12:02       1  18175      4      0 
 20250825    22:12:02       2  18175      4      0 
 20250825    22:12:02       3  18101      4      0 
 20250825    22:12:07       0  18103      4      0 
 20250825    22:12:07       1  18175      4      0 
 20250825    22:12:07       2  18175      4      0 
 20250825    22:12:07       3  18101      4      0 
 20250825    22:12:12       0  18103      4      0 
 20250825    22:12:12       1  18175      4      0 
 20250825    22:12:12       2  18175      4      0 
 20250825    22:12:12       3  18101      4      0 
#Date        Time         gpu     fb   bar1   ccpm 
#YYYYMMDD    HH:MM:SS     Idx     MB     MB     MB 
 20250825    22:12:17       0  18103      4      0 
 20250825    22:12:17       1  18175      4      0 
 20250825    22:12:17       2  18175      4      0 
 20250825    22:12:17       3  18101      4      0 
 20250825    22:12:22       0  18103      4      0 
 20250825    22:12:22       1  18175      4      0 
 20250825    22:12:22       2  18175      4      0 
 20250825    22:12:22       3  18101      4      0 
 20250825    22:12:27       0  18103      4      0 
 20250825    22:12:27       1  18175      4      0 
 20250825    22:12:27       2  18175      4      0 
 20250825    22:12:27       3  18101      4      0 
 20250825    22:12:32       0  18103      4      0 
 20250825    22:12:32       1  18175      4      0 
 20250825    22:12:32       2  18175      4      0 
 20250825    22:12:32       3  18101      4      0 
 20250825    22:12:37       0  18103      4      0 
 20250825    22:12:37       1  18175      4      0 
 20250825    22:12:37       2  18175      4      0 
 20250825    22:12:37       3  18101      4      0 
 20250825    22:12:42       0  18103      4      0 
 20250825    22:12:42       1  18175      4      0 
 20250825    22:12:42       2  18175      4      0 
 20250825    22:12:42       3  18101      4      0 
 20250825    22:12:47       0  18103      4      0 
 20250825    22:12:47       1  18175      4      0 
 20250825    22:12:47       2  18175      4      0 
 20250825    22:12:47       3  18101      4      0 
 20250825    22:12:52       0  18103      4      0 
 20250825    22:12:52       1  18175      4      0 
 20250825    22:12:52       2  18175      4      0 
 20250825    22:12:52       3  18101      4      0 
 20250825    22:12:57       0  18103      4      0 
 20250825    22:12:57       1  18175      4      0 
 20250825    22:12:57       2  18175      4      0 
 20250825    22:12:57       3  18101      4      0 
 20250825    22:13:02       0  18103      4      0 
 20250825    22:13:02       1  18175      4      0 
 20250825    22:13:02       2  18175      4      0 
 20250825    22:13:02       3  18101      4      0 
 20250825    22:13:07       0  18103      4      0 
 20250825    22:13:07       1  18175      4      0 
 20250825    22:13:07       2  18175      4      0 
 20250825    22:13:07       3  18101      4      0 
#Date        Time         gpu     fb   bar1   ccpm 
#YYYYMMDD    HH:MM:SS     Idx     MB     MB     MB 
 20250825    22:13:12       0  18103      4      0 
 20250825    22:13:12       1  18175      4      0 
 20250825    22:13:12       2  18175      4      0 
 20250825    22:13:12       3  18101      4      0 
 20250825    22:13:17       0  18103      4      0 
 20250825    22:13:17       1  18175      4      0 
 20250825    22:13:17       2  18175      4      0 
 20250825    22:13:17       3  18101      4      0 
 20250825    22:13:22       0  18103      4      0 
 20250825    22:13:22       1  18175      4      0 
 20250825    22:13:22       2  18175      4      0 
 20250825    22:13:22       3  18101      4      0 
 20250825    22:13:27       0  18103      4      0 
 20250825    22:13:27       1  18175      4      0 
 20250825    22:13:27       2  18175      4      0 
 20250825    22:13:27       3  18101      4      0 
 20250825    22:13:32       0  18103      4      0 
 20250825    22:13:32       1  18175      4      0 
 20250825    22:13:32       2  18175      4      0 
 20250825    22:13:32       3  18101      4      0 
 20250825    22:13:37       0  18103      4      0 
 20250825    22:13:37       1  18175      4      0 
 20250825    22:13:37       2  18175      4      0 
 20250825    22:13:37       3  18101      4      0 
 20250825    22:13:42       0  18103      4      0 
 20250825    22:13:42       1  18175      4      0 
 20250825    22:13:42       2  18175      4      0 
 20250825    22:13:42       3  18101      4      0 
 20250825    22:13:47       0  18103      4      0 
 20250825    22:13:47       1  18175      4      0 
 20250825    22:13:47       2  18175      4      0 
 20250825    22:13:47       3  18101      4      0 
 20250825    22:13:52       0  18103      4      0 
 20250825    22:13:52       1  18175      4      0 
 20250825    22:13:52       2  18175      4      0 
 20250825    22:13:52       3  18101      4      0 
 20250825    22:13:57       0  18103      4      0 
 20250825    22:13:57       1  18175      4      0 
 20250825    22:13:57       2  18175      4      0 
 20250825    22:13:57       3  18101      4      0 
 20250825    22:14:02       0  18103      4      0 
 20250825    22:14:02       1  18175      4      0 
 20250825    22:14:02       2  18175      4      0 
 20250825    22:14:02       3  18101      4      0 
#Date        Time         gpu     fb   bar1   ccpm 
#YYYYMMDD    HH:MM:SS     Idx     MB     MB     MB 
 20250825    22:14:07       0  18103      4      0 
 20250825    22:14:07       1  18175      4      0 
 20250825    22:14:07       2  18175      4      0 
 20250825    22:14:07       3  18101      4      0 
 20250825    22:14:12       0  18103      4      0 
 20250825    22:14:12       1  18175      4      0 
 20250825    22:14:12       2  18175      4      0 
 20250825    22:14:12       3  18101      4      0 
 20250825    22:14:17       0  18103      4      0 
 20250825    22:14:17       1  18175      4      0 
 20250825    22:14:17       2  18175      4      0 
 20250825    22:14:17       3  18101      4      0 
 20250825    22:14:22       0  18103      4      0 
 20250825    22:14:22       1  18175      4      0 
 20250825    22:14:22       2  18175      4      0 
 20250825    22:14:22       3  18101      4      0 
 20250825    22:14:27       0  18103      4      0 
 20250825    22:14:27       1  18175      4      0 
 20250825    22:14:27       2  18175      4      0 
 20250825    22:14:27       3  18101      4      0 
 20250825    22:14:32       0  18103      4      0 
 20250825    22:14:32       1  18175      4      0 
 20250825    22:14:32       2  18175      4      0 
 20250825    22:14:32       3  18101      4      0 
 20250825    22:14:37       0  18103      4      0 
 20250825    22:14:37       1  18175      4      0 
 20250825    22:14:37       2  18175      4      0 
 20250825    22:14:37       3  18101      4      0 
 20250825    22:14:42       0  18103      4      0 
 20250825    22:14:42       1  18175      4      0 
 20250825    22:14:42       2  18175      4      0 
 20250825    22:14:42       3  18101      4      0 
 20250825    22:14:47       0  18103      4      0 
 20250825    22:14:47       1  18175      4      0 
 20250825    22:14:47       2  18175      4      0 
 20250825    22:14:47       3  18101      4      0 
 20250825    22:14:52       0  18103      4      0 
 20250825    22:14:52       1  18175      4      0 
 20250825    22:14:52       2  18175      4      0 
 20250825    22:14:52       3  18101      4      0 
 20250825    22:14:57       0  18103      4      0 
 20250825    22:14:57       1  18175      4      0 
 20250825    22:14:57       2  18175      4      0 
 20250825    22:14:57       3  18101      4      0 
#Date        Time         gpu     fb   bar1   ccpm 
#YYYYMMDD    HH:MM:SS     Idx     MB     MB     MB 
 20250825    22:15:02       0  18103      4      0 
 20250825    22:15:02       1  18175      4      0 
 20250825    22:15:02       2  18175      4      0 
 20250825    22:15:02       3  18101      4      0 
 20250825    22:15:07       0  18103      4      0 
 20250825    22:15:07       1  18175      4      0 
 20250825    22:15:07       2  18175      4      0 
 20250825    22:15:07       3  18101      4      0 
 20250825    22:15:12       0  18103      4      0 
 20250825    22:15:12       1  18175      4      0 
 20250825    22:15:12       2  18175      4      0 
 20250825    22:15:12       3  18101      4      0 
 20250825    22:15:17       0  18103      4      0 
 20250825    22:15:17       1  18175      4      0 
 20250825    22:15:17       2  18175      4      0 
 20250825    22:15:17       3  18101      4      0 
 20250825    22:15:22       0  18103      4      0 
 20250825    22:15:22       1  18175      4      0 
 20250825    22:15:22       2  18175      4      0 
 20250825    22:15:22       3  18101      4      0 
 20250825    22:15:27       0  18103      4      0 
 20250825    22:15:27       1  18175      4      0 
 20250825    22:15:27       2  18175      4      0 
 20250825    22:15:27       3  18101      4      0 
 20250825    22:15:32       0  18103      4      0 
 20250825    22:15:32       1  18175      4      0 
 20250825    22:15:32       2  18175      4      0 
 20250825    22:15:32       3  18101      4      0 
 20250825    22:15:37       0  18103      4      0 
 20250825    22:15:37       1  18175      4      0 
 20250825    22:15:37       2  18175      4      0 
 20250825    22:15:37       3  18101      4      0 
 20250825    22:15:42       0  18103      4      0 
 20250825    22:15:42       1  18175      4      0 
 20250825    22:15:42       2  18175      4      0 
 20250825    22:15:42       3  18101      4      0 
 20250825    22:15:47       0  18103      4      0 
 20250825    22:15:47       1  18175      4      0 
 20250825    22:15:47       2  18175      4      0 
 20250825    22:15:47       3  18101      4      0 
 20250825    22:15:52       0  18103      4      0 
 20250825    22:15:52       1  18175      4      0 
 20250825    22:15:52       2  18175      4      0 
 20250825    22:15:52       3  18101      4      0 
#Date        Time         gpu     fb   bar1   ccpm 
#YYYYMMDD    HH:MM:SS     Idx     MB     MB     MB 
 20250825    22:15:57       0  18103      4      0 
 20250825    22:15:57       1  18175      4      0 
 20250825    22:15:57       2  18175      4      0 
 20250825    22:15:57       3  18101      4      0 
 20250825    22:16:02       0  18103      4      0 
 20250825    22:16:02       1  18175      4      0 
 20250825    22:16:02       2  18175      4      0 
 20250825    22:16:02       3  18101      4      0 
 20250825    22:16:07       0  18103      4      0 
 20250825    22:16:07       1  18175      4      0 
 20250825    22:16:07       2  18175      4      0 
 20250825    22:16:07       3  18101      4      0 
 20250825    22:16:12       0  18103      4      0 
 20250825    22:16:12       1  18175      4      0 
 20250825    22:16:12       2  18175      4      0 
 20250825    22:16:12       3  18101      4      0 
 20250825    22:16:17       0  18103      4      0 
 20250825    22:16:17       1  18175      4      0 
 20250825    22:16:17       2  18175      4      0 
 20250825    22:16:17       3  18101      4      0 
 20250825    22:16:22       0  18103      4      0 
 20250825    22:16:22       1  18175      4      0 
 20250825    22:16:22       2  18175      4      0 
 20250825    22:16:22       3  18101      4      0 
 20250825    22:16:27       0  18103      4      0 
 20250825    22:16:27       1  18175      4      0 
 20250825    22:16:27       2  18175      4      0 
 20250825    22:16:27       3  18101      4      0 
 20250825    22:16:32       0  18103      4      0 
 20250825    22:16:32       1  18175      4      0 
 20250825    22:16:32       2  18175      4      0 
 20250825    22:16:32       3  18101      4      0 
 20250825    22:16:37       0  18103      4      0 
 20250825    22:16:37       1  18175      4      0 
 20250825    22:16:37       2  18175      4      0 
 20250825    22:16:37       3  18101      4      0 
 20250825    22:16:42       0  18103      4      0 
 20250825    22:16:42       1  18175      4      0 
 20250825    22:16:42       2  18175      4      0 
 20250825    22:16:42       3  18101      4      0 
 20250825    22:16:47       0  18103      4      0 
 20250825    22:16:47       1  18175      4      0 
 20250825    22:16:47       2  18175      4      0 
 20250825    22:16:47       3  18101      4      0 
#Date        Time         gpu     fb   bar1   ccpm 
#YYYYMMDD    HH:MM:SS     Idx     MB     MB     MB 
 20250825    22:16:52       0  18103      4      0 
 20250825    22:16:52       1  18175      4      0 
 20250825    22:16:52       2  18175      4      0 
 20250825    22:16:52       3  18101      4      0 
 20250825    22:16:57       0  18103      4      0 
 20250825    22:16:57       1  18175      4      0 
 20250825    22:16:57       2  18175      4      0 
 20250825    22:16:57       3  18101      4      0 
 20250825    22:17:02       0  18103      4      0 
 20250825    22:17:02       1  18175      4      0 
 20250825    22:17:02       2  18175      4      0 
 20250825    22:17:02       3  18101      4      0 
 20250825    22:17:07       0  18103      4      0 
 20250825    22:17:07       1  18175      4      0 
 20250825    22:17:07       2  18175      4      0 
 20250825    22:17:07       3  18101      4      0 
 20250825    22:17:12       0  18103      4      0 
 20250825    22:17:12       1  18175      4      0 
 20250825    22:17:12       2  18175      4      0 
 20250825    22:17:12       3  18101      4      0 
 20250825    22:17:17       0  18103      4      0 
 20250825    22:17:17       1  18175      4      0 
 20250825    22:17:17       2  18175      4      0 
 20250825    22:17:17       3  18101      4      0 
 20250825    22:17:22       0  18103      4      0 
 20250825    22:17:22       1  18175      4      0 
 20250825    22:17:22       2  18175      4      0 
 20250825    22:17:22       3  18101      4      0 
 20250825    22:17:27       0  18103      4      0 
 20250825    22:17:27       1  18175      4      0 
 20250825    22:17:27       2  18175      4      0 
 20250825    22:17:27       3  18101      4      0 
 20250825    22:17:32       0  18103      4      0 
 20250825    22:17:32       1  18175      4      0 
 20250825    22:17:32       2  18175      4      0 
 20250825    22:17:32       3  18101      4      0 
 20250825    22:17:37       0  18103      4      0 
 20250825    22:17:37       1  18175      4      0 
 20250825    22:17:37       2  18175      4      0 
 20250825    22:17:37       3  18101      4      0 
 20250825    22:17:42       0  18103      4      0 
 20250825    22:17:42       1  18175      4      0 
 20250825    22:17:42       2  18175      4      0 
 20250825    22:17:42       3  18101      4      0 
#Date        Time         gpu     fb   bar1   ccpm 
#YYYYMMDD    HH:MM:SS     Idx     MB     MB     MB 
 20250825    22:17:47       0  18103      4      0 
 20250825    22:17:47       1  18175      4      0 
 20250825    22:17:47       2  18175      4      0 
 20250825    22:17:47       3  18101      4      0 
 20250825    22:17:52       0  18103      4      0 
 20250825    22:17:52       1  18175      4      0 
 20250825    22:17:52       2  18175      4      0 
 20250825    22:17:52       3  18101      4      0 
 20250825    22:17:57       0  18103      4      0 
 20250825    22:17:57       1  18175      4      0 
 20250825    22:17:57       2  18175      4      0 
 20250825    22:17:57       3  18101      4      0 
 20250825    22:18:02       0  18103      4      0 
 20250825    22:18:02       1  18175      4      0 
 20250825    22:18:02       2  18175      4      0 
 20250825    22:18:02       3  18101      4      0 
 20250825    22:18:07       0  18103      4      0 
 20250825    22:18:07       1  18175      4      0 
 20250825    22:18:07       2  18175      4      0 
 20250825    22:18:07       3  18101      4      0 
 20250825    22:18:12       0  18103      4      0 
 20250825    22:18:12       1  18175      4      0 
 20250825    22:18:12       2  18175      4      0 
 20250825    22:18:12       3  18101      4      0 
 20250825    22:18:17       0  18103      4      0 
 20250825    22:18:17       1  18175      4      0 
 20250825    22:18:17       2  18175      4      0 
 20250825    22:18:17       3  18101      4      0 
 20250825    22:18:22       0  18103      4      0 
 20250825    22:18:22       1  18175      4      0 
 20250825    22:18:22       2  18175      4      0 
 20250825    22:18:22       3  18101      4      0 
 20250825    22:18:27       0  18103      4      0 
 20250825    22:18:27       1  18175      4      0 
 20250825    22:18:27       2  18175      4      0 
 20250825    22:18:27       3  18101      4      0 
 20250825    22:18:32       0  18103      4      0 
 20250825    22:18:32       1  18175      4      0 
 20250825    22:18:32       2  18175      4      0 
 20250825    22:18:32       3  18101      4      0 
 20250825    22:18:37       0  18103      4      0 
 20250825    22:18:37       1  18175      4      0 
 20250825    22:18:37       2  18175      4      0 
 20250825    22:18:37       3  18101      4      0 
#Date        Time         gpu     fb   bar1   ccpm 
#YYYYMMDD    HH:MM:SS     Idx     MB     MB     MB 
 20250825    22:18:42       0  18103      4      0 
 20250825    22:18:42       1  18175      4      0 
 20250825    22:18:42       2  18175      4      0 
 20250825    22:18:42       3  18101      4      0 
 20250825    22:18:47       0  18103      4      0 
 20250825    22:18:47       1  18175      4      0 
 20250825    22:18:47       2  18175      4      0 
 20250825    22:18:47       3  18101      4      0 
 20250825    22:18:52       0  18103      4      0 
 20250825    22:18:52       1  18175      4      0 
 20250825    22:18:52       2  18175      4      0 
 20250825    22:18:52       3  18101      4      0 
 20250825    22:18:57       0  18103      4      0 
 20250825    22:18:57       1  18175      4      0 
 20250825    22:18:57       2  18175      4      0 
 20250825    22:18:57       3  18101      4      0 
 20250825    22:19:02       0  18103      4      0 
 20250825    22:19:02       1  18175      4      0 
 20250825    22:19:02       2  18175      4      0 
 20250825    22:19:02       3  18101      4      0 
 20250825    22:19:07       0  18103      4      0 
 20250825    22:19:07       1  18175      4      0 
 20250825    22:19:07       2  18175      4      0 
 20250825    22:19:07       3  18101      4      0 
 20250825    22:19:12       0  18103      4      0 
 20250825    22:19:12       1  18175      4      0 
 20250825    22:19:12       2  18175      4      0 
 20250825    22:19:12       3  18101      4      0 
 20250825    22:19:17       0  18103      4      0 
 20250825    22:19:17       1  18175      4      0 
 20250825    22:19:17       2  18175      4      0 
 20250825    22:19:17       3  18101      4      0 
 20250825    22:19:22       0  18103      4      0 
 20250825    22:19:22       1  18175      4      0 
 20250825    22:19:22       2  18175      4      0 
 20250825    22:19:22       3  18101      4      0 
 20250825    22:19:27       0  18103      4      0 
 20250825    22:19:27       1  18175      4      0 
 20250825    22:19:27       2  18175      4      0 
 20250825    22:19:27       3  18101      4      0 
 20250825    22:19:32       0  18103      4      0 
 20250825    22:19:32       1  18175      4      0 
 20250825    22:19:32       2  18175      4      0 
 20250825    22:19:32       3  18101      4      0 
#Date        Time         gpu     fb   bar1   ccpm 
#YYYYMMDD    HH:MM:SS     Idx     MB     MB     MB 
 20250825    22:19:37       0  18103      4      0 
 20250825    22:19:37       1  18175      4      0 
 20250825    22:19:37       2  18175      4      0 
 20250825    22:19:37       3  18101      4      0 
 20250825    22:19:42       0  18103      4      0 
 20250825    22:19:42       1  18175      4      0 
 20250825    22:19:42       2  18175      4      0 
 20250825    22:19:42       3  18101      4      0 
 20250825    22:19:47       0  18103      4      0 
 20250825    22:19:47       1  18175      4      0 
 20250825    22:19:47       2  18175      4      0 
 20250825    22:19:47       3  18101      4      0 
 20250825    22:19:52       0  18103      4      0 
 20250825    22:19:52       1  18175      4      0 
 20250825    22:19:52       2  18175      4      0 
 20250825    22:19:52       3  18101      4      0 
 20250825    22:19:57       0  18103      4      0 
 20250825    22:19:57       1  18175      4      0 
 20250825    22:19:57       2  18175      4      0 
 20250825    22:19:57       3  18101      4      0 
 20250825    22:20:02       0  18103      4      0 
 20250825    22:20:02       1  18175      4      0 
 20250825    22:20:02       2  18175      4      0 
 20250825    22:20:02       3  18101      4      0 
 20250825    22:20:07       0  18103      4      0 
 20250825    22:20:07       1  18175      4      0 
 20250825    22:20:07       2  18175      4      0 
 20250825    22:20:07       3  18101      4      0 
 20250825    22:20:12       0  18103      4      0 
 20250825    22:20:12       1  18175      4      0 
 20250825    22:20:12       2  18175      4      0 
 20250825    22:20:12       3  18101      4      0 
 20250825    22:20:17       0  18103      4      0 
 20250825    22:20:17       1  18175      4      0 
 20250825    22:20:17       2  18175      4      0 
 20250825    22:20:17       3  18101      4      0 
 20250825    22:20:22       0  18103      4      0 
 20250825    22:20:22       1  18175      4      0 
 20250825    22:20:22       2  18175      4      0 
 20250825    22:20:22       3  18101      4      0 
 20250825    22:20:27       0  18103      4      0 
 20250825    22:20:27       1  18175      4      0 
 20250825    22:20:27       2  18175      4      0 
 20250825    22:20:27       3  18101      4      0 
#Date        Time         gpu     fb   bar1   ccpm 
#YYYYMMDD    HH:MM:SS     Idx     MB     MB     MB 
 20250825    22:20:32       0  18103      4      0 
 20250825    22:20:32       1  18175      4      0 
 20250825    22:20:32       2  18175      4      0 
 20250825    22:20:32       3  18101      4      0 
 20250825    22:20:37       0  18103      4      0 
 20250825    22:20:37       1  18175      4      0 
 20250825    22:20:37       2  18175      4      0 
 20250825    22:20:37       3  18101      4      0 
 20250825    22:20:42       0  18103      4      0 
 20250825    22:20:42       1  18175      4      0 
 20250825    22:20:42       2  18175      4      0 
 20250825    22:20:42       3  18101      4      0 
 20250825    22:20:48       0  18103      4      0 
 20250825    22:20:48       1  18175      4      0 
 20250825    22:20:48       2  18175      4      0 
 20250825    22:20:48       3  18101      4      0 
 20250825    22:20:53       0  18103      4      0 
 20250825    22:20:53       1  18175      4      0 
 20250825    22:20:53       2  18175      4      0 
 20250825    22:20:53       3  18101      4      0 
 20250825    22:20:58       0  18103      4      0 
 20250825    22:20:58       1  18175      4      0 
 20250825    22:20:58       2  18175      4      0 
 20250825    22:20:58       3  18101      4      0 
 20250825    22:21:03       0  18103      4      0 
 20250825    22:21:03       1  18175      4      0 
 20250825    22:21:03       2  18175      4      0 
 20250825    22:21:03       3  18101      4      0 
 20250825    22:21:08       0  18103      4      0 
 20250825    22:21:08       1  18175      4      0 
 20250825    22:21:08       2  18175      4      0 
 20250825    22:21:08       3  18101      4      0 
 20250825    22:21:13       0  18103      4      0 
 20250825    22:21:13       1  18175      4      0 
 20250825    22:21:13       2  18175      4      0 
 20250825    22:21:13       3  18101      4      0 
 20250825    22:21:18       0  18103      4      0 
 20250825    22:21:18       1  18175      4      0 
 20250825    22:21:18       2  18175      4      0 
 20250825    22:21:18       3  18101      4      0 
 20250825    22:21:23       0  18103      4      0 
 20250825    22:21:23       1  18175      4      0 
 20250825    22:21:23       2  18175      4      0 
 20250825    22:21:23       3  18101      4      0 
#Date        Time         gpu     fb   bar1   ccpm 
#YYYYMMDD    HH:MM:SS     Idx     MB     MB     MB 
 20250825    22:21:28       0  18103      4      0 
 20250825    22:21:28       1  18175      4      0 
 20250825    22:21:28       2  18175      4      0 
 20250825    22:21:28       3  18101      4      0 
 20250825    22:21:33       0  18103      4      0 
 20250825    22:21:33       1  18175      4      0 
 20250825    22:21:33       2  18175      4      0 
 20250825    22:21:33       3  18101      4      0 
 20250825    22:21:38       0  18103      4      0 
 20250825    22:21:38       1  18175      4      0 
 20250825    22:21:38       2  18175      4      0 
 20250825    22:21:38       3  18101      4      0 
 20250825    22:21:43       0  18103      4      0 
 20250825    22:21:43       1  18175      4      0 
 20250825    22:21:43       2  18175      4      0 
 20250825    22:21:43       3  18101      4      0 
 20250825    22:21:48       0  18103      4      0 
 20250825    22:21:48       1  18175      4      0 
 20250825    22:21:48       2  18175      4      0 
 20250825    22:21:48       3  18101      4      0 
 20250825    22:21:53       0  18103      4      0 
 20250825    22:21:53       1  18175      4      0 
 20250825    22:21:53       2  18175      4      0 
 20250825    22:21:53       3  18101      4      0 
 20250825    22:21:58       0  18103      4      0 
 20250825    22:21:58       1  18175      4      0 
 20250825    22:21:58       2  18175      4      0 
 20250825    22:21:58       3  18101      4      0 
 20250825    22:22:03       0  18103      4      0 
 20250825    22:22:03       1  18175      4      0 
 20250825    22:22:03       2  18175      4      0 
 20250825    22:22:03       3  18101      4      0 
 20250825    22:22:08       0  18103      4      0 
 20250825    22:22:08       1  18175      4      0 
 20250825    22:22:08       2  18175      4      0 
 20250825    22:22:08       3  18101      4      0 
 20250825    22:22:13       0  18103      4      0 
 20250825    22:22:13       1  18175      4      0 
 20250825    22:22:13       2  18175      4      0 
 20250825    22:22:13       3  18101      4      0 
 20250825    22:22:18       0  18103      4      0 
 20250825    22:22:18       1  18175      4      0 
 20250825    22:22:18       2  18175      4      0 
 20250825    22:22:18       3  18101      4      0 
#Date        Time         gpu     fb   bar1   ccpm 
#YYYYMMDD    HH:MM:SS     Idx     MB     MB     MB 
 20250825    22:22:23       0  18103      4      0 
 20250825    22:22:23       1  18175      4      0 
 20250825    22:22:23       2  18175      4      0 
 20250825    22:22:23       3  18101      4      0 
 20250825    22:22:28       0  18103      4      0 
 20250825    22:22:28       1  18175      4      0 
 20250825    22:22:28       2  18175      4      0 
 20250825    22:22:28       3  18101      4      0 
 20250825    22:22:33       0  18103      4      0 
 20250825    22:22:33       1  18175      4      0 
 20250825    22:22:33       2  18175      4      0 
 20250825    22:22:33       3  18101      4      0 
 20250825    22:22:38       0  18103      4      0 
 20250825    22:22:38       1  18175      4      0 
 20250825    22:22:38       2  18175      4      0 
 20250825    22:22:38       3  18101      4      0 
 20250825    22:22:43       0  18103      4      0 
 20250825    22:22:43       1  18175      4      0 
 20250825    22:22:43       2  18175      4      0 
 20250825    22:22:43       3  18101      4      0 
 20250825    22:22:48       0  18103      4      0 
 20250825    22:22:48       1  18175      4      0 
 20250825    22:22:48       2  18175      4      0 
 20250825    22:22:48       3  18101      4      0 
 20250825    22:22:53       0  18103      4      0 
 20250825    22:22:53       1  18175      4      0 
 20250825    22:22:53       2  18175      4      0 
 20250825    22:22:53       3  18101      4      0 
 20250825    22:22:58       0  18103      4      0 
 20250825    22:22:58       1  18175      4      0 
 20250825    22:22:58       2  18175      4      0 
 20250825    22:22:58       3  18101      4      0 
 20250825    22:23:03       0  18103      4      0 
 20250825    22:23:03       1  18175      4      0 
 20250825    22:23:03       2  18175      4      0 
 20250825    22:23:03       3  18101      4      0 
 20250825    22:23:08       0  18103      4      0 
 20250825    22:23:08       1  18175      4      0 
 20250825    22:23:08       2  18175      4      0 
 20250825    22:23:08       3  18101      4      0 
 20250825    22:23:13       0  18103      4      0 
 20250825    22:23:13       1  18175      4      0 
 20250825    22:23:13       2  18175      4      0 
 20250825    22:23:13       3  18101      4      0 
#Date        Time         gpu     fb   bar1   ccpm 
#YYYYMMDD    HH:MM:SS     Idx     MB     MB     MB 
 20250825    22:23:18       0  18103      4      0 
 20250825    22:23:18       1  18175      4      0 
 20250825    22:23:18       2  18175      4      0 
 20250825    22:23:18       3  18101      4      0 
 20250825    22:23:23       0  18103      4      0 
 20250825    22:23:23       1  18175      4      0 
 20250825    22:23:23       2  18175      4      0 
 20250825    22:23:23       3  18101      4      0 
 20250825    22:23:28       0  18103      4      0 
 20250825    22:23:28       1  18175      4      0 
 20250825    22:23:28       2  18175      4      0 
 20250825    22:23:28       3  18101      4      0 
 20250825    22:23:33       0  18103      4      0 
 20250825    22:23:33       1  18175      4      0 
 20250825    22:23:33       2  18175      4      0 
 20250825    22:23:33       3  18101      4      0 
 20250825    22:23:38       0  18103      4      0 
 20250825    22:23:38       1  18175      4      0 
 20250825    22:23:38       2  18175      4      0 
 20250825    22:23:38       3  18101      4      0 
 20250825    22:23:43       0  18103      4      0 
 20250825    22:23:43       1  18175      4      0 
 20250825    22:23:43       2  18175      4      0 
 20250825    22:23:43       3  18101      4      0 
 20250825    22:23:48       0  18103      4      0 
 20250825    22:23:48       1  18175      4      0 
 20250825    22:23:48       2  18175      4      0 
 20250825    22:23:48       3  18101      4      0 
 20250825    22:23:53       0  18103      4      0 
 20250825    22:23:53       1  18175      4      0 
 20250825    22:23:53       2  18175      4      0 
 20250825    22:23:53       3  18101      4      0 
 20250825    22:23:58       0  18103      4      0 
 20250825    22:23:58       1  18175      4      0 
 20250825    22:23:58       2  18175      4      0 
 20250825    22:23:58       3  18101      4      0 
 20250825    22:24:03       0  18103      4      0 
 20250825    22:24:03       1  18175      4      0 
 20250825    22:24:03       2  18175      4      0 
 20250825    22:24:03       3  18101      4      0 
 20250825    22:24:08       0  18103      4      0 
 20250825    22:24:08       1  18175      4      0 
 20250825    22:24:08       2  18175      4      0 
 20250825    22:24:08       3  18101      4      0 
#Date        Time         gpu     fb   bar1   ccpm 
#YYYYMMDD    HH:MM:SS     Idx     MB     MB     MB 
 20250825    22:24:13       0  18103      4      0 
 20250825    22:24:13       1  18175      4      0 
 20250825    22:24:13       2  18175      4      0 
 20250825    22:24:13       3  18101      4      0 
 20250825    22:24:18       0  18103      4      0 
 20250825    22:24:18       1  18175      4      0 
 20250825    22:24:18       2  18175      4      0 
 20250825    22:24:18       3  18101      4      0 
 20250825    22:24:23       0  18103      4      0 
 20250825    22:24:23       1  18175      4      0 
 20250825    22:24:23       2  18175      4      0 
 20250825    22:24:23       3  18101      4      0 
 20250825    22:24:28       0  18103      4      0 
 20250825    22:24:28       1  18175      4      0 
 20250825    22:24:28       2  18175      4      0 
 20250825    22:24:28       3  18101      4      0 
 20250825    22:24:33       0  18103      4      0 
 20250825    22:24:33       1  18175      4      0 
 20250825    22:24:33       2  18175      4      0 
 20250825    22:24:33       3  18101      4      0 
 20250825    22:24:38       0  18103      4      0 
 20250825    22:24:38       1  18175      4      0 
 20250825    22:24:38       2  18175      4      0 
 20250825    22:24:38       3  18101      4      0 
 20250825    22:24:43       0  18103      4      0 
 20250825    22:24:43       1  18175      4      0 
 20250825    22:24:43       2  18175      4      0 
 20250825    22:24:43       3  18101      4      0 
 20250825    22:24:48       0  18103      4      0 
 20250825    22:24:48       1  18175      4      0 
 20250825    22:24:48       2  18175      4      0 
 20250825    22:24:48       3  18101      4      0 
 20250825    22:24:53       0  18103      4      0 
 20250825    22:24:53       1  18175      4      0 
 20250825    22:24:53       2  18175      4      0 
 20250825    22:24:53       3  18101      4      0 
 20250825    22:24:58       0  18103      4      0 
 20250825    22:24:58       1  18175      4      0 
 20250825    22:24:58       2  18175      4      0 
 20250825    22:24:58       3  18101      4      0 
 20250825    22:25:03       0  18103      4      0 
 20250825    22:25:03       1  18175      4      0 
 20250825    22:25:03       2  18175      4      0 
 20250825    22:25:03       3  18101      4      0 
#Date        Time         gpu     fb   bar1   ccpm 
#YYYYMMDD    HH:MM:SS     Idx     MB     MB     MB 
 20250825    22:25:08       0  18103      4      0 
 20250825    22:25:08       1  18175      4      0 
 20250825    22:25:08       2  18175      4      0 
 20250825    22:25:08       3  18101      4      0 
 20250825    22:25:13       0  18103      4      0 
 20250825    22:25:13       1  18175      4      0 
 20250825    22:25:13       2  18175      4      0 
 20250825    22:25:13       3  18101      4      0 
 20250825    22:25:18       0  18103      4      0 
 20250825    22:25:18       1  18175      4      0 
 20250825    22:25:18       2  18175      4      0 
 20250825    22:25:18       3  18101      4      0 
 20250825    22:25:23       0  18103      4      0 
 20250825    22:25:23       1  18175      4      0 
 20250825    22:25:23       2  18175      4      0 
 20250825    22:25:23       3  18101      4      0 
 20250825    22:25:28       0  18103      4      0 
 20250825    22:25:28       1  18175      4      0 
 20250825    22:25:28       2  18175      4      0 
 20250825    22:25:28       3  18101      4      0 
 20250825    22:25:33       0  18103      4      0 
 20250825    22:25:33       1  18175      4      0 
 20250825    22:25:33       2  18175      4      0 
 20250825    22:25:33       3  18101      4      0 
 20250825    22:25:38       0  18103      4      0 
 20250825    22:25:38       1  18175      4      0 
 20250825    22:25:38       2  18175      4      0 
 20250825    22:25:38       3  18101      4      0 
 20250825    22:25:43       0  18103      4      0 
 20250825    22:25:43       1  18175      4      0 
 20250825    22:25:43       2  18175      4      0 
 20250825    22:25:43       3  18101      4      0 
 20250825    22:25:48       0  18103      4      0 
 20250825    22:25:48       1  18175      4      0 
 20250825    22:25:48       2  18175      4      0 
 20250825    22:25:48       3  18101      4      0 
 20250825    22:25:53       0  18103      4      0 
 20250825    22:25:53       1  18175      4      0 
 20250825    22:25:53       2  18175      4      0 
 20250825    22:25:53       3  18101      4      0 
 20250825    22:25:58       0  18103      4      0 
 20250825    22:25:58       1  18175      4      0 
 20250825    22:25:58       2  18175      4      0 
 20250825    22:25:58       3  18101      4      0 
#Date        Time         gpu     fb   bar1   ccpm 
#YYYYMMDD    HH:MM:SS     Idx     MB     MB     MB 
 20250825    22:26:03       0  18103      4      0 
 20250825    22:26:03       1  18175      4      0 
 20250825    22:26:03       2  18175      4      0 
 20250825    22:26:03       3  18101      4      0 
 20250825    22:26:08       0  18103      4      0 
 20250825    22:26:08       1  18175      4      0 
 20250825    22:26:08       2  18175      4      0 
 20250825    22:26:08       3  18101      4      0 
 20250825    22:26:13       0  18103      4      0 
 20250825    22:26:13       1  18175      4      0 
 20250825    22:26:13       2  18175      4      0 
 20250825    22:26:13       3  18101      4      0 
 20250825    22:26:18       0  18103      4      0 
 20250825    22:26:18       1  18175      4      0 
 20250825    22:26:18       2  18175      4      0 
 20250825    22:26:18       3  18101      4      0 
 20250825    22:26:23       0  18103      4      0 
 20250825    22:26:23       1  18175      4      0 
 20250825    22:26:23       2  18175      4      0 
 20250825    22:26:23       3  18101      4      0 
 20250825    22:26:28       0  18103      4      0 
 20250825    22:26:28       1  18175      4      0 
 20250825    22:26:28       2  18175      4      0 
 20250825    22:26:28       3  18101      4      0 
 20250825    22:26:33       0  18103      4      0 
 20250825    22:26:33       1  18175      4      0 
 20250825    22:26:33       2  18175      4      0 
 20250825    22:26:33       3  18101      4      0 
 20250825    22:26:38       0  18103      4      0 
 20250825    22:26:38       1  18175      4      0 
 20250825    22:26:38       2  18175      4      0 
 20250825    22:26:38       3  18101      4      0 
 20250825    22:26:43       0  18103      4      0 
 20250825    22:26:43       1  18175      4      0 
 20250825    22:26:43       2  18175      4      0 
 20250825    22:26:43       3  18101      4      0 
 20250825    22:26:48       0  18103      4      0 
 20250825    22:26:48       1  18175      4      0 
 20250825    22:26:48       2  18175      4      0 
 20250825    22:26:48       3  18101      4      0 
 20250825    22:26:53       0  18103      4      0 
 20250825    22:26:53       1  18175      4      0 
 20250825    22:26:53       2  18175      4      0 
 20250825    22:26:53       3  18101      4      0 
#Date        Time         gpu     fb   bar1   ccpm 
#YYYYMMDD    HH:MM:SS     Idx     MB     MB     MB 
 20250825    22:26:58       0  18103      4      0 
 20250825    22:26:58       1  18175      4      0 
 20250825    22:26:58       2  18175      4      0 
 20250825    22:26:58       3  18101      4      0 
 20250825    22:27:03       0  18103      4      0 
 20250825    22:27:03       1  18175      4      0 
 20250825    22:27:03       2  18175      4      0 
 20250825    22:27:03       3  18101      4      0 
 20250825    22:27:08       0  18103      4      0 
 20250825    22:27:08       1  18175      4      0 
 20250825    22:27:08       2  18175      4      0 
 20250825    22:27:08       3  18101      4      0 
 20250825    22:27:13       0  18103      4      0 
 20250825    22:27:13       1  18175      4      0 
 20250825    22:27:13       2  18175      4      0 
 20250825    22:27:13       3  18101      4      0 
 20250825    22:27:18       0  18103      4      0 
 20250825    22:27:18       1  18175      4      0 
 20250825    22:27:18       2  18175      4      0 
 20250825    22:27:18       3  18101      4      0 
 20250825    22:27:23       0  18103      4      0 
 20250825    22:27:23       1  18175      4      0 
 20250825    22:27:23       2  18175      4      0 
 20250825    22:27:23       3  18101      4      0 
 20250825    22:27:28       0  18103      4      0 
 20250825    22:27:28       1  18175      4      0 
 20250825    22:27:28       2  18175      4      0 
 20250825    22:27:28       3  18101      4      0 
 20250825    22:27:33       0  18103      4      0 
 20250825    22:27:33       1  18175      4      0 
 20250825    22:27:33       2  18175      4      0 
 20250825    22:27:33       3  18101      4      0 
 20250825    22:27:38       0  18103      4      0 
 20250825    22:27:38       1  18175      4      0 
 20250825    22:27:38       2  18175      4      0 
 20250825    22:27:38       3  18101      4      0 
 20250825    22:27:43       0  18103      4      0 
 20250825    22:27:43       1  18175      4      0 
 20250825    22:27:43       2  18175      4      0 
 20250825    22:27:43       3  18101      4      0 
 20250825    22:27:48       0  18103      4      0 
 20250825    22:27:48       1  18175      4      0 
 20250825    22:27:48       2  18175      4      0 
 20250825    22:27:48       3  18101      4      0 
#Date        Time         gpu     fb   bar1   ccpm 
#YYYYMMDD    HH:MM:SS     Idx     MB     MB     MB 
 20250825    22:27:53       0  18103      4      0 
 20250825    22:27:53       1  18175      4      0 
 20250825    22:27:53       2  18175      4      0 
 20250825    22:27:53       3  18101      4      0 
 20250825    22:27:58       0  18103      4      0 
 20250825    22:27:58       1  18175      4      0 
 20250825    22:27:58       2  18175      4      0 
 20250825    22:27:58       3  18101      4      0 
 20250825    22:28:03       0  18103      4      0 
 20250825    22:28:03       1  18175      4      0 
 20250825    22:28:03       2  18175      4      0 
 20250825    22:28:03       3  18101      4      0 
 20250825    22:28:08       0  18103      4      0 
 20250825    22:28:08       1  18175      4      0 
 20250825    22:28:08       2  18175      4      0 
 20250825    22:28:08       3  18101      4      0 
 20250825    22:28:13       0  18103      4      0 
 20250825    22:28:13       1  18175      4      0 
 20250825    22:28:13       2  18175      4      0 
 20250825    22:28:13       3  18101      4      0 
 20250825    22:28:18       0  18103      4      0 
 20250825    22:28:18       1  18175      4      0 
 20250825    22:28:18       2  18175      4      0 
 20250825    22:28:18       3  18101      4      0 
 20250825    22:28:23       0  18103      4      0 
 20250825    22:28:23       1  18175      4      0 
 20250825    22:28:23       2  18175      4      0 
 20250825    22:28:23       3  18101      4      0 
 20250825    22:28:28       0  18103      4      0 
 20250825    22:28:28       1  18175      4      0 
 20250825    22:28:28       2  18175      4      0 
 20250825    22:28:28       3  18101      4      0 
 20250825    22:28:33       0  18103      4      0 
 20250825    22:28:33       1  18175      4      0 
 20250825    22:28:33       2  18175      4      0 
 20250825    22:28:33       3  18101      4      0 
 20250825    22:28:38       0  18103      4      0 
 20250825    22:28:38       1  18175      4      0 
 20250825    22:28:38       2  18175      4      0 
 20250825    22:28:38       3  18101      4      0 
 20250825    22:28:43       0  18103      4      0 
 20250825    22:28:43       1  18175      4      0 
 20250825    22:28:43       2  18175      4      0 
 20250825    22:28:43       3  18101      4      0 
#Date        Time         gpu     fb   bar1   ccpm 
#YYYYMMDD    HH:MM:SS     Idx     MB     MB     MB 
 20250825    22:28:48       0  18103      4      0 
 20250825    22:28:48       1  18175      4      0 
 20250825    22:28:48       2  18175      4      0 
 20250825    22:28:48       3  18101      4      0 
 20250825    22:28:53       0  18103      4      0 
 20250825    22:28:53       1  18175      4      0 
 20250825    22:28:53       2  18175      4      0 
 20250825    22:28:53       3  18101      4      0 
 20250825    22:28:58       0  18103      4      0 
 20250825    22:28:58       1  18175      4      0 
 20250825    22:28:58       2  18175      4      0 
 20250825    22:28:58       3  18101      4      0 
 20250825    22:29:03       0  18103      4      0 
 20250825    22:29:03       1  18175      4      0 
 20250825    22:29:03       2  18175      4      0 
 20250825    22:29:03       3  18101      4      0 
 20250825    22:29:08       0  18103      4      0 
 20250825    22:29:08       1  18175      4      0 
 20250825    22:29:08       2  18175      4      0 
 20250825    22:29:08       3  18101      4      0 
 20250825    22:29:13       0  18103      4      0 
 20250825    22:29:13       1  18175      4      0 
 20250825    22:29:13       2  18175      4      0 
 20250825    22:29:13       3  18101      4      0 
 20250825    22:29:18       0  18103      4      0 
 20250825    22:29:18       1  18175      4      0 
 20250825    22:29:18       2  18175      4      0 
 20250825    22:29:18       3  18101      4      0 
 20250825    22:29:23       0  18103      4      0 
 20250825    22:29:23       1  18175      4      0 
 20250825    22:29:23       2  18175      4      0 
 20250825    22:29:23       3  18101      4      0 
 20250825    22:29:28       0  18103      4      0 
 20250825    22:29:28       1  18175      4      0 
 20250825    22:29:28       2  18175      4      0 
 20250825    22:29:28       3  18101      4      0 
 20250825    22:29:33       0  18103      4      0 
 20250825    22:29:33       1  18175      4      0 
 20250825    22:29:33       2  18175      4      0 
 20250825    22:29:33       3  18101      4      0 
 20250825    22:29:38       0  18103      4      0 
 20250825    22:29:38       1  18175      4      0 
 20250825    22:29:38       2  18175      4      0 
 20250825    22:29:38       3  18101      4      0 
#Date        Time         gpu     fb   bar1   ccpm 
#YYYYMMDD    HH:MM:SS     Idx     MB     MB     MB 
 20250825    22:29:43       0  18103      4      0 
 20250825    22:29:43       1  18175      4      0 
 20250825    22:29:43       2  18175      4      0 
 20250825    22:29:43       3  18101      4      0 
 20250825    22:29:48       0  18103      4      0 
 20250825    22:29:48       1  18175      4      0 
 20250825    22:29:48       2  18175      4      0 
 20250825    22:29:48       3  18101      4      0 
 20250825    22:29:53       0  18103      4      0 
 20250825    22:29:53       1  18175      4      0 
 20250825    22:29:53       2  18175      4      0 
 20250825    22:29:53       3  18101      4      0 
 20250825    22:29:58       0  18103      4      0 
 20250825    22:29:58       1  18175      4      0 
 20250825    22:29:58       2  18175      4      0 
 20250825    22:29:58       3  18101      4      0 
 20250825    22:30:03       0  18103      4      0 
 20250825    22:30:03       1  18175      4      0 
 20250825    22:30:03       2  18175      4      0 
 20250825    22:30:03       3  18101      4      0 
 20250825    22:30:08       0  18103      4      0 
 20250825    22:30:08       1  18175      4      0 
 20250825    22:30:08       2  18175      4      0 
 20250825    22:30:08       3  18101      4      0 
 20250825    22:30:13       0  18103      4      0 
 20250825    22:30:13       1  18175      4      0 
 20250825    22:30:13       2  18175      4      0 
 20250825    22:30:13       3  18101      4      0 
 20250825    22:30:18       0  18103      4      0 
 20250825    22:30:18       1  18175      4      0 
 20250825    22:30:18       2  18175      4      0 
 20250825    22:30:18       3  18101      4      0 
 20250825    22:30:23       0  18103      4      0 
 20250825    22:30:23       1  18175      4      0 
 20250825    22:30:23       2  18175      4      0 
 20250825    22:30:23       3  18101      4      0 
 20250825    22:30:28       0  18103      4      0 
 20250825    22:30:28       1  18175      4      0 
 20250825    22:30:28       2  18175      4      0 
 20250825    22:30:28       3  18101      4      0 
 20250825    22:30:33       0  18103      4      0 
 20250825    22:30:33       1  18175      4      0 
 20250825    22:30:33       2  18175      4      0 
 20250825    22:30:33       3  18101      4      0 
#Date        Time         gpu     fb   bar1   ccpm 
#YYYYMMDD    HH:MM:SS     Idx     MB     MB     MB 
 20250825    22:30:38       0  18103      4      0 
 20250825    22:30:38       1  18175      4      0 
 20250825    22:30:38       2  18175      4      0 
 20250825    22:30:38       3  18101      4      0 
 20250825    22:30:43       0  18103      4      0 
 20250825    22:30:43       1  18175      4      0 
 20250825    22:30:43       2  18175      4      0 
 20250825    22:30:43       3  18101      4      0 
 20250825    22:30:48       0  18103      4      0 
 20250825    22:30:48       1  18175      4      0 
 20250825    22:30:48       2  18175      4      0 
 20250825    22:30:48       3  18101      4      0 
 20250825    22:30:53       0  18103      4      0 
 20250825    22:30:53       1  18175      4      0 
 20250825    22:30:53       2  18175      4      0 
 20250825    22:30:53       3  18101      4      0 
 20250825    22:30:58       0  18103      4      0 
 20250825    22:30:58       1  18175      4      0 
 20250825    22:30:58       2  18175      4      0 
 20250825    22:30:58       3  18101      4      0 
 20250825    22:31:03       0  18103      4      0 
 20250825    22:31:03       1  18175      4      0 
 20250825    22:31:03       2  18175      4      0 
 20250825    22:31:03       3  18101      4      0 
 20250825    22:31:08       0  18103      4      0 
 20250825    22:31:08       1  18175      4      0 
 20250825    22:31:08       2  18175      4      0 
 20250825    22:31:08       3  18101      4      0 
 20250825    22:31:13       0  18103      4      0 
 20250825    22:31:13       1  18175      4      0 
 20250825    22:31:13       2  18175      4      0 
 20250825    22:31:13       3  18101      4      0 
 20250825    22:31:18       0  18103      4      0 
 20250825    22:31:18       1  18175      4      0 
 20250825    22:31:18       2  18175      4      0 
 20250825    22:31:18       3  18101      4      0 
 20250825    22:31:23       0  18103      4      0 
 20250825    22:31:23       1  18175      4      0 
 20250825    22:31:23       2  18175      4      0 
 20250825    22:31:23       3  18101      4      0 
 20250825    22:31:28       0  18103      4      0 
 20250825    22:31:28       1  18175      4      0 
 20250825    22:31:28       2  18175      4      0 
 20250825    22:31:28       3  18101      4      0 
#Date        Time         gpu     fb   bar1   ccpm 
#YYYYMMDD    HH:MM:SS     Idx     MB     MB     MB 
 20250825    22:31:33       0  18103      4      0 
 20250825    22:31:33       1  18175      4      0 
 20250825    22:31:33       2  18175      4      0 
 20250825    22:31:33       3  18101      4      0 
 20250825    22:31:38       0  18103      4      0 
 20250825    22:31:38       1  18175      4      0 
 20250825    22:31:38       2  18175      4      0 
 20250825    22:31:38       3  18101      4      0 
 20250825    22:31:43       0  18103      4      0 
 20250825    22:31:43       1  18175      4      0 
 20250825    22:31:43       2  18175      4      0 
 20250825    22:31:43       3  18101      4      0 
 20250825    22:31:48       0  18103      4      0 
 20250825    22:31:48       1  18175      4      0 
 20250825    22:31:48       2  18175      4      0 
 20250825    22:31:48       3  18101      4      0 
 20250825    22:31:53       0  18103      4      0 
 20250825    22:31:53       1  18175      4      0 
 20250825    22:31:53       2  18175      4      0 
 20250825    22:31:53       3  18101      4      0 
 20250825    22:31:58       0  18103      4      0 
 20250825    22:31:58       1  18175      4      0 
 20250825    22:31:58       2  18175      4      0 
 20250825    22:31:58       3  18101      4      0 
 20250825    22:32:03       0  18103      4      0 
 20250825    22:32:03       1  18175      4      0 
 20250825    22:32:03       2  18175      4      0 
 20250825    22:32:03       3  18101      4      0 
 20250825    22:32:08       0  18103      4      0 
 20250825    22:32:08       1  18175      4      0 
 20250825    22:32:08       2  18175      4      0 
 20250825    22:32:08       3  18101      4      0 
 20250825    22:32:13       0  18103      4      0 
 20250825    22:32:13       1  18175      4      0 
 20250825    22:32:13       2  18175      4      0 
 20250825    22:32:13       3  18101      4      0 
 20250825    22:32:18       0  18103      4      0 
 20250825    22:32:18       1  18175      4      0 
 20250825    22:32:18       2  18175      4      0 
 20250825    22:32:18       3  18101      4      0 
 20250825    22:32:23       0  18103      4      0 
 20250825    22:32:23       1  18175      4      0 
 20250825    22:32:23       2  18175      4      0 
 20250825    22:32:23       3  18101      4      0 
#Date        Time         gpu     fb   bar1   ccpm 
#YYYYMMDD    HH:MM:SS     Idx     MB     MB     MB 
 20250825    22:32:28       0  18103      4      0 
 20250825    22:32:28       1  18175      4      0 
 20250825    22:32:28       2  18175      4      0 
 20250825    22:32:28       3  18101      4      0 
 20250825    22:32:33       0  18103      4      0 
 20250825    22:32:33       1  18175      4      0 
 20250825    22:32:33       2  18175      4      0 
 20250825    22:32:33       3  18101      4      0 
 20250825    22:32:38       0  18103      4      0 
 20250825    22:32:38       1  18175      4      0 
 20250825    22:32:38       2  18175      4      0 
 20250825    22:32:38       3  18101      4      0 
 20250825    22:32:43       0  18103      4      0 
 20250825    22:32:43       1  18175      4      0 
 20250825    22:32:43       2  18175      4      0 
 20250825    22:32:43       3  18101      4      0 
 20250825    22:32:48       0  18103      4      0 
 20250825    22:32:48       1  18175      4      0 
 20250825    22:32:48       2  18175      4      0 
 20250825    22:32:48       3  18101      4      0 
 20250825    22:32:53       0  18103      4      0 
 20250825    22:32:53       1  18175      4      0 
 20250825    22:32:53       2  18175      4      0 
 20250825    22:32:53       3  18101      4      0 
 20250825    22:32:58       0  18103      4      0 
 20250825    22:32:58       1  18175      4      0 
 20250825    22:32:58       2  18175      4      0 
 20250825    22:32:58       3  18101      4      0 
 20250825    22:33:03       0  18103      4      0 
 20250825    22:33:03       1  18175      4      0 
 20250825    22:33:03       2  18175      4      0 
 20250825    22:33:03       3  18101      4      0 
 20250825    22:33:08       0  18103      4      0 
 20250825    22:33:08       1  18175      4      0 
 20250825    22:33:08       2  18175      4      0 
 20250825    22:33:08       3  18101      4      0 
 20250825    22:33:13       0  18103      4      0 
 20250825    22:33:13       1  18175      4      0 
 20250825    22:33:13       2  18175      4      0 
 20250825    22:33:13       3  18101      4      0 
 20250825    22:33:18       0  18103      4      0 
 20250825    22:33:18       1  18175      4      0 
 20250825    22:33:18       2  18175      4      0 
 20250825    22:33:18       3  18101      4      0 
#Date        Time         gpu     fb   bar1   ccpm 
#YYYYMMDD    HH:MM:SS     Idx     MB     MB     MB 
 20250825    22:33:23       0  18103      4      0 
 20250825    22:33:23       1  18175      4      0 
 20250825    22:33:23       2  18175      4      0 
 20250825    22:33:23       3  18101      4      0 
 20250825    22:33:28       0  18103      4      0 
 20250825    22:33:28       1  18175      4      0 
 20250825    22:33:28       2  18175      4      0 
 20250825    22:33:28       3  18101      4      0 
 20250825    22:33:33       0  18103      4      0 
 20250825    22:33:33       1  18175      4      0 
 20250825    22:33:33       2  18175      4      0 
 20250825    22:33:33       3  18101      4      0 
 20250825    22:33:38       0  18103      4      0 
 20250825    22:33:38       1  18175      4      0 
 20250825    22:33:38       2  18175      4      0 
 20250825    22:33:38       3  18101      4      0 
 20250825    22:33:43       0  18103      4      0 
 20250825    22:33:43       1  18175      4      0 
 20250825    22:33:43       2  18175      4      0 
 20250825    22:33:43       3  18101      4      0 
 20250825    22:33:48       0  18103      4      0 
 20250825    22:33:48       1  18175      4      0 
 20250825    22:33:48       2  18175      4      0 
 20250825    22:33:48       3  18101      4      0 
 20250825    22:33:53       0  18103      4      0 
 20250825    22:33:53       1  18175      4      0 
 20250825    22:33:53       2  18175      4      0 
 20250825    22:33:53       3  18101      4      0 
 20250825    22:33:58       0  18103      4      0 
 20250825    22:33:58       1  18175      4      0 
 20250825    22:33:58       2  18175      4      0 
 20250825    22:33:58       3  18101      4      0 
 20250825    22:34:03       0  18103      4      0 
 20250825    22:34:03       1  18175      4      0 
 20250825    22:34:03       2  18175      4      0 
 20250825    22:34:03       3  18101      4      0 
 20250825    22:34:08       0  18103      4      0 
 20250825    22:34:08       1  18175      4      0 
 20250825    22:34:08       2  18175      4      0 
 20250825    22:34:08       3  18101      4      0 
 20250825    22:34:13       0  18103      4      0 
 20250825    22:34:13       1  18175      4      0 
 20250825    22:34:13       2  18175      4      0 
 20250825    22:34:13       3  18101      4      0 
#Date        Time         gpu     fb   bar1   ccpm 
#YYYYMMDD    HH:MM:SS     Idx     MB     MB     MB 
 20250825    22:34:18       0  18103      4      0 
 20250825    22:34:18       1  18175      4      0 
 20250825    22:34:18       2  18175      4      0 
 20250825    22:34:18       3  18101      4      0 
 20250825    22:34:23       0  18103      4      0 
 20250825    22:34:23       1  18175      4      0 
 20250825    22:34:23       2  18175      4      0 
 20250825    22:34:23       3  18101      4      0 
 20250825    22:34:28       0  18103      4      0 
 20250825    22:34:28       1  18175      4      0 
 20250825    22:34:28       2  18175      4      0 
 20250825    22:34:28       3  18101      4      0 
 20250825    22:34:33       0  18103      4      0 
 20250825    22:34:33       1  18175      4      0 
 20250825    22:34:33       2  18175      4      0 
 20250825    22:34:33       3  18101      4      0 
 20250825    22:34:38       0  18103      4      0 
 20250825    22:34:38       1  18175      4      0 
 20250825    22:34:38       2  18175      4      0 
 20250825    22:34:38       3  18101      4      0 
 20250825    22:34:43       0  18103      4      0 
 20250825    22:34:43       1  18175      4      0 
 20250825    22:34:43       2  18175      4      0 
 20250825    22:34:43       3  18101      4      0 
 20250825    22:34:48       0  18103      4      0 
 20250825    22:34:48       1  18175      4      0 
 20250825    22:34:48       2  18175      4      0 
 20250825    22:34:48       3  18101      4      0 
 20250825    22:34:54       0  18103      4      0 
 20250825    22:34:54       1  18175      4      0 
 20250825    22:34:54       2  18175      4      0 
 20250825    22:34:54       3  18101      4      0 
 20250825    22:34:59       0  18103      4      0 
 20250825    22:34:59       1  18175      4      0 
 20250825    22:34:59       2  18175      4      0 
 20250825    22:34:59       3  18101      4      0 
 20250825    22:35:04       0  18103      4      0 
 20250825    22:35:04       1  18175      4      0 
 20250825    22:35:04       2  18175      4      0 
 20250825    22:35:04       3  18101      4      0 
 20250825    22:35:09       0  18103      4      0 
 20250825    22:35:09       1  18175      4      0 
 20250825    22:35:09       2  18175      4      0 
 20250825    22:35:09       3  18101      4      0 
#Date        Time         gpu     fb   bar1   ccpm 
#YYYYMMDD    HH:MM:SS     Idx     MB     MB     MB 
 20250825    22:35:14       0  18103      4      0 
 20250825    22:35:14       1  18175      4      0 
 20250825    22:35:14       2  18175      4      0 
 20250825    22:35:14       3  18101      4      0 
 20250825    22:35:19       0  18103      4      0 
 20250825    22:35:19       1  18175      4      0 
 20250825    22:35:19       2  18175      4      0 
 20250825    22:35:19       3  18101      4      0 
 20250825    22:35:24       0  18103      4      0 
 20250825    22:35:24       1  18175      4      0 
 20250825    22:35:24       2  18175      4      0 
 20250825    22:35:24       3  18101      4      0 
 20250825    22:35:29       0  18103      4      0 
 20250825    22:35:29       1  18175      4      0 
 20250825    22:35:29       2  18175      4      0 
 20250825    22:35:29       3  18101      4      0 
 20250825    22:35:34       0  18103      4      0 
 20250825    22:35:34       1  18175      4      0 
 20250825    22:35:34       2  18175      4      0 
 20250825    22:35:34       3  18101      4      0 
 20250825    22:35:39       0  18103      4      0 
 20250825    22:35:39       1  18175      4      0 
 20250825    22:35:39       2  18175      4      0 
 20250825    22:35:39       3  18101      4      0 
 20250825    22:35:44       0  18103      4      0 
 20250825    22:35:44       1  18175      4      0 
 20250825    22:35:44       2  18175      4      0 
 20250825    22:35:44       3  18101      4      0 
 20250825    22:35:49       0  18103      4      0 
 20250825    22:35:49       1  18175      4      0 
 20250825    22:35:49       2  18175      4      0 
 20250825    22:35:49       3  18101      4      0 
 20250825    22:35:54       0  18103      4      0 
 20250825    22:35:54       1  18175      4      0 
 20250825    22:35:54       2  18175      4      0 
 20250825    22:35:54       3  18101      4      0 
 20250825    22:35:59       0  18103      4      0 
 20250825    22:35:59       1  18175      4      0 
 20250825    22:35:59       2  18175      4      0 
 20250825    22:35:59       3  18101      4      0 
 20250825    22:36:04       0  18103      4      0 
 20250825    22:36:04       1  18175      4      0 
 20250825    22:36:04       2  18175      4      0 
 20250825    22:36:04       3  18101      4      0 
#Date        Time         gpu     fb   bar1   ccpm 
#YYYYMMDD    HH:MM:SS     Idx     MB     MB     MB 
 20250825    22:36:09       0  18103      4      0 
 20250825    22:36:09       1  18175      4      0 
 20250825    22:36:09       2  18175      4      0 
 20250825    22:36:09       3  18101      4      0 
 20250825    22:36:14       0  18103      4      0 
 20250825    22:36:14       1  18175      4      0 
 20250825    22:36:14       2  18175      4      0 
 20250825    22:36:14       3  18101      4      0 
 20250825    22:36:19       0  18103      4      0 
 20250825    22:36:19       1  18175      4      0 
 20250825    22:36:19       2  18175      4      0 
 20250825    22:36:19       3  18101      4      0 
 20250825    22:36:24       0  18103      4      0 
 20250825    22:36:24       1  18175      4      0 
 20250825    22:36:24       2  18175      4      0 
 20250825    22:36:24       3  18101      4      0 
 20250825    22:36:29       0  18103      4      0 
 20250825    22:36:29       1  18175      4      0 
 20250825    22:36:29       2  18175      4      0 
 20250825    22:36:29       3  18101      4      0 
 20250825    22:36:34       0  18103      4      0 
 20250825    22:36:34       1  18175      4      0 
 20250825    22:36:34       2  18175      4      0 
 20250825    22:36:34       3  18101      4      0 
 20250825    22:36:39       0  18103      4      0 
 20250825    22:36:39       1  18175      4      0 
 20250825    22:36:39       2  18175      4      0 
 20250825    22:36:39       3  18101      4      0 
 20250825    22:36:44       0  17101      4      0 
 20250825    22:36:44       1  17083      4      0 
 20250825    22:36:44       2  17083      4      0 
 20250825    22:36:44       3  17099      4      0 
 20250825    22:36:49       0      4      2      0 
 20250825    22:36:49       1      4      2      0 
 20250825    22:36:49       2      4      2      0 
 20250825    22:36:49       3      4      2      0 
